direction,group_rank,global_rank,input_shape,input_size_mb,output_shape,output_size_mb,output_split_sizes,input_split_sizes
forward,0,0,"[8192, 4096]",64.0,"[2880, 4096]",22.5,[182 162 181 158 153  98 229 173 305 193 105 214 148 209 185 185],[182 457 838 155 843 312 811 706 221 599 499 653 541  70 626 679]
forward,1,1,"[8192, 4096]",64.0,"[7303, 4096]",57.0546875,[457 407 438 414 420 301 436 384 722 651 444 486 342 512 440 449],[162 407 769 186 656 422 837 745 305 471 748 543 615 147 534 645]
forward,2,2,"[8192, 4096]",64.0,"[12439, 4096]",97.1796875,"[ 838  769  426  871  991  840  468  715  616  657  897  664  916  658
 1029 1084]","[ 181  438  426  147  565  432  666 1015  294  383  765  602  702   92
  469 1015]"
forward,3,3,"[8192, 4096]",64.0,"[2419, 4096]",18.8984375,[155 186 147  99 112 162 186 152 147 110 157 199 156 200 151 100],[158 414 871  99 731 272 823 778 179 576 615 660 604  83 643 686]
forward,4,4,"[8192, 4096]",64.0,"[10931, 4096]",85.3984375,[843 656 565 731 834 677 581 561 801 627 760 594 700 608 673 720],[153 420 991 112 834 281 745 656 205 632 605 605 422 160 761 610]
forward,5,5,"[8192, 4096]",64.0,"[5218, 4096]",40.765625,[312 422 432 272 281 250 378 347 204 302 374 238 389 394 305 318],[ 98 301 840 162 677 250 991 877 226 413 951 648 624  37 473 624]
forward,6,6,"[8192, 4096]",64.0,"[12284, 4096]",95.96875,[811 837 666 823 745 991 641 795 514 730 747 885 865 672 773 789],[229 436 468 186 581 378 641 895 308 540 782 633 587  92 582 854]
forward,7,7,"[8192, 4096]",64.0,"[12069, 4096]",94.2890625,"[ 706  745 1015  778  656  877  895  926  654  595  788  702  806  608
  645  673]",[173 384 715 152 561 347 795 926 234 457 924 577 553 139 515 740]
forward,8,8,"[8192, 4096]",64.0,"[3863, 4096]",30.1796875,[221 305 294 179 205 226 308 234 195 203 238 217 270 301 258 209],[305 722 616 147 801 204 514 654 195 833 405 688 573  56 712 767]
forward,9,9,"[8192, 4096]",64.0,"[9054, 4096]",70.734375,[599 471 383 576 632 413 540 457 833 699 532 592 451 725 610 541],[193 651 657 110 627 302 730 595 203 699 605 696 481 118 786 739]
forward,10,10,"[8192, 4096]",64.0,"[10988, 4096]",85.84375,[499 748 765 615 605 951 782 924 405 605 720 873 742 605 532 617],[105 444 897 157 760 374 747 788 238 532 720 658 553  66 632 521]
forward,11,11,"[8192, 4096]",64.0,"[10066, 4096]",78.640625,[653 543 602 660 605 648 633 577 688 696 658 583 677 606 572 665],[214 486 664 199 594 238 885 702 217 592 873 583 481 169 611 684]
forward,12,12,"[8192, 4096]",64.0,"[8688, 4096]",67.875,[541 615 702 604 422 624 587 553 573 481 553 481 509 503 477 463],[148 342 916 156 700 389 865 806 270 451 742 677 509 144 468 609]
forward,13,13,"[8192, 4096]",64.0,"[1913, 4096]",14.9453125,[ 70 147  92  83 160  37  92 139  56 118  66 169 144 229 171 140],[209 512 658 200 608 394 672 608 301 725 605 606 503 229 623 739]
forward,14,14,"[8192, 4096]",64.0,"[9777, 4096]",76.3828125,[626 534 469 643 761 473 582 515 712 786 632 611 468 623 677 665],"[ 185  440 1029  151  673  305  773  645  258  610  532  572  477  171
  677  694]"
forward,15,15,"[8192, 4096]",64.0,"[11180, 4096]",87.34375,"[ 679  645 1015  686  610  624  854  740  767  739  521  684  609  739
  694  574]","[ 185  449 1084  100  720  318  789  673  209  541  617  665  463  140
  665  574]"
forward,0,0,"[2880, 4096]",22.5,"[8192, 4096]",64.0,[182 457 838 155 843 312 811 706 221 599 499 653 541  70 626 679],[182 162 181 158 153  98 229 173 305 193 105 214 148 209 185 185]
forward,1,1,"[7303, 4096]",57.0546875,"[8192, 4096]",64.0,[162 407 769 186 656 422 837 745 305 471 748 543 615 147 534 645],[457 407 438 414 420 301 436 384 722 651 444 486 342 512 440 449]
forward,2,2,"[12439, 4096]",97.1796875,"[8192, 4096]",64.0,"[ 181  438  426  147  565  432  666 1015  294  383  765  602  702   92
  469 1015]","[ 838  769  426  871  991  840  468  715  616  657  897  664  916  658
 1029 1084]"
forward,3,3,"[2419, 4096]",18.8984375,"[8192, 4096]",64.0,[158 414 871  99 731 272 823 778 179 576 615 660 604  83 643 686],[155 186 147  99 112 162 186 152 147 110 157 199 156 200 151 100]
forward,4,4,"[10931, 4096]",85.3984375,"[8192, 4096]",64.0,[153 420 991 112 834 281 745 656 205 632 605 605 422 160 761 610],[843 656 565 731 834 677 581 561 801 627 760 594 700 608 673 720]
forward,5,5,"[5218, 4096]",40.765625,"[8192, 4096]",64.0,[ 98 301 840 162 677 250 991 877 226 413 951 648 624  37 473 624],[312 422 432 272 281 250 378 347 204 302 374 238 389 394 305 318]
forward,6,6,"[12284, 4096]",95.96875,"[8192, 4096]",64.0,[229 436 468 186 581 378 641 895 308 540 782 633 587  92 582 854],[811 837 666 823 745 991 641 795 514 730 747 885 865 672 773 789]
forward,7,7,"[12069, 4096]",94.2890625,"[8192, 4096]",64.0,[173 384 715 152 561 347 795 926 234 457 924 577 553 139 515 740],"[ 706  745 1015  778  656  877  895  926  654  595  788  702  806  608
  645  673]"
forward,8,8,"[3863, 4096]",30.1796875,"[8192, 4096]",64.0,[305 722 616 147 801 204 514 654 195 833 405 688 573  56 712 767],[221 305 294 179 205 226 308 234 195 203 238 217 270 301 258 209]
forward,9,9,"[9054, 4096]",70.734375,"[8192, 4096]",64.0,[193 651 657 110 627 302 730 595 203 699 605 696 481 118 786 739],[599 471 383 576 632 413 540 457 833 699 532 592 451 725 610 541]
forward,10,10,"[10988, 4096]",85.84375,"[8192, 4096]",64.0,[105 444 897 157 760 374 747 788 238 532 720 658 553  66 632 521],[499 748 765 615 605 951 782 924 405 605 720 873 742 605 532 617]
forward,11,11,"[10066, 4096]",78.640625,"[8192, 4096]",64.0,[214 486 664 199 594 238 885 702 217 592 873 583 481 169 611 684],[653 543 602 660 605 648 633 577 688 696 658 583 677 606 572 665]
forward,12,12,"[8688, 4096]",67.875,"[8192, 4096]",64.0,[148 342 916 156 700 389 865 806 270 451 742 677 509 144 468 609],[541 615 702 604 422 624 587 553 573 481 553 481 509 503 477 463]
forward,13,13,"[1913, 4096]",14.9453125,"[8192, 4096]",64.0,[209 512 658 200 608 394 672 608 301 725 605 606 503 229 623 739],[ 70 147  92  83 160  37  92 139  56 118  66 169 144 229 171 140]
forward,14,14,"[9777, 4096]",76.3828125,"[8192, 4096]",64.0,"[ 185  440 1029  151  673  305  773  645  258  610  532  572  477  171
  677  694]",[626 534 469 643 761 473 582 515 712 786 632 611 468 623 677 665]
forward,15,15,"[11180, 4096]",87.34375,"[8192, 4096]",64.0,"[ 185  449 1084  100  720  318  789  673  209  541  617  665  463  140
  665  574]","[ 679  645 1015  686  610  624  854  740  767  739  521  684  609  739
  694  574]"
forward,0,0,"[8192, 4096]",64.0,"[9601, 4096]",75.0078125,[714 623 556 664 700 533 523 586 462 582 609 480 674 731 651 513],[714 645 701 313 267 370 497 691 739 283 644 362 506 550 552 358]
forward,1,1,"[8192, 4096]",64.0,"[9330, 4096]",72.890625,[645 618 688 606 550 508 617 433 754 593 769 470 548 526 509 496],[623 618 576 501 548 382 622 528 578 334 585 457 481 485 453 421]
forward,2,2,"[8192, 4096]",64.0,"[9425, 4096]",73.6328125,[701 576 678 674 485 598 690 502 774 663 602 489 573 476 516 428],[556 688 678 469 395 346 477 592 662 390 535 365 473 399 564 603]
forward,3,3,"[8192, 4096]",64.0,"[6447, 4096]",50.3671875,[313 501 469 363 326 393 509 407 269 291 501 392 446 443 399 425],[664 606 674 363 312 387 567 620 590 315 560 416 496 506 633 483]
forward,4,4,"[8192, 4096]",64.0,"[6591, 4096]",51.4921875,[267 548 395 312 372 298 437 376 175 385 394 481 587 609 400 555],[700 550 485 326 372 368 675 616 520 519 544 394 471 515 592 545]
forward,5,5,"[8192, 4096]",64.0,"[6518, 4096]",50.921875,[370 382 346 387 368 301 391 342 403 458 413 434 488 491 427 517],[533 508 598 393 298 301 701 606 447 708 635 453 412 390 531 678]
forward,6,6,"[8192, 4096]",64.0,"[9440, 4096]",73.75,[497 622 477 567 675 701 531 687 587 458 589 592 520 563 682 692],[523 617 690 509 437 391 531 561 696 429 537 370 444 390 621 446]
forward,7,7,"[8192, 4096]",64.0,"[9615, 4096]",75.1171875,[691 528 592 620 616 606 561 492 679 768 598 595 538 570 571 590],[586 433 502 407 376 342 687 492 514 801 494 450 493 411 547 657]
forward,8,8,"[8192, 4096]",64.0,"[9269, 4096]",72.4140625,[739 578 662 590 520 447 696 514 803 666 471 520 548 568 536 411],[462 754 774 269 175 403 587 679 803 260 427 402 565 650 681 301]
forward,9,9,"[8192, 4096]",64.0,"[7128, 4096]",55.6875,[283 334 390 315 519 708 429 801 260 312 349 703 365 445 374 541],[582 593 663 291 385 458 458 768 666 312 560 481 463 422 586 504]
forward,10,10,"[8192, 4096]",64.0,"[9342, 4096]",72.984375,[644 585 535 560 544 635 537 494 427 560 633 565 771 628 646 578],[609 769 602 501 394 413 589 598 471 349 633 438 383 461 586 396]
forward,11,11,"[8192, 4096]",64.0,"[6773, 4096]",52.9140625,[362 457 365 416 394 453 370 450 402 481 438 466 339 417 469 494],[480 470 489 392 481 434 592 595 520 703 565 466 493 439 536 537]
forward,12,12,"[8192, 4096]",64.0,"[7469, 4096]",58.3515625,[506 481 473 496 471 412 444 493 565 463 383 493 448 377 481 483],[674 548 573 446 587 488 520 538 548 365 771 339 448 419 511 417]
forward,13,13,"[8192, 4096]",64.0,"[7505, 4096]",58.6328125,[550 485 399 506 515 390 390 411 650 422 461 439 419 393 575 500],[731 526 476 443 609 491 563 570 568 445 628 417 377 393 551 404]
forward,14,14,"[8192, 4096]",64.0,"[8990, 4096]",70.234375,[552 453 564 633 592 531 621 547 681 586 586 536 511 551 559 487],[651 509 516 399 400 427 682 571 536 374 646 469 481 575 559 397]
forward,15,15,"[8192, 4096]",64.0,"[7629, 4096]",59.6015625,[358 421 603 483 545 678 446 657 301 504 396 537 417 404 397 482],[513 496 428 425 555 517 692 590 411 541 578 494 483 500 487 482]
forward,0,0,[8192],0.015625,[9601],0.018312454223632812,[714 623 556 664 700 533 523 586 462 582 609 480 674 731 651 513],[714 645 701 313 267 370 497 691 739 283 644 362 506 550 552 358]
forward,1,1,[8192],0.015625,[9330],0.017795562744140625,[645 618 688 606 550 508 617 433 754 593 769 470 548 526 509 496],[623 618 576 501 548 382 622 528 578 334 585 457 481 485 453 421]
forward,2,2,[8192],0.015625,[9425],0.017976760864257812,[701 576 678 674 485 598 690 502 774 663 602 489 573 476 516 428],[556 688 678 469 395 346 477 592 662 390 535 365 473 399 564 603]
forward,3,3,[8192],0.015625,[6447],0.012296676635742188,[313 501 469 363 326 393 509 407 269 291 501 392 446 443 399 425],[664 606 674 363 312 387 567 620 590 315 560 416 496 506 633 483]
forward,4,4,[8192],0.015625,[6591],0.012571334838867188,[267 548 395 312 372 298 437 376 175 385 394 481 587 609 400 555],[700 550 485 326 372 368 675 616 520 519 544 394 471 515 592 545]
forward,5,5,[8192],0.015625,[6518],0.012432098388671875,[370 382 346 387 368 301 391 342 403 458 413 434 488 491 427 517],[533 508 598 393 298 301 701 606 447 708 635 453 412 390 531 678]
forward,6,6,[8192],0.015625,[9440],0.01800537109375,[497 622 477 567 675 701 531 687 587 458 589 592 520 563 682 692],[523 617 690 509 437 391 531 561 696 429 537 370 444 390 621 446]
forward,7,7,[8192],0.015625,[9615],0.018339157104492188,[691 528 592 620 616 606 561 492 679 768 598 595 538 570 571 590],[586 433 502 407 376 342 687 492 514 801 494 450 493 411 547 657]
forward,8,8,[8192],0.015625,[9269],0.017679214477539062,[739 578 662 590 520 447 696 514 803 666 471 520 548 568 536 411],[462 754 774 269 175 403 587 679 803 260 427 402 565 650 681 301]
forward,9,9,[8192],0.015625,[7128],0.0135955810546875,[283 334 390 315 519 708 429 801 260 312 349 703 365 445 374 541],[582 593 663 291 385 458 458 768 666 312 560 481 463 422 586 504]
forward,10,10,[8192],0.015625,[9342],0.017818450927734375,[644 585 535 560 544 635 537 494 427 560 633 565 771 628 646 578],[609 769 602 501 394 413 589 598 471 349 633 438 383 461 586 396]
forward,11,11,[8192],0.015625,[6773],0.012918472290039062,[362 457 365 416 394 453 370 450 402 481 438 466 339 417 469 494],[480 470 489 392 481 434 592 595 520 703 565 466 493 439 536 537]
forward,12,12,[8192],0.015625,[7469],0.014245986938476562,[506 481 473 496 471 412 444 493 565 463 383 493 448 377 481 483],[674 548 573 446 587 488 520 538 548 365 771 339 448 419 511 417]
forward,13,13,[8192],0.015625,[7505],0.014314651489257812,[550 485 399 506 515 390 390 411 650 422 461 439 419 393 575 500],[731 526 476 443 609 491 563 570 568 445 628 417 377 393 551 404]
forward,14,14,[8192],0.015625,[8990],0.017147064208984375,[552 453 564 633 592 531 621 547 681 586 586 536 511 551 559 487],[651 509 516 399 400 427 682 571 536 374 646 469 481 575 559 397]
forward,15,15,[8192],0.015625,[7629],0.014551162719726562,[358 421 603 483 545 678 446 657 301 504 396 537 417 404 397 482],[513 496 428 425 555 517 692 590 411 541 578 494 483 500 487 482]
forward,0,0,"[9601, 4096]",75.0078125,"[8192, 4096]",64.0,[714 645 701 313 267 370 497 691 739 283 644 362 506 550 552 358],[714 623 556 664 700 533 523 586 462 582 609 480 674 731 651 513]
forward,1,1,"[9330, 4096]",72.890625,"[8192, 4096]",64.0,[623 618 576 501 548 382 622 528 578 334 585 457 481 485 453 421],[645 618 688 606 550 508 617 433 754 593 769 470 548 526 509 496]
forward,2,2,"[9425, 4096]",73.6328125,"[8192, 4096]",64.0,[556 688 678 469 395 346 477 592 662 390 535 365 473 399 564 603],[701 576 678 674 485 598 690 502 774 663 602 489 573 476 516 428]
forward,3,3,"[6447, 4096]",50.3671875,"[8192, 4096]",64.0,[664 606 674 363 312 387 567 620 590 315 560 416 496 506 633 483],[313 501 469 363 326 393 509 407 269 291 501 392 446 443 399 425]
forward,4,4,"[6591, 4096]",51.4921875,"[8192, 4096]",64.0,[700 550 485 326 372 368 675 616 520 519 544 394 471 515 592 545],[267 548 395 312 372 298 437 376 175 385 394 481 587 609 400 555]
forward,5,5,"[6518, 4096]",50.921875,"[8192, 4096]",64.0,[533 508 598 393 298 301 701 606 447 708 635 453 412 390 531 678],[370 382 346 387 368 301 391 342 403 458 413 434 488 491 427 517]
forward,6,6,"[9440, 4096]",73.75,"[8192, 4096]",64.0,[523 617 690 509 437 391 531 561 696 429 537 370 444 390 621 446],[497 622 477 567 675 701 531 687 587 458 589 592 520 563 682 692]
forward,7,7,"[9615, 4096]",75.1171875,"[8192, 4096]",64.0,[586 433 502 407 376 342 687 492 514 801 494 450 493 411 547 657],[691 528 592 620 616 606 561 492 679 768 598 595 538 570 571 590]
forward,8,8,"[9269, 4096]",72.4140625,"[8192, 4096]",64.0,[462 754 774 269 175 403 587 679 803 260 427 402 565 650 681 301],[739 578 662 590 520 447 696 514 803 666 471 520 548 568 536 411]
forward,9,9,"[7128, 4096]",55.6875,"[8192, 4096]",64.0,[582 593 663 291 385 458 458 768 666 312 560 481 463 422 586 504],[283 334 390 315 519 708 429 801 260 312 349 703 365 445 374 541]
forward,10,10,"[9342, 4096]",72.984375,"[8192, 4096]",64.0,[609 769 602 501 394 413 589 598 471 349 633 438 383 461 586 396],[644 585 535 560 544 635 537 494 427 560 633 565 771 628 646 578]
forward,11,11,"[6773, 4096]",52.9140625,"[8192, 4096]",64.0,[480 470 489 392 481 434 592 595 520 703 565 466 493 439 536 537],[362 457 365 416 394 453 370 450 402 481 438 466 339 417 469 494]
forward,12,12,"[7469, 4096]",58.3515625,"[8192, 4096]",64.0,[674 548 573 446 587 488 520 538 548 365 771 339 448 419 511 417],[506 481 473 496 471 412 444 493 565 463 383 493 448 377 481 483]
forward,13,13,"[7505, 4096]",58.6328125,"[8192, 4096]",64.0,[731 526 476 443 609 491 563 570 568 445 628 417 377 393 551 404],[550 485 399 506 515 390 390 411 650 422 461 439 419 393 575 500]
forward,14,14,"[8990, 4096]",70.234375,"[8192, 4096]",64.0,[651 509 516 399 400 427 682 571 536 374 646 469 481 575 559 397],[552 453 564 633 592 531 621 547 681 586 586 536 511 551 559 487]
forward,15,15,"[7629, 4096]",59.6015625,"[8192, 4096]",64.0,[513 496 428 425 555 517 692 590 411 541 578 494 483 500 487 482],[358 421 603 483 545 678 446 657 301 504 396 537 417 404 397 482]
forward,0,0,"[8192, 4096]",64.0,"[7874, 4096]",61.515625,[505 567 623 403 419 539 443 476 308 422 788 449 531 568 412 421],[505 341 294 582 644 839 341 567 260 649 510 312 571 526 621 630]
forward,1,1,"[8192, 4096]",64.0,"[7271, 4096]",56.8046875,[341 401 918 466 371 492 581 440 443 342 716 382 356 260 424 338],[567 401 413 582 541 915 456 488 400 458 377 540 451 604 411 588]
forward,2,2,"[8192, 4096]",64.0,"[7369, 4096]",57.5703125,[294 413 606 392 363 825 647 535 267 351 669 517 564 250 327 349],[623 918 606 612 723 567 423 426 287 452 296 240 467 477 469 606]
forward,3,3,"[8192, 4096]",64.0,"[9501, 4096]",74.2265625,[582 582 612 529 624 483 643 529 799 689 575 578 496 747 505 528],[403 466 392 529 660 842 331 627 287 565 449 299 477 627 569 669]
forward,4,4,"[8192, 4096]",64.0,"[9838, 4096]",76.859375,[644 541 723 660 566 642 657 553 837 702 575 569 568 489 508 604],[419 371 363 624 566 675 320 576 335 446 555 554 572 554 586 676]
forward,5,5,"[8192, 4096]",64.0,"[11242, 4096]",87.828125,[839 915 567 842 675 635 641 714 575 695 397 625 958 622 770 772],[539 492 825 483 642 635 300 480 356 497 352 400 457 612 577 545]
forward,6,6,"[8192, 4096]",64.0,"[6055, 4096]",47.3046875,[341 456 423 331 320 300 460 345 286 274 385 383 436 546 426 343],[443 581 647 643 657 641 460 574 365 479 365 304 538 444 492 559]
forward,7,7,"[8192, 4096]",64.0,"[8476, 4096]",66.21875,[567 488 426 627 576 480 574 448 768 542 454 521 392 548 619 446],[476 440 535 529 553 714 345 448 456 321 468 586 429 535 632 725]
forward,8,8,"[8192, 4096]",64.0,"[5374, 4096]",41.984375,[260 400 287 287 335 356 365 456 185 343 282 418 373 419 259 349],[308 443 267 799 837 575 286 768 185 617 581 188 735 579 591 433]
forward,9,9,"[8192, 4096]",64.0,"[8019, 4096]",62.6484375,[649 458 452 565 446 497 479 321 617 561 584 448 450 495 515 482],[422 342 351 689 702 695 274 542 343 561 646 362 650 559 458 596]
forward,10,10,"[8192, 4096]",64.0,"[7731, 4096]",60.3984375,[510 377 296 449 555 352 365 468 581 646 368 563 372 753 515 561],[788 716 669 575 575 397 385 454 282 584 368 359 520 619 479 422]
forward,11,11,"[8192, 4096]",64.0,"[6657, 4096]",52.0078125,[312 540 240 299 554 400 304 586 188 362 359 527 511 481 488 506],[449 382 517 578 569 625 383 521 418 448 563 527 535 509 588 580]
forward,12,12,"[8192, 4096]",64.0,"[8253, 4096]",64.4765625,[571 451 467 477 572 457 538 429 735 650 520 535 450 401 540 460],[531 356 564 496 568 958 436 392 373 450 372 511 450 566 598 571]
forward,13,13,"[8192, 4096]",64.0,"[8970, 4096]",70.078125,[526 604 477 627 554 612 444 535 579 559 619 509 566 475 569 715],[568 260 250 747 489 622 546 548 419 495 753 481 401 475 503 635]
forward,14,14,"[8192, 4096]",64.0,"[8924, 4096]",69.71875,[621 411 469 569 586 577 492 632 591 458 479 588 598 503 698 652],[412 424 327 505 508 770 426 619 259 515 515 488 540 569 698 617]
forward,15,15,"[8192, 4096]",64.0,"[9518, 4096]",74.359375,[630 588 606 669 676 545 559 725 433 596 422 580 571 635 617 666],[421 338 349 528 604 772 343 446 349 482 561 506 460 715 652 666]
forward,0,0,[8192],0.015625,[7874],0.015018463134765625,[505 567 623 403 419 539 443 476 308 422 788 449 531 568 412 421],[505 341 294 582 644 839 341 567 260 649 510 312 571 526 621 630]
forward,1,1,[8192],0.015625,[7271],0.013868331909179688,[341 401 918 466 371 492 581 440 443 342 716 382 356 260 424 338],[567 401 413 582 541 915 456 488 400 458 377 540 451 604 411 588]
forward,2,2,[8192],0.015625,[7369],0.014055252075195312,[294 413 606 392 363 825 647 535 267 351 669 517 564 250 327 349],[623 918 606 612 723 567 423 426 287 452 296 240 467 477 469 606]
forward,3,3,[8192],0.015625,[9501],0.018121719360351562,[582 582 612 529 624 483 643 529 799 689 575 578 496 747 505 528],[403 466 392 529 660 842 331 627 287 565 449 299 477 627 569 669]
forward,4,4,[8192],0.015625,[9838],0.018764495849609375,[644 541 723 660 566 642 657 553 837 702 575 569 568 489 508 604],[419 371 363 624 566 675 320 576 335 446 555 554 572 554 586 676]
forward,5,5,[8192],0.015625,[11242],0.021442413330078125,[839 915 567 842 675 635 641 714 575 695 397 625 958 622 770 772],[539 492 825 483 642 635 300 480 356 497 352 400 457 612 577 545]
forward,6,6,[8192],0.015625,[6055],0.011548995971679688,[341 456 423 331 320 300 460 345 286 274 385 383 436 546 426 343],[443 581 647 643 657 641 460 574 365 479 365 304 538 444 492 559]
forward,7,7,[8192],0.015625,[8476],0.01616668701171875,[567 488 426 627 576 480 574 448 768 542 454 521 392 548 619 446],[476 440 535 529 553 714 345 448 456 321 468 586 429 535 632 725]
forward,8,8,[8192],0.015625,[5374],0.010250091552734375,[260 400 287 287 335 356 365 456 185 343 282 418 373 419 259 349],[308 443 267 799 837 575 286 768 185 617 581 188 735 579 591 433]
forward,9,9,[8192],0.015625,[8019],0.015295028686523438,[649 458 452 565 446 497 479 321 617 561 584 448 450 495 515 482],[422 342 351 689 702 695 274 542 343 561 646 362 650 559 458 596]
forward,10,10,[8192],0.015625,[7731],0.014745712280273438,[510 377 296 449 555 352 365 468 581 646 368 563 372 753 515 561],[788 716 669 575 575 397 385 454 282 584 368 359 520 619 479 422]
forward,11,11,[8192],0.015625,[6657],0.012697219848632812,[312 540 240 299 554 400 304 586 188 362 359 527 511 481 488 506],[449 382 517 578 569 625 383 521 418 448 563 527 535 509 588 580]
forward,12,12,[8192],0.015625,[8253],0.015741348266601562,[571 451 467 477 572 457 538 429 735 650 520 535 450 401 540 460],[531 356 564 496 568 958 436 392 373 450 372 511 450 566 598 571]
forward,13,13,[8192],0.015625,[8970],0.017108917236328125,[526 604 477 627 554 612 444 535 579 559 619 509 566 475 569 715],[568 260 250 747 489 622 546 548 419 495 753 481 401 475 503 635]
forward,14,14,[8192],0.015625,[8924],0.01702117919921875,[621 411 469 569 586 577 492 632 591 458 479 588 598 503 698 652],[412 424 327 505 508 770 426 619 259 515 515 488 540 569 698 617]
forward,15,15,[8192],0.015625,[9518],0.018154144287109375,[630 588 606 669 676 545 559 725 433 596 422 580 571 635 617 666],[421 338 349 528 604 772 343 446 349 482 561 506 460 715 652 666]
forward,0,0,"[7874, 4096]",61.515625,"[8192, 4096]",64.0,[505 341 294 582 644 839 341 567 260 649 510 312 571 526 621 630],[505 567 623 403 419 539 443 476 308 422 788 449 531 568 412 421]
forward,1,1,"[7271, 4096]",56.8046875,"[8192, 4096]",64.0,[567 401 413 582 541 915 456 488 400 458 377 540 451 604 411 588],[341 401 918 466 371 492 581 440 443 342 716 382 356 260 424 338]
forward,2,2,"[7369, 4096]",57.5703125,"[8192, 4096]",64.0,[623 918 606 612 723 567 423 426 287 452 296 240 467 477 469 606],[294 413 606 392 363 825 647 535 267 351 669 517 564 250 327 349]
forward,3,3,"[9501, 4096]",74.2265625,"[8192, 4096]",64.0,[403 466 392 529 660 842 331 627 287 565 449 299 477 627 569 669],[582 582 612 529 624 483 643 529 799 689 575 578 496 747 505 528]
forward,4,4,"[9838, 4096]",76.859375,"[8192, 4096]",64.0,[419 371 363 624 566 675 320 576 335 446 555 554 572 554 586 676],[644 541 723 660 566 642 657 553 837 702 575 569 568 489 508 604]
forward,5,5,"[11242, 4096]",87.828125,"[8192, 4096]",64.0,[539 492 825 483 642 635 300 480 356 497 352 400 457 612 577 545],[839 915 567 842 675 635 641 714 575 695 397 625 958 622 770 772]
forward,6,6,"[6055, 4096]",47.3046875,"[8192, 4096]",64.0,[443 581 647 643 657 641 460 574 365 479 365 304 538 444 492 559],[341 456 423 331 320 300 460 345 286 274 385 383 436 546 426 343]
forward,7,7,"[8476, 4096]",66.21875,"[8192, 4096]",64.0,[476 440 535 529 553 714 345 448 456 321 468 586 429 535 632 725],[567 488 426 627 576 480 574 448 768 542 454 521 392 548 619 446]
forward,8,8,"[5374, 4096]",41.984375,"[8192, 4096]",64.0,[308 443 267 799 837 575 286 768 185 617 581 188 735 579 591 433],[260 400 287 287 335 356 365 456 185 343 282 418 373 419 259 349]
forward,9,9,"[8019, 4096]",62.6484375,"[8192, 4096]",64.0,[422 342 351 689 702 695 274 542 343 561 646 362 650 559 458 596],[649 458 452 565 446 497 479 321 617 561 584 448 450 495 515 482]
forward,10,10,"[7731, 4096]",60.3984375,"[8192, 4096]",64.0,[788 716 669 575 575 397 385 454 282 584 368 359 520 619 479 422],[510 377 296 449 555 352 365 468 581 646 368 563 372 753 515 561]
forward,11,11,"[6657, 4096]",52.0078125,"[8192, 4096]",64.0,[449 382 517 578 569 625 383 521 418 448 563 527 535 509 588 580],[312 540 240 299 554 400 304 586 188 362 359 527 511 481 488 506]
forward,12,12,"[8253, 4096]",64.4765625,"[8192, 4096]",64.0,[531 356 564 496 568 958 436 392 373 450 372 511 450 566 598 571],[571 451 467 477 572 457 538 429 735 650 520 535 450 401 540 460]
forward,13,13,"[8970, 4096]",70.078125,"[8192, 4096]",64.0,[568 260 250 747 489 622 546 548 419 495 753 481 401 475 503 635],[526 604 477 627 554 612 444 535 579 559 619 509 566 475 569 715]
forward,14,14,"[8924, 4096]",69.71875,"[8192, 4096]",64.0,[412 424 327 505 508 770 426 619 259 515 515 488 540 569 698 617],[621 411 469 569 586 577 492 632 591 458 479 588 598 503 698 652]
forward,15,15,"[9518, 4096]",74.359375,"[8192, 4096]",64.0,[421 338 349 528 604 772 343 446 349 482 561 506 460 715 652 666],[630 588 606 669 676 545 559 725 433 596 422 580 571 635 617 666]
forward,0,0,"[8192, 4096]",64.0,"[7837, 4096]",61.2265625,[600 396 379 547 504 556 571 546 737 444 312 510 397 469 520 349],[600 271 260 554 459 722 448 555 514 551 669 438 299 430 568 854]
forward,1,1,"[8192, 4096]",64.0,"[7531, 4096]",58.8359375,[271 540 388 327 527 549 322 545 276 473 434 395 410 593 567 914],[396 540 507 496 235 735 597 395 415 741 501 504 505 473 459 693]
forward,2,2,"[8192, 4096]",64.0,"[6632, 4096]",51.8125,[260 507 586 332 366 461 572 446 216 315 618 438 474 361 372 308],[379 388 586 527 310 625 592 475 440 558 754 372 380 443 398 965]
forward,3,3,"[8192, 4096]",64.0,"[8214, 4096]",64.171875,[554 496 527 511 571 400 483 412 619 586 623 510 430 603 503 386],[547 327 332 511 449 768 520 490 517 586 722 358 289 426 536 814]
forward,4,4,"[8192, 4096]",64.0,"[6738, 4096]",52.640625,[459 235 310 449 528 525 337 717 618 374 273 612 233 307 479 282],[504 527 366 571 528 734 499 387 390 428 749 423 410 447 462 767]
forward,5,5,"[8192, 4096]",64.0,"[10988, 4096]",85.84375,[722 735 625 768 734 628 708 586 854 876 622 645 566 634 643 642],[556 549 461 400 525 628 426 549 415 584 582 390 225 520 604 778]
forward,6,6,"[8192, 4096]",64.0,"[7259, 4096]",56.7109375,[448 597 592 520 499 426 411 438 270 381 386 475 395 464 445 512],[571 322 572 483 337 708 411 395 628 670 700 421 333 420 357 864]
forward,7,7,"[8192, 4096]",64.0,"[7523, 4096]",58.7734375,[555 395 475 490 387 549 395 390 483 452 663 409 556 443 423 458],[546 545 446 412 717 586 438 390 718 446 704 414 300 471 411 648]
forward,8,8,"[8192, 4096]",64.0,"[8660, 4096]",67.65625,[514 415 440 517 390 415 628 718 562 587 342 739 675 584 547 587],[737 276 216 619 618 854 270 483 562 365 858 312 292 507 273 950]
forward,9,9,"[8192, 4096]",64.0,"[8969, 4096]",70.0703125,[551 741 558 586 428 584 670 446 365 531 750 476 699 566 473 545],[444 473 315 586 374 876 381 452 587 531 784 373 345 364 421 886]
forward,10,10,"[8192, 4096]",64.0,"[10705, 4096]",83.6328125,[669 501 754 722 749 582 700 704 858 784 588 674 520 522 696 682],[312 434 618 623 273 622 386 663 342 750 588 422 464 446 461 788]
forward,11,11,"[8192, 4096]",64.0,"[7464, 4096]",58.3125,[438 504 372 358 423 390 421 414 312 373 422 456 586 814 544 637],[510 395 438 510 612 645 475 409 739 476 674 456 334 418 478 623]
forward,12,12,"[8192, 4096]",64.0,"[5656, 4096]",44.1875,[299 505 380 289 410 225 333 300 292 345 464 334 434 364 417 265],[397 410 474 430 233 566 395 556 675 699 520 586 434 480 681 656]
forward,13,13,"[8192, 4096]",64.0,"[7141, 4096]",55.7890625,[430 473 443 426 447 520 420 471 507 364 446 418 480 331 450 515],[469 593 361 603 307 634 464 443 584 566 522 814 364 331 391 746]
forward,14,14,"[8192, 4096]",64.0,"[7364, 4096]",57.53125,[568 459 398 536 462 604 357 411 273 421 461 478 681 391 443 421],[520 567 372 503 479 643 445 423 547 473 696 544 417 450 443 670]
forward,15,15,"[8192, 4096]",64.0,"[12391, 4096]",96.8046875,[854 693 965 814 767 778 864 648 950 886 788 623 656 746 670 689],[349 914 308 386 282 642 512 458 587 545 682 637 265 515 421 689]
forward,0,0,[8192],0.015625,[7837],0.014947891235351562,[600 396 379 547 504 556 571 546 737 444 312 510 397 469 520 349],[600 271 260 554 459 722 448 555 514 551 669 438 299 430 568 854]
forward,1,1,[8192],0.015625,[7531],0.014364242553710938,[271 540 388 327 527 549 322 545 276 473 434 395 410 593 567 914],[396 540 507 496 235 735 597 395 415 741 501 504 505 473 459 693]
forward,2,2,[8192],0.015625,[6632],0.0126495361328125,[260 507 586 332 366 461 572 446 216 315 618 438 474 361 372 308],[379 388 586 527 310 625 592 475 440 558 754 372 380 443 398 965]
forward,3,3,[8192],0.015625,[8214],0.015666961669921875,[554 496 527 511 571 400 483 412 619 586 623 510 430 603 503 386],[547 327 332 511 449 768 520 490 517 586 722 358 289 426 536 814]
forward,4,4,[8192],0.015625,[6738],0.012851715087890625,[459 235 310 449 528 525 337 717 618 374 273 612 233 307 479 282],[504 527 366 571 528 734 499 387 390 428 749 423 410 447 462 767]
forward,5,5,[8192],0.015625,[10988],0.02095794677734375,[722 735 625 768 734 628 708 586 854 876 622 645 566 634 643 642],[556 549 461 400 525 628 426 549 415 584 582 390 225 520 604 778]
forward,6,6,[8192],0.015625,[7259],0.013845443725585938,[448 597 592 520 499 426 411 438 270 381 386 475 395 464 445 512],[571 322 572 483 337 708 411 395 628 670 700 421 333 420 357 864]
forward,7,7,[8192],0.015625,[7523],0.014348983764648438,[555 395 475 490 387 549 395 390 483 452 663 409 556 443 423 458],[546 545 446 412 717 586 438 390 718 446 704 414 300 471 411 648]
forward,8,8,[8192],0.015625,[8660],0.01651763916015625,[514 415 440 517 390 415 628 718 562 587 342 739 675 584 547 587],[737 276 216 619 618 854 270 483 562 365 858 312 292 507 273 950]
forward,9,9,[8192],0.015625,[8969],0.017107009887695312,[551 741 558 586 428 584 670 446 365 531 750 476 699 566 473 545],[444 473 315 586 374 876 381 452 587 531 784 373 345 364 421 886]
forward,10,10,[8192],0.015625,[10705],0.020418167114257812,[669 501 754 722 749 582 700 704 858 784 588 674 520 522 696 682],[312 434 618 623 273 622 386 663 342 750 588 422 464 446 461 788]
forward,11,11,[8192],0.015625,[7464],0.0142364501953125,[438 504 372 358 423 390 421 414 312 373 422 456 586 814 544 637],[510 395 438 510 612 645 475 409 739 476 674 456 334 418 478 623]
forward,12,12,[8192],0.015625,[5656],0.0107879638671875,[299 505 380 289 410 225 333 300 292 345 464 334 434 364 417 265],[397 410 474 430 233 566 395 556 675 699 520 586 434 480 681 656]
forward,13,13,[8192],0.015625,[7141],0.013620376586914062,[430 473 443 426 447 520 420 471 507 364 446 418 480 331 450 515],[469 593 361 603 307 634 464 443 584 566 522 814 364 331 391 746]
forward,14,14,[8192],0.015625,[7364],0.01404571533203125,[568 459 398 536 462 604 357 411 273 421 461 478 681 391 443 421],[520 567 372 503 479 643 445 423 547 473 696 544 417 450 443 670]
forward,15,15,[8192],0.015625,[12391],0.023633956909179688,[854 693 965 814 767 778 864 648 950 886 788 623 656 746 670 689],[349 914 308 386 282 642 512 458 587 545 682 637 265 515 421 689]
forward,0,0,"[7837, 4096]",61.2265625,"[8192, 4096]",64.0,[600 271 260 554 459 722 448 555 514 551 669 438 299 430 568 854],[600 396 379 547 504 556 571 546 737 444 312 510 397 469 520 349]
forward,1,1,"[7531, 4096]",58.8359375,"[8192, 4096]",64.0,[396 540 507 496 235 735 597 395 415 741 501 504 505 473 459 693],[271 540 388 327 527 549 322 545 276 473 434 395 410 593 567 914]
forward,2,2,"[6632, 4096]",51.8125,"[8192, 4096]",64.0,[379 388 586 527 310 625 592 475 440 558 754 372 380 443 398 965],[260 507 586 332 366 461 572 446 216 315 618 438 474 361 372 308]
forward,3,3,"[8214, 4096]",64.171875,"[8192, 4096]",64.0,[547 327 332 511 449 768 520 490 517 586 722 358 289 426 536 814],[554 496 527 511 571 400 483 412 619 586 623 510 430 603 503 386]
forward,4,4,"[6738, 4096]",52.640625,"[8192, 4096]",64.0,[504 527 366 571 528 734 499 387 390 428 749 423 410 447 462 767],[459 235 310 449 528 525 337 717 618 374 273 612 233 307 479 282]
forward,5,5,"[10988, 4096]",85.84375,"[8192, 4096]",64.0,[556 549 461 400 525 628 426 549 415 584 582 390 225 520 604 778],[722 735 625 768 734 628 708 586 854 876 622 645 566 634 643 642]
forward,6,6,"[7259, 4096]",56.7109375,"[8192, 4096]",64.0,[571 322 572 483 337 708 411 395 628 670 700 421 333 420 357 864],[448 597 592 520 499 426 411 438 270 381 386 475 395 464 445 512]
forward,7,7,"[7523, 4096]",58.7734375,"[8192, 4096]",64.0,[546 545 446 412 717 586 438 390 718 446 704 414 300 471 411 648],[555 395 475 490 387 549 395 390 483 452 663 409 556 443 423 458]
forward,8,8,"[8660, 4096]",67.65625,"[8192, 4096]",64.0,[737 276 216 619 618 854 270 483 562 365 858 312 292 507 273 950],[514 415 440 517 390 415 628 718 562 587 342 739 675 584 547 587]
forward,9,9,"[8969, 4096]",70.0703125,"[8192, 4096]",64.0,[444 473 315 586 374 876 381 452 587 531 784 373 345 364 421 886],[551 741 558 586 428 584 670 446 365 531 750 476 699 566 473 545]
forward,10,10,"[10705, 4096]",83.6328125,"[8192, 4096]",64.0,[312 434 618 623 273 622 386 663 342 750 588 422 464 446 461 788],[669 501 754 722 749 582 700 704 858 784 588 674 520 522 696 682]
forward,11,11,"[7464, 4096]",58.3125,"[8192, 4096]",64.0,[510 395 438 510 612 645 475 409 739 476 674 456 334 418 478 623],[438 504 372 358 423 390 421 414 312 373 422 456 586 814 544 637]
forward,12,12,"[5656, 4096]",44.1875,"[8192, 4096]",64.0,[397 410 474 430 233 566 395 556 675 699 520 586 434 480 681 656],[299 505 380 289 410 225 333 300 292 345 464 334 434 364 417 265]
forward,13,13,"[7141, 4096]",55.7890625,"[8192, 4096]",64.0,[469 593 361 603 307 634 464 443 584 566 522 814 364 331 391 746],[430 473 443 426 447 520 420 471 507 364 446 418 480 331 450 515]
forward,14,14,"[7364, 4096]",57.53125,"[8192, 4096]",64.0,[520 567 372 503 479 643 445 423 547 473 696 544 417 450 443 670],[568 459 398 536 462 604 357 411 273 421 461 478 681 391 443 421]
forward,15,15,"[12391, 4096]",96.8046875,"[8192, 4096]",64.0,[349 914 308 386 282 642 512 458 587 545 682 637 265 515 421 689],[854 693 965 814 767 778 864 648 950 886 788 623 656 746 670 689]
backward,0,0,"[8192, 4096]",64.0,"[7837, 4096]",61.2265625,[600 396 379 547 504 556 571 546 737 444 312 510 397 469 520 349],[600 271 260 554 459 722 448 555 514 551 669 438 299 430 568 854]
backward,1,1,"[8192, 4096]",64.0,"[7531, 4096]",58.8359375,[271 540 388 327 527 549 322 545 276 473 434 395 410 593 567 914],[396 540 507 496 235 735 597 395 415 741 501 504 505 473 459 693]
backward,2,2,"[8192, 4096]",64.0,"[6632, 4096]",51.8125,[260 507 586 332 366 461 572 446 216 315 618 438 474 361 372 308],[379 388 586 527 310 625 592 475 440 558 754 372 380 443 398 965]
backward,3,3,"[8192, 4096]",64.0,"[8214, 4096]",64.171875,[554 496 527 511 571 400 483 412 619 586 623 510 430 603 503 386],[547 327 332 511 449 768 520 490 517 586 722 358 289 426 536 814]
backward,4,4,"[8192, 4096]",64.0,"[6738, 4096]",52.640625,[459 235 310 449 528 525 337 717 618 374 273 612 233 307 479 282],[504 527 366 571 528 734 499 387 390 428 749 423 410 447 462 767]
backward,5,5,"[8192, 4096]",64.0,"[10988, 4096]",85.84375,[722 735 625 768 734 628 708 586 854 876 622 645 566 634 643 642],[556 549 461 400 525 628 426 549 415 584 582 390 225 520 604 778]
backward,6,6,"[8192, 4096]",64.0,"[7259, 4096]",56.7109375,[448 597 592 520 499 426 411 438 270 381 386 475 395 464 445 512],[571 322 572 483 337 708 411 395 628 670 700 421 333 420 357 864]
backward,7,7,"[8192, 4096]",64.0,"[7523, 4096]",58.7734375,[555 395 475 490 387 549 395 390 483 452 663 409 556 443 423 458],[546 545 446 412 717 586 438 390 718 446 704 414 300 471 411 648]
backward,8,8,"[8192, 4096]",64.0,"[8660, 4096]",67.65625,[514 415 440 517 390 415 628 718 562 587 342 739 675 584 547 587],[737 276 216 619 618 854 270 483 562 365 858 312 292 507 273 950]
backward,9,9,"[8192, 4096]",64.0,"[8969, 4096]",70.0703125,[551 741 558 586 428 584 670 446 365 531 750 476 699 566 473 545],[444 473 315 586 374 876 381 452 587 531 784 373 345 364 421 886]
backward,10,10,"[8192, 4096]",64.0,"[10705, 4096]",83.6328125,[669 501 754 722 749 582 700 704 858 784 588 674 520 522 696 682],[312 434 618 623 273 622 386 663 342 750 588 422 464 446 461 788]
backward,11,11,"[8192, 4096]",64.0,"[7464, 4096]",58.3125,[438 504 372 358 423 390 421 414 312 373 422 456 586 814 544 637],[510 395 438 510 612 645 475 409 739 476 674 456 334 418 478 623]
backward,12,12,"[8192, 4096]",64.0,"[5656, 4096]",44.1875,[299 505 380 289 410 225 333 300 292 345 464 334 434 364 417 265],[397 410 474 430 233 566 395 556 675 699 520 586 434 480 681 656]
backward,13,13,"[8192, 4096]",64.0,"[7141, 4096]",55.7890625,[430 473 443 426 447 520 420 471 507 364 446 418 480 331 450 515],[469 593 361 603 307 634 464 443 584 566 522 814 364 331 391 746]
backward,14,14,"[8192, 4096]",64.0,"[7364, 4096]",57.53125,[568 459 398 536 462 604 357 411 273 421 461 478 681 391 443 421],[520 567 372 503 479 643 445 423 547 473 696 544 417 450 443 670]
backward,15,15,"[8192, 4096]",64.0,"[12391, 4096]",96.8046875,[854 693 965 814 767 778 864 648 950 886 788 623 656 746 670 689],[349 914 308 386 282 642 512 458 587 545 682 637 265 515 421 689]
backward,0,0,[7837],0.014947891235351562,[8192],0.015625,[600 271 260 554 459 722 448 555 514 551 669 438 299 430 568 854],[600 396 379 547 504 556 571 546 737 444 312 510 397 469 520 349]
backward,1,1,[7531],0.014364242553710938,[8192],0.015625,[396 540 507 496 235 735 597 395 415 741 501 504 505 473 459 693],[271 540 388 327 527 549 322 545 276 473 434 395 410 593 567 914]
backward,2,2,[6632],0.0126495361328125,[8192],0.015625,[379 388 586 527 310 625 592 475 440 558 754 372 380 443 398 965],[260 507 586 332 366 461 572 446 216 315 618 438 474 361 372 308]
backward,3,3,[8214],0.015666961669921875,[8192],0.015625,[547 327 332 511 449 768 520 490 517 586 722 358 289 426 536 814],[554 496 527 511 571 400 483 412 619 586 623 510 430 603 503 386]
backward,4,4,[6738],0.012851715087890625,[8192],0.015625,[504 527 366 571 528 734 499 387 390 428 749 423 410 447 462 767],[459 235 310 449 528 525 337 717 618 374 273 612 233 307 479 282]
backward,5,5,[10988],0.02095794677734375,[8192],0.015625,[556 549 461 400 525 628 426 549 415 584 582 390 225 520 604 778],[722 735 625 768 734 628 708 586 854 876 622 645 566 634 643 642]
backward,6,6,[7259],0.013845443725585938,[8192],0.015625,[571 322 572 483 337 708 411 395 628 670 700 421 333 420 357 864],[448 597 592 520 499 426 411 438 270 381 386 475 395 464 445 512]
backward,7,7,[7523],0.014348983764648438,[8192],0.015625,[546 545 446 412 717 586 438 390 718 446 704 414 300 471 411 648],[555 395 475 490 387 549 395 390 483 452 663 409 556 443 423 458]
backward,8,8,[8660],0.01651763916015625,[8192],0.015625,[737 276 216 619 618 854 270 483 562 365 858 312 292 507 273 950],[514 415 440 517 390 415 628 718 562 587 342 739 675 584 547 587]
backward,9,9,[8969],0.017107009887695312,[8192],0.015625,[444 473 315 586 374 876 381 452 587 531 784 373 345 364 421 886],[551 741 558 586 428 584 670 446 365 531 750 476 699 566 473 545]
backward,10,10,[10705],0.020418167114257812,[8192],0.015625,[312 434 618 623 273 622 386 663 342 750 588 422 464 446 461 788],[669 501 754 722 749 582 700 704 858 784 588 674 520 522 696 682]
backward,11,11,[7464],0.0142364501953125,[8192],0.015625,[510 395 438 510 612 645 475 409 739 476 674 456 334 418 478 623],[438 504 372 358 423 390 421 414 312 373 422 456 586 814 544 637]
backward,12,12,[5656],0.0107879638671875,[8192],0.015625,[397 410 474 430 233 566 395 556 675 699 520 586 434 480 681 656],[299 505 380 289 410 225 333 300 292 345 464 334 434 364 417 265]
backward,13,13,[7141],0.013620376586914062,[8192],0.015625,[469 593 361 603 307 634 464 443 584 566 522 814 364 331 391 746],[430 473 443 426 447 520 420 471 507 364 446 418 480 331 450 515]
backward,14,14,[7364],0.01404571533203125,[8192],0.015625,[520 567 372 503 479 643 445 423 547 473 696 544 417 450 443 670],[568 459 398 536 462 604 357 411 273 421 461 478 681 391 443 421]
backward,15,15,[12391],0.023633956909179688,[8192],0.015625,[349 914 308 386 282 642 512 458 587 545 682 637 265 515 421 689],[854 693 965 814 767 778 864 648 950 886 788 623 656 746 670 689]
backward,0,0,"[7837, 4096]",61.2265625,"[8192, 4096]",64.0,[600 271 260 554 459 722 448 555 514 551 669 438 299 430 568 854],[600 396 379 547 504 556 571 546 737 444 312 510 397 469 520 349]
backward,1,1,"[7531, 4096]",58.8359375,"[8192, 4096]",64.0,[396 540 507 496 235 735 597 395 415 741 501 504 505 473 459 693],[271 540 388 327 527 549 322 545 276 473 434 395 410 593 567 914]
backward,2,2,"[6632, 4096]",51.8125,"[8192, 4096]",64.0,[379 388 586 527 310 625 592 475 440 558 754 372 380 443 398 965],[260 507 586 332 366 461 572 446 216 315 618 438 474 361 372 308]
backward,3,3,"[8214, 4096]",64.171875,"[8192, 4096]",64.0,[547 327 332 511 449 768 520 490 517 586 722 358 289 426 536 814],[554 496 527 511 571 400 483 412 619 586 623 510 430 603 503 386]
backward,4,4,"[6738, 4096]",52.640625,"[8192, 4096]",64.0,[504 527 366 571 528 734 499 387 390 428 749 423 410 447 462 767],[459 235 310 449 528 525 337 717 618 374 273 612 233 307 479 282]
backward,5,5,"[10988, 4096]",85.84375,"[8192, 4096]",64.0,[556 549 461 400 525 628 426 549 415 584 582 390 225 520 604 778],[722 735 625 768 734 628 708 586 854 876 622 645 566 634 643 642]
backward,6,6,"[7259, 4096]",56.7109375,"[8192, 4096]",64.0,[571 322 572 483 337 708 411 395 628 670 700 421 333 420 357 864],[448 597 592 520 499 426 411 438 270 381 386 475 395 464 445 512]
backward,7,7,"[7523, 4096]",58.7734375,"[8192, 4096]",64.0,[546 545 446 412 717 586 438 390 718 446 704 414 300 471 411 648],[555 395 475 490 387 549 395 390 483 452 663 409 556 443 423 458]
backward,8,8,"[8660, 4096]",67.65625,"[8192, 4096]",64.0,[737 276 216 619 618 854 270 483 562 365 858 312 292 507 273 950],[514 415 440 517 390 415 628 718 562 587 342 739 675 584 547 587]
backward,9,9,"[8969, 4096]",70.0703125,"[8192, 4096]",64.0,[444 473 315 586 374 876 381 452 587 531 784 373 345 364 421 886],[551 741 558 586 428 584 670 446 365 531 750 476 699 566 473 545]
backward,10,10,"[10705, 4096]",83.6328125,"[8192, 4096]",64.0,[312 434 618 623 273 622 386 663 342 750 588 422 464 446 461 788],[669 501 754 722 749 582 700 704 858 784 588 674 520 522 696 682]
backward,11,11,"[7464, 4096]",58.3125,"[8192, 4096]",64.0,[510 395 438 510 612 645 475 409 739 476 674 456 334 418 478 623],[438 504 372 358 423 390 421 414 312 373 422 456 586 814 544 637]
backward,12,12,"[5656, 4096]",44.1875,"[8192, 4096]",64.0,[397 410 474 430 233 566 395 556 675 699 520 586 434 480 681 656],[299 505 380 289 410 225 333 300 292 345 464 334 434 364 417 265]
backward,13,13,"[7141, 4096]",55.7890625,"[8192, 4096]",64.0,[469 593 361 603 307 634 464 443 584 566 522 814 364 331 391 746],[430 473 443 426 447 520 420 471 507 364 446 418 480 331 450 515]
backward,14,14,"[7364, 4096]",57.53125,"[8192, 4096]",64.0,[520 567 372 503 479 643 445 423 547 473 696 544 417 450 443 670],[568 459 398 536 462 604 357 411 273 421 461 478 681 391 443 421]
backward,15,15,"[12391, 4096]",96.8046875,"[8192, 4096]",64.0,[349 914 308 386 282 642 512 458 587 545 682 637 265 515 421 689],[854 693 965 814 767 778 864 648 950 886 788 623 656 746 670 689]
backward,0,0,"[8192, 4096]",64.0,"[7874, 4096]",61.515625,[505 567 623 403 419 539 443 476 308 422 788 449 531 568 412 421],[505 341 294 582 644 839 341 567 260 649 510 312 571 526 621 630]
backward,1,1,"[8192, 4096]",64.0,"[7271, 4096]",56.8046875,[341 401 918 466 371 492 581 440 443 342 716 382 356 260 424 338],[567 401 413 582 541 915 456 488 400 458 377 540 451 604 411 588]
backward,2,2,"[8192, 4096]",64.0,"[7369, 4096]",57.5703125,[294 413 606 392 363 825 647 535 267 351 669 517 564 250 327 349],[623 918 606 612 723 567 423 426 287 452 296 240 467 477 469 606]
backward,3,3,"[8192, 4096]",64.0,"[9501, 4096]",74.2265625,[582 582 612 529 624 483 643 529 799 689 575 578 496 747 505 528],[403 466 392 529 660 842 331 627 287 565 449 299 477 627 569 669]
backward,4,4,"[8192, 4096]",64.0,"[9838, 4096]",76.859375,[644 541 723 660 566 642 657 553 837 702 575 569 568 489 508 604],[419 371 363 624 566 675 320 576 335 446 555 554 572 554 586 676]
backward,5,5,"[8192, 4096]",64.0,"[11242, 4096]",87.828125,[839 915 567 842 675 635 641 714 575 695 397 625 958 622 770 772],[539 492 825 483 642 635 300 480 356 497 352 400 457 612 577 545]
backward,6,6,"[8192, 4096]",64.0,"[6055, 4096]",47.3046875,[341 456 423 331 320 300 460 345 286 274 385 383 436 546 426 343],[443 581 647 643 657 641 460 574 365 479 365 304 538 444 492 559]
backward,7,7,"[8192, 4096]",64.0,"[8476, 4096]",66.21875,[567 488 426 627 576 480 574 448 768 542 454 521 392 548 619 446],[476 440 535 529 553 714 345 448 456 321 468 586 429 535 632 725]
backward,8,8,"[8192, 4096]",64.0,"[5374, 4096]",41.984375,[260 400 287 287 335 356 365 456 185 343 282 418 373 419 259 349],[308 443 267 799 837 575 286 768 185 617 581 188 735 579 591 433]
backward,9,9,"[8192, 4096]",64.0,"[8019, 4096]",62.6484375,[649 458 452 565 446 497 479 321 617 561 584 448 450 495 515 482],[422 342 351 689 702 695 274 542 343 561 646 362 650 559 458 596]
backward,10,10,"[8192, 4096]",64.0,"[7731, 4096]",60.3984375,[510 377 296 449 555 352 365 468 581 646 368 563 372 753 515 561],[788 716 669 575 575 397 385 454 282 584 368 359 520 619 479 422]
backward,11,11,"[8192, 4096]",64.0,"[6657, 4096]",52.0078125,[312 540 240 299 554 400 304 586 188 362 359 527 511 481 488 506],[449 382 517 578 569 625 383 521 418 448 563 527 535 509 588 580]
backward,12,12,"[8192, 4096]",64.0,"[8253, 4096]",64.4765625,[571 451 467 477 572 457 538 429 735 650 520 535 450 401 540 460],[531 356 564 496 568 958 436 392 373 450 372 511 450 566 598 571]
backward,13,13,"[8192, 4096]",64.0,"[8970, 4096]",70.078125,[526 604 477 627 554 612 444 535 579 559 619 509 566 475 569 715],[568 260 250 747 489 622 546 548 419 495 753 481 401 475 503 635]
backward,14,14,"[8192, 4096]",64.0,"[8924, 4096]",69.71875,[621 411 469 569 586 577 492 632 591 458 479 588 598 503 698 652],[412 424 327 505 508 770 426 619 259 515 515 488 540 569 698 617]
backward,15,15,"[8192, 4096]",64.0,"[9518, 4096]",74.359375,[630 588 606 669 676 545 559 725 433 596 422 580 571 635 617 666],[421 338 349 528 604 772 343 446 349 482 561 506 460 715 652 666]
backward,0,0,[7874],0.015018463134765625,[8192],0.015625,[505 341 294 582 644 839 341 567 260 649 510 312 571 526 621 630],[505 567 623 403 419 539 443 476 308 422 788 449 531 568 412 421]
backward,1,1,[7271],0.013868331909179688,[8192],0.015625,[567 401 413 582 541 915 456 488 400 458 377 540 451 604 411 588],[341 401 918 466 371 492 581 440 443 342 716 382 356 260 424 338]
backward,2,2,[7369],0.014055252075195312,[8192],0.015625,[623 918 606 612 723 567 423 426 287 452 296 240 467 477 469 606],[294 413 606 392 363 825 647 535 267 351 669 517 564 250 327 349]
backward,3,3,[9501],0.018121719360351562,[8192],0.015625,[403 466 392 529 660 842 331 627 287 565 449 299 477 627 569 669],[582 582 612 529 624 483 643 529 799 689 575 578 496 747 505 528]
backward,4,4,[9838],0.018764495849609375,[8192],0.015625,[419 371 363 624 566 675 320 576 335 446 555 554 572 554 586 676],[644 541 723 660 566 642 657 553 837 702 575 569 568 489 508 604]
backward,5,5,[11242],0.021442413330078125,[8192],0.015625,[539 492 825 483 642 635 300 480 356 497 352 400 457 612 577 545],[839 915 567 842 675 635 641 714 575 695 397 625 958 622 770 772]
backward,6,6,[6055],0.011548995971679688,[8192],0.015625,[443 581 647 643 657 641 460 574 365 479 365 304 538 444 492 559],[341 456 423 331 320 300 460 345 286 274 385 383 436 546 426 343]
backward,7,7,[8476],0.01616668701171875,[8192],0.015625,[476 440 535 529 553 714 345 448 456 321 468 586 429 535 632 725],[567 488 426 627 576 480 574 448 768 542 454 521 392 548 619 446]
backward,8,8,[5374],0.010250091552734375,[8192],0.015625,[308 443 267 799 837 575 286 768 185 617 581 188 735 579 591 433],[260 400 287 287 335 356 365 456 185 343 282 418 373 419 259 349]
backward,9,9,[8019],0.015295028686523438,[8192],0.015625,[422 342 351 689 702 695 274 542 343 561 646 362 650 559 458 596],[649 458 452 565 446 497 479 321 617 561 584 448 450 495 515 482]
backward,10,10,[7731],0.014745712280273438,[8192],0.015625,[788 716 669 575 575 397 385 454 282 584 368 359 520 619 479 422],[510 377 296 449 555 352 365 468 581 646 368 563 372 753 515 561]
backward,11,11,[6657],0.012697219848632812,[8192],0.015625,[449 382 517 578 569 625 383 521 418 448 563 527 535 509 588 580],[312 540 240 299 554 400 304 586 188 362 359 527 511 481 488 506]
backward,12,12,[8253],0.015741348266601562,[8192],0.015625,[531 356 564 496 568 958 436 392 373 450 372 511 450 566 598 571],[571 451 467 477 572 457 538 429 735 650 520 535 450 401 540 460]
backward,13,13,[8970],0.017108917236328125,[8192],0.015625,[568 260 250 747 489 622 546 548 419 495 753 481 401 475 503 635],[526 604 477 627 554 612 444 535 579 559 619 509 566 475 569 715]
backward,14,14,[8924],0.01702117919921875,[8192],0.015625,[412 424 327 505 508 770 426 619 259 515 515 488 540 569 698 617],[621 411 469 569 586 577 492 632 591 458 479 588 598 503 698 652]
backward,15,15,[9518],0.018154144287109375,[8192],0.015625,[421 338 349 528 604 772 343 446 349 482 561 506 460 715 652 666],[630 588 606 669 676 545 559 725 433 596 422 580 571 635 617 666]
backward,0,0,"[7874, 4096]",61.515625,"[8192, 4096]",64.0,[505 341 294 582 644 839 341 567 260 649 510 312 571 526 621 630],[505 567 623 403 419 539 443 476 308 422 788 449 531 568 412 421]
backward,1,1,"[7271, 4096]",56.8046875,"[8192, 4096]",64.0,[567 401 413 582 541 915 456 488 400 458 377 540 451 604 411 588],[341 401 918 466 371 492 581 440 443 342 716 382 356 260 424 338]
backward,2,2,"[7369, 4096]",57.5703125,"[8192, 4096]",64.0,[623 918 606 612 723 567 423 426 287 452 296 240 467 477 469 606],[294 413 606 392 363 825 647 535 267 351 669 517 564 250 327 349]
backward,3,3,"[9501, 4096]",74.2265625,"[8192, 4096]",64.0,[403 466 392 529 660 842 331 627 287 565 449 299 477 627 569 669],[582 582 612 529 624 483 643 529 799 689 575 578 496 747 505 528]
backward,4,4,"[9838, 4096]",76.859375,"[8192, 4096]",64.0,[419 371 363 624 566 675 320 576 335 446 555 554 572 554 586 676],[644 541 723 660 566 642 657 553 837 702 575 569 568 489 508 604]
backward,5,5,"[11242, 4096]",87.828125,"[8192, 4096]",64.0,[539 492 825 483 642 635 300 480 356 497 352 400 457 612 577 545],[839 915 567 842 675 635 641 714 575 695 397 625 958 622 770 772]
backward,6,6,"[6055, 4096]",47.3046875,"[8192, 4096]",64.0,[443 581 647 643 657 641 460 574 365 479 365 304 538 444 492 559],[341 456 423 331 320 300 460 345 286 274 385 383 436 546 426 343]
backward,7,7,"[8476, 4096]",66.21875,"[8192, 4096]",64.0,[476 440 535 529 553 714 345 448 456 321 468 586 429 535 632 725],[567 488 426 627 576 480 574 448 768 542 454 521 392 548 619 446]
backward,8,8,"[5374, 4096]",41.984375,"[8192, 4096]",64.0,[308 443 267 799 837 575 286 768 185 617 581 188 735 579 591 433],[260 400 287 287 335 356 365 456 185 343 282 418 373 419 259 349]
backward,9,9,"[8019, 4096]",62.6484375,"[8192, 4096]",64.0,[422 342 351 689 702 695 274 542 343 561 646 362 650 559 458 596],[649 458 452 565 446 497 479 321 617 561 584 448 450 495 515 482]
backward,10,10,"[7731, 4096]",60.3984375,"[8192, 4096]",64.0,[788 716 669 575 575 397 385 454 282 584 368 359 520 619 479 422],[510 377 296 449 555 352 365 468 581 646 368 563 372 753 515 561]
backward,11,11,"[6657, 4096]",52.0078125,"[8192, 4096]",64.0,[449 382 517 578 569 625 383 521 418 448 563 527 535 509 588 580],[312 540 240 299 554 400 304 586 188 362 359 527 511 481 488 506]
backward,12,12,"[8253, 4096]",64.4765625,"[8192, 4096]",64.0,[531 356 564 496 568 958 436 392 373 450 372 511 450 566 598 571],[571 451 467 477 572 457 538 429 735 650 520 535 450 401 540 460]
backward,13,13,"[8970, 4096]",70.078125,"[8192, 4096]",64.0,[568 260 250 747 489 622 546 548 419 495 753 481 401 475 503 635],[526 604 477 627 554 612 444 535 579 559 619 509 566 475 569 715]
backward,14,14,"[8924, 4096]",69.71875,"[8192, 4096]",64.0,[412 424 327 505 508 770 426 619 259 515 515 488 540 569 698 617],[621 411 469 569 586 577 492 632 591 458 479 588 598 503 698 652]
backward,15,15,"[9518, 4096]",74.359375,"[8192, 4096]",64.0,[421 338 349 528 604 772 343 446 349 482 561 506 460 715 652 666],[630 588 606 669 676 545 559 725 433 596 422 580 571 635 617 666]
backward,0,0,"[8192, 4096]",64.0,"[9601, 4096]",75.0078125,[714 623 556 664 700 533 523 586 462 582 609 480 674 731 651 513],[714 645 701 313 267 370 497 691 739 283 644 362 506 550 552 358]
backward,1,1,"[8192, 4096]",64.0,"[9330, 4096]",72.890625,[645 618 688 606 550 508 617 433 754 593 769 470 548 526 509 496],[623 618 576 501 548 382 622 528 578 334 585 457 481 485 453 421]
backward,2,2,"[8192, 4096]",64.0,"[9425, 4096]",73.6328125,[701 576 678 674 485 598 690 502 774 663 602 489 573 476 516 428],[556 688 678 469 395 346 477 592 662 390 535 365 473 399 564 603]
backward,3,3,"[8192, 4096]",64.0,"[6447, 4096]",50.3671875,[313 501 469 363 326 393 509 407 269 291 501 392 446 443 399 425],[664 606 674 363 312 387 567 620 590 315 560 416 496 506 633 483]
backward,4,4,"[8192, 4096]",64.0,"[6591, 4096]",51.4921875,[267 548 395 312 372 298 437 376 175 385 394 481 587 609 400 555],[700 550 485 326 372 368 675 616 520 519 544 394 471 515 592 545]
backward,5,5,"[8192, 4096]",64.0,"[6518, 4096]",50.921875,[370 382 346 387 368 301 391 342 403 458 413 434 488 491 427 517],[533 508 598 393 298 301 701 606 447 708 635 453 412 390 531 678]
backward,6,6,"[8192, 4096]",64.0,"[9440, 4096]",73.75,[497 622 477 567 675 701 531 687 587 458 589 592 520 563 682 692],[523 617 690 509 437 391 531 561 696 429 537 370 444 390 621 446]
backward,7,7,"[8192, 4096]",64.0,"[9615, 4096]",75.1171875,[691 528 592 620 616 606 561 492 679 768 598 595 538 570 571 590],[586 433 502 407 376 342 687 492 514 801 494 450 493 411 547 657]
backward,8,8,"[8192, 4096]",64.0,"[9269, 4096]",72.4140625,[739 578 662 590 520 447 696 514 803 666 471 520 548 568 536 411],[462 754 774 269 175 403 587 679 803 260 427 402 565 650 681 301]
backward,9,9,"[8192, 4096]",64.0,"[7128, 4096]",55.6875,[283 334 390 315 519 708 429 801 260 312 349 703 365 445 374 541],[582 593 663 291 385 458 458 768 666 312 560 481 463 422 586 504]
backward,10,10,"[8192, 4096]",64.0,"[9342, 4096]",72.984375,[644 585 535 560 544 635 537 494 427 560 633 565 771 628 646 578],[609 769 602 501 394 413 589 598 471 349 633 438 383 461 586 396]
backward,11,11,"[8192, 4096]",64.0,"[6773, 4096]",52.9140625,[362 457 365 416 394 453 370 450 402 481 438 466 339 417 469 494],[480 470 489 392 481 434 592 595 520 703 565 466 493 439 536 537]
backward,12,12,"[8192, 4096]",64.0,"[7469, 4096]",58.3515625,[506 481 473 496 471 412 444 493 565 463 383 493 448 377 481 483],[674 548 573 446 587 488 520 538 548 365 771 339 448 419 511 417]
backward,13,13,"[8192, 4096]",64.0,"[7505, 4096]",58.6328125,[550 485 399 506 515 390 390 411 650 422 461 439 419 393 575 500],[731 526 476 443 609 491 563 570 568 445 628 417 377 393 551 404]
backward,14,14,"[8192, 4096]",64.0,"[8990, 4096]",70.234375,[552 453 564 633 592 531 621 547 681 586 586 536 511 551 559 487],[651 509 516 399 400 427 682 571 536 374 646 469 481 575 559 397]
backward,15,15,"[8192, 4096]",64.0,"[7629, 4096]",59.6015625,[358 421 603 483 545 678 446 657 301 504 396 537 417 404 397 482],[513 496 428 425 555 517 692 590 411 541 578 494 483 500 487 482]
backward,0,0,[9601],0.018312454223632812,[8192],0.015625,[714 645 701 313 267 370 497 691 739 283 644 362 506 550 552 358],[714 623 556 664 700 533 523 586 462 582 609 480 674 731 651 513]
backward,1,1,[9330],0.017795562744140625,[8192],0.015625,[623 618 576 501 548 382 622 528 578 334 585 457 481 485 453 421],[645 618 688 606 550 508 617 433 754 593 769 470 548 526 509 496]
backward,2,2,[9425],0.017976760864257812,[8192],0.015625,[556 688 678 469 395 346 477 592 662 390 535 365 473 399 564 603],[701 576 678 674 485 598 690 502 774 663 602 489 573 476 516 428]
backward,3,3,[6447],0.012296676635742188,[8192],0.015625,[664 606 674 363 312 387 567 620 590 315 560 416 496 506 633 483],[313 501 469 363 326 393 509 407 269 291 501 392 446 443 399 425]
backward,4,4,[6591],0.012571334838867188,[8192],0.015625,[700 550 485 326 372 368 675 616 520 519 544 394 471 515 592 545],[267 548 395 312 372 298 437 376 175 385 394 481 587 609 400 555]
backward,5,5,[6518],0.012432098388671875,[8192],0.015625,[533 508 598 393 298 301 701 606 447 708 635 453 412 390 531 678],[370 382 346 387 368 301 391 342 403 458 413 434 488 491 427 517]
backward,6,6,[9440],0.01800537109375,[8192],0.015625,[523 617 690 509 437 391 531 561 696 429 537 370 444 390 621 446],[497 622 477 567 675 701 531 687 587 458 589 592 520 563 682 692]
backward,7,7,[9615],0.018339157104492188,[8192],0.015625,[586 433 502 407 376 342 687 492 514 801 494 450 493 411 547 657],[691 528 592 620 616 606 561 492 679 768 598 595 538 570 571 590]
backward,8,8,[9269],0.017679214477539062,[8192],0.015625,[462 754 774 269 175 403 587 679 803 260 427 402 565 650 681 301],[739 578 662 590 520 447 696 514 803 666 471 520 548 568 536 411]
backward,9,9,[7128],0.0135955810546875,[8192],0.015625,[582 593 663 291 385 458 458 768 666 312 560 481 463 422 586 504],[283 334 390 315 519 708 429 801 260 312 349 703 365 445 374 541]
backward,10,10,[9342],0.017818450927734375,[8192],0.015625,[609 769 602 501 394 413 589 598 471 349 633 438 383 461 586 396],[644 585 535 560 544 635 537 494 427 560 633 565 771 628 646 578]
backward,11,11,[6773],0.012918472290039062,[8192],0.015625,[480 470 489 392 481 434 592 595 520 703 565 466 493 439 536 537],[362 457 365 416 394 453 370 450 402 481 438 466 339 417 469 494]
backward,12,12,[7469],0.014245986938476562,[8192],0.015625,[674 548 573 446 587 488 520 538 548 365 771 339 448 419 511 417],[506 481 473 496 471 412 444 493 565 463 383 493 448 377 481 483]
backward,13,13,[7505],0.014314651489257812,[8192],0.015625,[731 526 476 443 609 491 563 570 568 445 628 417 377 393 551 404],[550 485 399 506 515 390 390 411 650 422 461 439 419 393 575 500]
backward,14,14,[8990],0.017147064208984375,[8192],0.015625,[651 509 516 399 400 427 682 571 536 374 646 469 481 575 559 397],[552 453 564 633 592 531 621 547 681 586 586 536 511 551 559 487]
backward,15,15,[7629],0.014551162719726562,[8192],0.015625,[513 496 428 425 555 517 692 590 411 541 578 494 483 500 487 482],[358 421 603 483 545 678 446 657 301 504 396 537 417 404 397 482]
backward,0,0,"[9601, 4096]",75.0078125,"[8192, 4096]",64.0,[714 645 701 313 267 370 497 691 739 283 644 362 506 550 552 358],[714 623 556 664 700 533 523 586 462 582 609 480 674 731 651 513]
backward,1,1,"[9330, 4096]",72.890625,"[8192, 4096]",64.0,[623 618 576 501 548 382 622 528 578 334 585 457 481 485 453 421],[645 618 688 606 550 508 617 433 754 593 769 470 548 526 509 496]
backward,2,2,"[9425, 4096]",73.6328125,"[8192, 4096]",64.0,[556 688 678 469 395 346 477 592 662 390 535 365 473 399 564 603],[701 576 678 674 485 598 690 502 774 663 602 489 573 476 516 428]
backward,3,3,"[6447, 4096]",50.3671875,"[8192, 4096]",64.0,[664 606 674 363 312 387 567 620 590 315 560 416 496 506 633 483],[313 501 469 363 326 393 509 407 269 291 501 392 446 443 399 425]
backward,4,4,"[6591, 4096]",51.4921875,"[8192, 4096]",64.0,[700 550 485 326 372 368 675 616 520 519 544 394 471 515 592 545],[267 548 395 312 372 298 437 376 175 385 394 481 587 609 400 555]
backward,5,5,"[6518, 4096]",50.921875,"[8192, 4096]",64.0,[533 508 598 393 298 301 701 606 447 708 635 453 412 390 531 678],[370 382 346 387 368 301 391 342 403 458 413 434 488 491 427 517]
backward,6,6,"[9440, 4096]",73.75,"[8192, 4096]",64.0,[523 617 690 509 437 391 531 561 696 429 537 370 444 390 621 446],[497 622 477 567 675 701 531 687 587 458 589 592 520 563 682 692]
backward,7,7,"[9615, 4096]",75.1171875,"[8192, 4096]",64.0,[586 433 502 407 376 342 687 492 514 801 494 450 493 411 547 657],[691 528 592 620 616 606 561 492 679 768 598 595 538 570 571 590]
backward,8,8,"[9269, 4096]",72.4140625,"[8192, 4096]",64.0,[462 754 774 269 175 403 587 679 803 260 427 402 565 650 681 301],[739 578 662 590 520 447 696 514 803 666 471 520 548 568 536 411]
backward,9,9,"[7128, 4096]",55.6875,"[8192, 4096]",64.0,[582 593 663 291 385 458 458 768 666 312 560 481 463 422 586 504],[283 334 390 315 519 708 429 801 260 312 349 703 365 445 374 541]
backward,10,10,"[9342, 4096]",72.984375,"[8192, 4096]",64.0,[609 769 602 501 394 413 589 598 471 349 633 438 383 461 586 396],[644 585 535 560 544 635 537 494 427 560 633 565 771 628 646 578]
backward,11,11,"[6773, 4096]",52.9140625,"[8192, 4096]",64.0,[480 470 489 392 481 434 592 595 520 703 565 466 493 439 536 537],[362 457 365 416 394 453 370 450 402 481 438 466 339 417 469 494]
backward,12,12,"[7469, 4096]",58.3515625,"[8192, 4096]",64.0,[674 548 573 446 587 488 520 538 548 365 771 339 448 419 511 417],[506 481 473 496 471 412 444 493 565 463 383 493 448 377 481 483]
backward,13,13,"[7505, 4096]",58.6328125,"[8192, 4096]",64.0,[731 526 476 443 609 491 563 570 568 445 628 417 377 393 551 404],[550 485 399 506 515 390 390 411 650 422 461 439 419 393 575 500]
backward,14,14,"[8990, 4096]",70.234375,"[8192, 4096]",64.0,[651 509 516 399 400 427 682 571 536 374 646 469 481 575 559 397],[552 453 564 633 592 531 621 547 681 586 586 536 511 551 559 487]
backward,15,15,"[7629, 4096]",59.6015625,"[8192, 4096]",64.0,[513 496 428 425 555 517 692 590 411 541 578 494 483 500 487 482],[358 421 603 483 545 678 446 657 301 504 396 537 417 404 397 482]
backward,0,0,"[8192, 4096]",64.0,"[2880, 4096]",22.5,[182 162 181 158 153  98 229 173 305 193 105 214 148 209 185 185],[182 457 838 155 843 312 811 706 221 599 499 653 541  70 626 679]
backward,1,1,"[8192, 4096]",64.0,"[7303, 4096]",57.0546875,[457 407 438 414 420 301 436 384 722 651 444 486 342 512 440 449],[162 407 769 186 656 422 837 745 305 471 748 543 615 147 534 645]
backward,2,2,"[8192, 4096]",64.0,"[12439, 4096]",97.1796875,"[ 838  769  426  871  991  840  468  715  616  657  897  664  916  658
 1029 1084]","[ 181  438  426  147  565  432  666 1015  294  383  765  602  702   92
  469 1015]"
backward,3,3,"[8192, 4096]",64.0,"[2419, 4096]",18.8984375,[155 186 147  99 112 162 186 152 147 110 157 199 156 200 151 100],[158 414 871  99 731 272 823 778 179 576 615 660 604  83 643 686]
backward,4,4,"[8192, 4096]",64.0,"[10931, 4096]",85.3984375,[843 656 565 731 834 677 581 561 801 627 760 594 700 608 673 720],[153 420 991 112 834 281 745 656 205 632 605 605 422 160 761 610]
backward,5,5,"[8192, 4096]",64.0,"[5218, 4096]",40.765625,[312 422 432 272 281 250 378 347 204 302 374 238 389 394 305 318],[ 98 301 840 162 677 250 991 877 226 413 951 648 624  37 473 624]
backward,6,6,"[8192, 4096]",64.0,"[12284, 4096]",95.96875,[811 837 666 823 745 991 641 795 514 730 747 885 865 672 773 789],[229 436 468 186 581 378 641 895 308 540 782 633 587  92 582 854]
backward,7,7,"[8192, 4096]",64.0,"[12069, 4096]",94.2890625,"[ 706  745 1015  778  656  877  895  926  654  595  788  702  806  608
  645  673]",[173 384 715 152 561 347 795 926 234 457 924 577 553 139 515 740]
backward,8,8,"[8192, 4096]",64.0,"[3863, 4096]",30.1796875,[221 305 294 179 205 226 308 234 195 203 238 217 270 301 258 209],[305 722 616 147 801 204 514 654 195 833 405 688 573  56 712 767]
backward,9,9,"[8192, 4096]",64.0,"[9054, 4096]",70.734375,[599 471 383 576 632 413 540 457 833 699 532 592 451 725 610 541],[193 651 657 110 627 302 730 595 203 699 605 696 481 118 786 739]
backward,10,10,"[8192, 4096]",64.0,"[10988, 4096]",85.84375,[499 748 765 615 605 951 782 924 405 605 720 873 742 605 532 617],[105 444 897 157 760 374 747 788 238 532 720 658 553  66 632 521]
backward,11,11,"[8192, 4096]",64.0,"[10066, 4096]",78.640625,[653 543 602 660 605 648 633 577 688 696 658 583 677 606 572 665],[214 486 664 199 594 238 885 702 217 592 873 583 481 169 611 684]
backward,12,12,"[8192, 4096]",64.0,"[8688, 4096]",67.875,[541 615 702 604 422 624 587 553 573 481 553 481 509 503 477 463],[148 342 916 156 700 389 865 806 270 451 742 677 509 144 468 609]
backward,13,13,"[8192, 4096]",64.0,"[1913, 4096]",14.9453125,[ 70 147  92  83 160  37  92 139  56 118  66 169 144 229 171 140],[209 512 658 200 608 394 672 608 301 725 605 606 503 229 623 739]
backward,14,14,"[8192, 4096]",64.0,"[9777, 4096]",76.3828125,[626 534 469 643 761 473 582 515 712 786 632 611 468 623 677 665],"[ 185  440 1029  151  673  305  773  645  258  610  532  572  477  171
  677  694]"
backward,15,15,"[8192, 4096]",64.0,"[11180, 4096]",87.34375,"[ 679  645 1015  686  610  624  854  740  767  739  521  684  609  739
  694  574]","[ 185  449 1084  100  720  318  789  673  209  541  617  665  463  140
  665  574]"
backward,0,0,[2880],0.0054931640625,[8192],0.015625,[182 457 838 155 843 312 811 706 221 599 499 653 541  70 626 679],[182 162 181 158 153  98 229 173 305 193 105 214 148 209 185 185]
backward,1,1,[7303],0.013929367065429688,[8192],0.015625,[162 407 769 186 656 422 837 745 305 471 748 543 615 147 534 645],[457 407 438 414 420 301 436 384 722 651 444 486 342 512 440 449]
backward,2,2,[12439],0.023725509643554688,[8192],0.015625,"[ 181  438  426  147  565  432  666 1015  294  383  765  602  702   92
  469 1015]","[ 838  769  426  871  991  840  468  715  616  657  897  664  916  658
 1029 1084]"
backward,3,3,[2419],0.0046138763427734375,[8192],0.015625,[158 414 871  99 731 272 823 778 179 576 615 660 604  83 643 686],[155 186 147  99 112 162 186 152 147 110 157 199 156 200 151 100]
backward,4,4,[10931],0.020849227905273438,[8192],0.015625,[153 420 991 112 834 281 745 656 205 632 605 605 422 160 761 610],[843 656 565 731 834 677 581 561 801 627 760 594 700 608 673 720]
backward,5,5,[5218],0.009952545166015625,[8192],0.015625,[ 98 301 840 162 677 250 991 877 226 413 951 648 624  37 473 624],[312 422 432 272 281 250 378 347 204 302 374 238 389 394 305 318]
backward,6,6,[12284],0.02342987060546875,[8192],0.015625,[229 436 468 186 581 378 641 895 308 540 782 633 587  92 582 854],[811 837 666 823 745 991 641 795 514 730 747 885 865 672 773 789]
backward,7,7,[12069],0.023019790649414062,[8192],0.015625,[173 384 715 152 561 347 795 926 234 457 924 577 553 139 515 740],"[ 706  745 1015  778  656  877  895  926  654  595  788  702  806  608
  645  673]"
backward,8,8,[3863],0.0073680877685546875,[8192],0.015625,[305 722 616 147 801 204 514 654 195 833 405 688 573  56 712 767],[221 305 294 179 205 226 308 234 195 203 238 217 270 301 258 209]
backward,9,9,[9054],0.017269134521484375,[8192],0.015625,[193 651 657 110 627 302 730 595 203 699 605 696 481 118 786 739],[599 471 383 576 632 413 540 457 833 699 532 592 451 725 610 541]
backward,10,10,[10988],0.02095794677734375,[8192],0.015625,[105 444 897 157 760 374 747 788 238 532 720 658 553  66 632 521],[499 748 765 615 605 951 782 924 405 605 720 873 742 605 532 617]
backward,11,11,[10066],0.019199371337890625,[8192],0.015625,[214 486 664 199 594 238 885 702 217 592 873 583 481 169 611 684],[653 543 602 660 605 648 633 577 688 696 658 583 677 606 572 665]
backward,12,12,[8688],0.016571044921875,[8192],0.015625,[148 342 916 156 700 389 865 806 270 451 742 677 509 144 468 609],[541 615 702 604 422 624 587 553 573 481 553 481 509 503 477 463]
backward,13,13,[1913],0.0036487579345703125,[8192],0.015625,[209 512 658 200 608 394 672 608 301 725 605 606 503 229 623 739],[ 70 147  92  83 160  37  92 139  56 118  66 169 144 229 171 140]
backward,14,14,[9777],0.018648147583007812,[8192],0.015625,"[ 185  440 1029  151  673  305  773  645  258  610  532  572  477  171
  677  694]",[626 534 469 643 761 473 582 515 712 786 632 611 468 623 677 665]
backward,15,15,[11180],0.02132415771484375,[8192],0.015625,"[ 185  449 1084  100  720  318  789  673  209  541  617  665  463  140
  665  574]","[ 679  645 1015  686  610  624  854  740  767  739  521  684  609  739
  694  574]"
backward,0,0,"[2880, 4096]",22.5,"[8192, 4096]",64.0,[182 457 838 155 843 312 811 706 221 599 499 653 541  70 626 679],[182 162 181 158 153  98 229 173 305 193 105 214 148 209 185 185]
backward,1,1,"[7303, 4096]",57.0546875,"[8192, 4096]",64.0,[162 407 769 186 656 422 837 745 305 471 748 543 615 147 534 645],[457 407 438 414 420 301 436 384 722 651 444 486 342 512 440 449]
backward,2,2,"[12439, 4096]",97.1796875,"[8192, 4096]",64.0,"[ 181  438  426  147  565  432  666 1015  294  383  765  602  702   92
  469 1015]","[ 838  769  426  871  991  840  468  715  616  657  897  664  916  658
 1029 1084]"
backward,3,3,"[2419, 4096]",18.8984375,"[8192, 4096]",64.0,[158 414 871  99 731 272 823 778 179 576 615 660 604  83 643 686],[155 186 147  99 112 162 186 152 147 110 157 199 156 200 151 100]
backward,4,4,"[10931, 4096]",85.3984375,"[8192, 4096]",64.0,[153 420 991 112 834 281 745 656 205 632 605 605 422 160 761 610],[843 656 565 731 834 677 581 561 801 627 760 594 700 608 673 720]
backward,5,5,"[5218, 4096]",40.765625,"[8192, 4096]",64.0,[ 98 301 840 162 677 250 991 877 226 413 951 648 624  37 473 624],[312 422 432 272 281 250 378 347 204 302 374 238 389 394 305 318]
backward,6,6,"[12284, 4096]",95.96875,"[8192, 4096]",64.0,[229 436 468 186 581 378 641 895 308 540 782 633 587  92 582 854],[811 837 666 823 745 991 641 795 514 730 747 885 865 672 773 789]
backward,7,7,"[12069, 4096]",94.2890625,"[8192, 4096]",64.0,[173 384 715 152 561 347 795 926 234 457 924 577 553 139 515 740],"[ 706  745 1015  778  656  877  895  926  654  595  788  702  806  608
  645  673]"
backward,8,8,"[3863, 4096]",30.1796875,"[8192, 4096]",64.0,[305 722 616 147 801 204 514 654 195 833 405 688 573  56 712 767],[221 305 294 179 205 226 308 234 195 203 238 217 270 301 258 209]
backward,9,9,"[9054, 4096]",70.734375,"[8192, 4096]",64.0,[193 651 657 110 627 302 730 595 203 699 605 696 481 118 786 739],[599 471 383 576 632 413 540 457 833 699 532 592 451 725 610 541]
backward,10,10,"[10988, 4096]",85.84375,"[8192, 4096]",64.0,[105 444 897 157 760 374 747 788 238 532 720 658 553  66 632 521],[499 748 765 615 605 951 782 924 405 605 720 873 742 605 532 617]
backward,11,11,"[10066, 4096]",78.640625,"[8192, 4096]",64.0,[214 486 664 199 594 238 885 702 217 592 873 583 481 169 611 684],[653 543 602 660 605 648 633 577 688 696 658 583 677 606 572 665]
backward,12,12,"[8688, 4096]",67.875,"[8192, 4096]",64.0,[148 342 916 156 700 389 865 806 270 451 742 677 509 144 468 609],[541 615 702 604 422 624 587 553 573 481 553 481 509 503 477 463]
backward,13,13,"[1913, 4096]",14.9453125,"[8192, 4096]",64.0,[209 512 658 200 608 394 672 608 301 725 605 606 503 229 623 739],[ 70 147  92  83 160  37  92 139  56 118  66 169 144 229 171 140]
backward,14,14,"[9777, 4096]",76.3828125,"[8192, 4096]",64.0,"[ 185  440 1029  151  673  305  773  645  258  610  532  572  477  171
  677  694]",[626 534 469 643 761 473 582 515 712 786 632 611 468 623 677 665]
backward,15,15,"[11180, 4096]",87.34375,"[8192, 4096]",64.0,"[ 185  449 1084  100  720  318  789  673  209  541  617  665  463  140
  665  574]","[ 679  645 1015  686  610  624  854  740  767  739  521  684  609  739
  694  574]"
forward,0,0,"[8192, 4096]",64.0,"[3179, 4096]",24.8359375,[213 186 329 214 197 211 175 171 177 130 153 269 197 155 175 227],[213 303 703 170 625 334 899 783 286 515 723 573 478 153 525 909]
forward,1,1,"[8192, 4096]",64.0,"[7210, 4096]",56.328125,[303 404 637 400 670 416 598 426 497 493 443 421 359 400 314 429],[186 404 863 136 778 376 820 770 213 479 701 661 529 111 543 622]
forward,2,2,"[8192, 4096]",64.0,"[12651, 4096]",98.8359375,[703 863 623 846 984 931 908 604 752 674 824 859 999 693 532 856],[329 637 623 146 619 461 599 486 257 840 484 628 404 201 781 697]
forward,3,3,"[8192, 4096]",64.0,"[2277, 4096]",17.7890625,[170 136 146 117 158 103  99 154 133 137 129 194 159 146 168 128],[214 400 846 117 671 324 804 697 217 677 721 617 418 105 708 656]
forward,4,4,"[8192, 4096]",64.0,"[10600, 4096]",82.8125,[625 778 619 671 624 817 768 674 686 684 569 630 644 619 477 715],[197 670 984 158 624 251 674 791 224 657 429 617 463 157 726 570]
forward,5,5,"[8192, 4096]",64.0,"[5659, 4096]",44.2109375,[334 376 461 324 251 327 293 345 271 390 346 328 255 368 634 356],[211 416 931 103 817 327 546 752 205 656 718 607 455 133 717 598]
forward,6,6,"[8192, 4096]",64.0,"[11936, 4096]",93.25,[899 820 599 804 674 546 667 669 772 660 751 763 840 866 923 683],[175 598 908  99 768 293 667 505 176 828 496 673 338 170 876 622]
forward,7,7,"[8192, 4096]",64.0,"[11898, 4096]",92.953125,[783 770 486 697 791 752 505 943 878 860 893 776 722 781 698 563],[171 426 604 154 674 345 669 943 278 527 635 634 592  79 582 879]
forward,8,8,"[8192, 4096]",64.0,"[3956, 4096]",30.90625,[286 213 257 217 224 205 176 278 181 287 248 270 255 258 368 233],[177 497 752 133 686 271 772 878 181 597 768 580 457  33 566 844]
forward,9,9,"[8192, 4096]",64.0,"[10118, 4096]",79.046875,[515 479 840 677 657 656 828 527 597 539 577 666 596 554 644 766],[130 493 674 137 684 390 660 860 287 539 686 668 661 107 554 662]
forward,10,10,"[8192, 4096]",64.0,"[10995, 4096]",85.8984375,"[ 723  701  484  721  429  718  496  635  768  686  803  711  676  777
 1040  627]",[153 443 824 129 569 346 751 893 248 577 803 618 479 147 611 601]
forward,11,11,"[8192, 4096]",64.0,"[9601, 4096]",75.0078125,[573 661 628 617 617 607 673 634 580 668 618 560 580 553 423 609],[269 421 859 194 630 328 763 776 270 666 711 560 430 183 589 543]
forward,12,12,"[8192, 4096]",64.0,"[7841, 4096]",61.2578125,[478 529 404 418 463 455 338 592 457 661 479 430 489 587 505 556],[197 359 999 159 644 255 840 722 255 596 676 580 489 142 617 662]
forward,13,13,"[8192, 4096]",64.0,"[2156, 4096]",16.84375,[153 111 201 105 157 133 170  79  33 107 147 183 142 130 114 191],[155 400 693 146 619 368 866 781 258 554 777 553 587 130 588 717]
forward,14,14,"[8192, 4096]",64.0,"[10163, 4096]",79.3984375,[525 543 781 708 726 717 876 582 566 554 611 589 617 588 374 806],"[ 175  314  532  168  477  634  923  698  368  644 1040  423  505  114
  374  803]"
forward,15,15,"[8192, 4096]",64.0,"[10832, 4096]",84.625,[909 622 697 656 570 598 622 879 844 662 601 543 662 717 803 447],[227 429 856 128 715 356 683 563 233 766 627 609 556 191 806 447]
forward,0,0,[8192],0.015625,[3179],0.0060634613037109375,[213 186 329 214 197 211 175 171 177 130 153 269 197 155 175 227],[213 303 703 170 625 334 899 783 286 515 723 573 478 153 525 909]
forward,1,1,[8192],0.015625,[7210],0.013751983642578125,[303 404 637 400 670 416 598 426 497 493 443 421 359 400 314 429],[186 404 863 136 778 376 820 770 213 479 701 661 529 111 543 622]
forward,2,2,[8192],0.015625,[12651],0.024129867553710938,[703 863 623 846 984 931 908 604 752 674 824 859 999 693 532 856],[329 637 623 146 619 461 599 486 257 840 484 628 404 201 781 697]
forward,3,3,[8192],0.015625,[2277],0.0043430328369140625,[170 136 146 117 158 103  99 154 133 137 129 194 159 146 168 128],[214 400 846 117 671 324 804 697 217 677 721 617 418 105 708 656]
forward,4,4,[8192],0.015625,[10600],0.0202178955078125,[625 778 619 671 624 817 768 674 686 684 569 630 644 619 477 715],[197 670 984 158 624 251 674 791 224 657 429 617 463 157 726 570]
forward,5,5,[8192],0.015625,[5659],0.010793685913085938,[334 376 461 324 251 327 293 345 271 390 346 328 255 368 634 356],[211 416 931 103 817 327 546 752 205 656 718 607 455 133 717 598]
forward,6,6,[8192],0.015625,[11936],0.02276611328125,[899 820 599 804 674 546 667 669 772 660 751 763 840 866 923 683],[175 598 908  99 768 293 667 505 176 828 496 673 338 170 876 622]
forward,7,7,[8192],0.015625,[11898],0.022693634033203125,[783 770 486 697 791 752 505 943 878 860 893 776 722 781 698 563],[171 426 604 154 674 345 669 943 278 527 635 634 592  79 582 879]
forward,8,8,[8192],0.015625,[3956],0.00754547119140625,[286 213 257 217 224 205 176 278 181 287 248 270 255 258 368 233],[177 497 752 133 686 271 772 878 181 597 768 580 457  33 566 844]
forward,9,9,[8192],0.015625,[10118],0.019298553466796875,[515 479 840 677 657 656 828 527 597 539 577 666 596 554 644 766],[130 493 674 137 684 390 660 860 287 539 686 668 661 107 554 662]
forward,10,10,[8192],0.015625,[10995],0.020971298217773438,"[ 723  701  484  721  429  718  496  635  768  686  803  711  676  777
 1040  627]",[153 443 824 129 569 346 751 893 248 577 803 618 479 147 611 601]
forward,11,11,[8192],0.015625,[9601],0.018312454223632812,[573 661 628 617 617 607 673 634 580 668 618 560 580 553 423 609],[269 421 859 194 630 328 763 776 270 666 711 560 430 183 589 543]
forward,12,12,[8192],0.015625,[7841],0.014955520629882812,[478 529 404 418 463 455 338 592 457 661 479 430 489 587 505 556],[197 359 999 159 644 255 840 722 255 596 676 580 489 142 617 662]
forward,13,13,[8192],0.015625,[2156],0.00411224365234375,[153 111 201 105 157 133 170  79  33 107 147 183 142 130 114 191],[155 400 693 146 619 368 866 781 258 554 777 553 587 130 588 717]
forward,14,14,[8192],0.015625,[10163],0.019384384155273438,[525 543 781 708 726 717 876 582 566 554 611 589 617 588 374 806],"[ 175  314  532  168  477  634  923  698  368  644 1040  423  505  114
  374  803]"
forward,15,15,[8192],0.015625,[10832],0.020660400390625,[909 622 697 656 570 598 622 879 844 662 601 543 662 717 803 447],[227 429 856 128 715 356 683 563 233 766 627 609 556 191 806 447]
forward,0,0,"[3179, 4096]",24.8359375,"[8192, 4096]",64.0,[213 303 703 170 625 334 899 783 286 515 723 573 478 153 525 909],[213 186 329 214 197 211 175 171 177 130 153 269 197 155 175 227]
forward,1,1,"[7210, 4096]",56.328125,"[8192, 4096]",64.0,[186 404 863 136 778 376 820 770 213 479 701 661 529 111 543 622],[303 404 637 400 670 416 598 426 497 493 443 421 359 400 314 429]
forward,2,2,"[12651, 4096]",98.8359375,"[8192, 4096]",64.0,[329 637 623 146 619 461 599 486 257 840 484 628 404 201 781 697],[703 863 623 846 984 931 908 604 752 674 824 859 999 693 532 856]
forward,3,3,"[2277, 4096]",17.7890625,"[8192, 4096]",64.0,[214 400 846 117 671 324 804 697 217 677 721 617 418 105 708 656],[170 136 146 117 158 103  99 154 133 137 129 194 159 146 168 128]
forward,4,4,"[10600, 4096]",82.8125,"[8192, 4096]",64.0,[197 670 984 158 624 251 674 791 224 657 429 617 463 157 726 570],[625 778 619 671 624 817 768 674 686 684 569 630 644 619 477 715]
forward,5,5,"[5659, 4096]",44.2109375,"[8192, 4096]",64.0,[211 416 931 103 817 327 546 752 205 656 718 607 455 133 717 598],[334 376 461 324 251 327 293 345 271 390 346 328 255 368 634 356]
forward,6,6,"[11936, 4096]",93.25,"[8192, 4096]",64.0,[175 598 908  99 768 293 667 505 176 828 496 673 338 170 876 622],[899 820 599 804 674 546 667 669 772 660 751 763 840 866 923 683]
forward,7,7,"[11898, 4096]",92.953125,"[8192, 4096]",64.0,[171 426 604 154 674 345 669 943 278 527 635 634 592  79 582 879],[783 770 486 697 791 752 505 943 878 860 893 776 722 781 698 563]
forward,8,8,"[3956, 4096]",30.90625,"[8192, 4096]",64.0,[177 497 752 133 686 271 772 878 181 597 768 580 457  33 566 844],[286 213 257 217 224 205 176 278 181 287 248 270 255 258 368 233]
forward,9,9,"[10118, 4096]",79.046875,"[8192, 4096]",64.0,[130 493 674 137 684 390 660 860 287 539 686 668 661 107 554 662],[515 479 840 677 657 656 828 527 597 539 577 666 596 554 644 766]
forward,10,10,"[10995, 4096]",85.8984375,"[8192, 4096]",64.0,[153 443 824 129 569 346 751 893 248 577 803 618 479 147 611 601],"[ 723  701  484  721  429  718  496  635  768  686  803  711  676  777
 1040  627]"
forward,11,11,"[9601, 4096]",75.0078125,"[8192, 4096]",64.0,[269 421 859 194 630 328 763 776 270 666 711 560 430 183 589 543],[573 661 628 617 617 607 673 634 580 668 618 560 580 553 423 609]
forward,12,12,"[7841, 4096]",61.2578125,"[8192, 4096]",64.0,[197 359 999 159 644 255 840 722 255 596 676 580 489 142 617 662],[478 529 404 418 463 455 338 592 457 661 479 430 489 587 505 556]
forward,13,13,"[2156, 4096]",16.84375,"[8192, 4096]",64.0,[155 400 693 146 619 368 866 781 258 554 777 553 587 130 588 717],[153 111 201 105 157 133 170  79  33 107 147 183 142 130 114 191]
forward,14,14,"[10163, 4096]",79.3984375,"[8192, 4096]",64.0,"[ 175  314  532  168  477  634  923  698  368  644 1040  423  505  114
  374  803]",[525 543 781 708 726 717 876 582 566 554 611 589 617 588 374 806]
forward,15,15,"[10832, 4096]",84.625,"[8192, 4096]",64.0,[227 429 856 128 715 356 683 563 233 766 627 609 556 191 806 447],[909 622 697 656 570 598 622 879 844 662 601 543 662 717 803 447]
forward,0,0,"[8192, 4096]",64.0,"[9904, 4096]",77.375,[661 671 579 533 553 651 567 536 403 628 661 635 626 704 723 773],[661 486 498 380 471 327 586 582 587 539 634 408 535 453 468 577]
forward,1,1,"[8192, 4096]",64.0,"[9106, 4096]",71.140625,[486 648 584 496 508 572 550 793 618 696 551 527 520 513 582 462],[671 648 550 424 332 332 559 693 562 444 603 390 484 436 586 478]
forward,2,2,"[8192, 4096]",64.0,"[7928, 4096]",61.9375,[498 550 506 383 628 472 420 643 610 622 525 430 505 393 374 369],[579 584 506 509 369 466 547 641 649 361 621 445 498 621 483 313]
forward,3,3,"[8192, 4096]",64.0,"[7066, 4096]",55.203125,[380 424 509 388 335 591 406 362 322 552 595 451 338 415 519 479],[533 496 383 388 515 434 541 612 510 776 446 457 473 524 547 557]
forward,4,4,"[8192, 4096]",64.0,"[6772, 4096]",52.90625,[471 332 369 515 459 368 383 283 249 444 468 418 444 507 646 416],[553 508 628 335 459 465 553 620 590 342 603 481 536 557 573 389]
forward,5,5,"[8192, 4096]",64.0,"[6481, 4096]",50.6328125,[327 332 466 434 465 404 516 450 381 385 434 380 408 369 252 478],[651 572 472 591 368 404 653 696 514 432 436 387 370 607 601 438]
forward,6,6,"[8192, 4096]",64.0,"[9230, 4096]",72.109375,[586 559 547 541 553 653 622 541 588 503 608 614 612 632 448 623],[567 550 420 406 383 516 622 685 499 520 463 357 469 633 582 520]
forward,7,7,"[8192, 4096]",64.0,"[9708, 4096]",75.84375,[582 693 641 612 620 696 685 589 583 629 584 548 569 551 496 630],[536 793 643 362 283 450 541 589 519 450 538 400 447 424 583 634]
forward,8,8,"[8192, 4096]",64.0,"[8801, 4096]",68.7578125,[587 562 649 510 590 514 499 519 616 538 579 523 508 523 559 525],[403 618 610 322 249 381 588 583 616 738 449 540 475 468 526 626]
forward,9,9,"[8192, 4096]",64.0,"[8264, 4096]",64.5625,[539 444 361 776 342 432 520 450 738 286 429 648 536 641 612 510],[628 696 622 552 444 385 503 629 538 286 610 484 441 418 600 356]
forward,10,10,"[8192, 4096]",64.0,"[8918, 4096]",69.671875,[634 603 621 446 603 436 463 538 449 610 489 591 616 573 690 556],[661 551 525 595 468 434 608 584 579 429 489 390 457 503 493 426]
forward,11,11,"[8192, 4096]",64.0,"[7156, 4096]",55.90625,[408 390 445 457 481 387 357 400 540 484 390 397 469 433 734 384],[635 527 430 451 418 380 614 548 523 648 591 397 459 500 536 535]
forward,12,12,"[8192, 4096]",64.0,"[7568, 4096]",59.125,[535 484 498 473 536 370 469 447 475 441 457 459 469 458 508 489],[626 520 505 338 444 408 612 569 508 536 616 469 469 422 604 546]
forward,13,13,"[8192, 4096]",64.0,"[7876, 4096]",61.53125,[453 436 621 524 557 607 633 424 468 418 503 500 422 409 323 578],[704 513 393 415 507 369 632 551 523 641 573 433 458 409 523 548]
forward,14,14,"[8192, 4096]",64.0,"[8616, 4096]",67.3125,[468 586 483 547 573 601 582 583 526 600 493 536 604 523 392 519],[723 582 374 519 646 252 448 496 559 612 690 734 508 323 392 334]
forward,15,15,"[8192, 4096]",64.0,"[7678, 4096]",59.984375,[577 478 313 557 389 438 520 634 626 356 426 535 546 548 334 401],[773 462 369 479 416 478 623 630 525 510 556 384 489 578 519 401]
forward,0,0,[8192],0.015625,[9904],0.018890380859375,[661 671 579 533 553 651 567 536 403 628 661 635 626 704 723 773],[661 486 498 380 471 327 586 582 587 539 634 408 535 453 468 577]
forward,1,1,[8192],0.015625,[9106],0.017368316650390625,[486 648 584 496 508 572 550 793 618 696 551 527 520 513 582 462],[671 648 550 424 332 332 559 693 562 444 603 390 484 436 586 478]
forward,2,2,[8192],0.015625,[7928],0.0151214599609375,[498 550 506 383 628 472 420 643 610 622 525 430 505 393 374 369],[579 584 506 509 369 466 547 641 649 361 621 445 498 621 483 313]
forward,3,3,[8192],0.015625,[7066],0.013477325439453125,[380 424 509 388 335 591 406 362 322 552 595 451 338 415 519 479],[533 496 383 388 515 434 541 612 510 776 446 457 473 524 547 557]
forward,4,4,[8192],0.015625,[6772],0.01291656494140625,[471 332 369 515 459 368 383 283 249 444 468 418 444 507 646 416],[553 508 628 335 459 465 553 620 590 342 603 481 536 557 573 389]
forward,5,5,[8192],0.015625,[6481],0.012361526489257812,[327 332 466 434 465 404 516 450 381 385 434 380 408 369 252 478],[651 572 472 591 368 404 653 696 514 432 436 387 370 607 601 438]
forward,6,6,[8192],0.015625,[9230],0.017604827880859375,[586 559 547 541 553 653 622 541 588 503 608 614 612 632 448 623],[567 550 420 406 383 516 622 685 499 520 463 357 469 633 582 520]
forward,7,7,[8192],0.015625,[9708],0.01851654052734375,[582 693 641 612 620 696 685 589 583 629 584 548 569 551 496 630],[536 793 643 362 283 450 541 589 519 450 538 400 447 424 583 634]
forward,8,8,[8192],0.015625,[8801],0.016786575317382812,[587 562 649 510 590 514 499 519 616 538 579 523 508 523 559 525],[403 618 610 322 249 381 588 583 616 738 449 540 475 468 526 626]
forward,9,9,[8192],0.015625,[8264],0.0157623291015625,[539 444 361 776 342 432 520 450 738 286 429 648 536 641 612 510],[628 696 622 552 444 385 503 629 538 286 610 484 441 418 600 356]
forward,10,10,[8192],0.015625,[8918],0.017009735107421875,[634 603 621 446 603 436 463 538 449 610 489 591 616 573 690 556],[661 551 525 595 468 434 608 584 579 429 489 390 457 503 493 426]
forward,11,11,[8192],0.015625,[7156],0.01364898681640625,[408 390 445 457 481 387 357 400 540 484 390 397 469 433 734 384],[635 527 430 451 418 380 614 548 523 648 591 397 459 500 536 535]
forward,12,12,[8192],0.015625,[7568],0.014434814453125,[535 484 498 473 536 370 469 447 475 441 457 459 469 458 508 489],[626 520 505 338 444 408 612 569 508 536 616 469 469 422 604 546]
forward,13,13,[8192],0.015625,[7876],0.01502227783203125,[453 436 621 524 557 607 633 424 468 418 503 500 422 409 323 578],[704 513 393 415 507 369 632 551 523 641 573 433 458 409 523 548]
forward,14,14,[8192],0.015625,[8616],0.0164337158203125,[468 586 483 547 573 601 582 583 526 600 493 536 604 523 392 519],[723 582 374 519 646 252 448 496 559 612 690 734 508 323 392 334]
forward,15,15,[8192],0.015625,[7678],0.014644622802734375,[577 478 313 557 389 438 520 634 626 356 426 535 546 548 334 401],[773 462 369 479 416 478 623 630 525 510 556 384 489 578 519 401]
forward,0,0,"[9904, 4096]",77.375,"[8192, 4096]",64.0,[661 486 498 380 471 327 586 582 587 539 634 408 535 453 468 577],[661 671 579 533 553 651 567 536 403 628 661 635 626 704 723 773]
forward,1,1,"[9106, 4096]",71.140625,"[8192, 4096]",64.0,[671 648 550 424 332 332 559 693 562 444 603 390 484 436 586 478],[486 648 584 496 508 572 550 793 618 696 551 527 520 513 582 462]
forward,2,2,"[7928, 4096]",61.9375,"[8192, 4096]",64.0,[579 584 506 509 369 466 547 641 649 361 621 445 498 621 483 313],[498 550 506 383 628 472 420 643 610 622 525 430 505 393 374 369]
forward,3,3,"[7066, 4096]",55.203125,"[8192, 4096]",64.0,[533 496 383 388 515 434 541 612 510 776 446 457 473 524 547 557],[380 424 509 388 335 591 406 362 322 552 595 451 338 415 519 479]
forward,4,4,"[6772, 4096]",52.90625,"[8192, 4096]",64.0,[553 508 628 335 459 465 553 620 590 342 603 481 536 557 573 389],[471 332 369 515 459 368 383 283 249 444 468 418 444 507 646 416]
forward,5,5,"[6481, 4096]",50.6328125,"[8192, 4096]",64.0,[651 572 472 591 368 404 653 696 514 432 436 387 370 607 601 438],[327 332 466 434 465 404 516 450 381 385 434 380 408 369 252 478]
forward,6,6,"[9230, 4096]",72.109375,"[8192, 4096]",64.0,[567 550 420 406 383 516 622 685 499 520 463 357 469 633 582 520],[586 559 547 541 553 653 622 541 588 503 608 614 612 632 448 623]
forward,7,7,"[9708, 4096]",75.84375,"[8192, 4096]",64.0,[536 793 643 362 283 450 541 589 519 450 538 400 447 424 583 634],[582 693 641 612 620 696 685 589 583 629 584 548 569 551 496 630]
forward,8,8,"[8801, 4096]",68.7578125,"[8192, 4096]",64.0,[403 618 610 322 249 381 588 583 616 738 449 540 475 468 526 626],[587 562 649 510 590 514 499 519 616 538 579 523 508 523 559 525]
forward,9,9,"[8264, 4096]",64.5625,"[8192, 4096]",64.0,[628 696 622 552 444 385 503 629 538 286 610 484 441 418 600 356],[539 444 361 776 342 432 520 450 738 286 429 648 536 641 612 510]
forward,10,10,"[8918, 4096]",69.671875,"[8192, 4096]",64.0,[661 551 525 595 468 434 608 584 579 429 489 390 457 503 493 426],[634 603 621 446 603 436 463 538 449 610 489 591 616 573 690 556]
forward,11,11,"[7156, 4096]",55.90625,"[8192, 4096]",64.0,[635 527 430 451 418 380 614 548 523 648 591 397 459 500 536 535],[408 390 445 457 481 387 357 400 540 484 390 397 469 433 734 384]
forward,12,12,"[7568, 4096]",59.125,"[8192, 4096]",64.0,[626 520 505 338 444 408 612 569 508 536 616 469 469 422 604 546],[535 484 498 473 536 370 469 447 475 441 457 459 469 458 508 489]
forward,13,13,"[7876, 4096]",61.53125,"[8192, 4096]",64.0,[704 513 393 415 507 369 632 551 523 641 573 433 458 409 523 548],[453 436 621 524 557 607 633 424 468 418 503 500 422 409 323 578]
forward,14,14,"[8616, 4096]",67.3125,"[8192, 4096]",64.0,[723 582 374 519 646 252 448 496 559 612 690 734 508 323 392 334],[468 586 483 547 573 601 582 583 526 600 493 536 604 523 392 519]
forward,15,15,"[7678, 4096]",59.984375,"[8192, 4096]",64.0,[773 462 369 479 416 478 623 630 525 510 556 384 489 578 519 401],[577 478 313 557 389 438 520 634 626 356 426 535 546 548 334 401]
forward,0,0,"[8192, 4096]",64.0,"[8112, 4096]",63.375,[481 646 369 538 330 520 448 468 492 880 491 536 463 592 374 484],[481 443 289 547 555 987 431 582 411 531 462 597 491 498 367 520]
forward,1,1,"[8192, 4096]",64.0,"[7447, 4096]",58.1796875,[443 608 254 395 431 381 366 691 769 939 421 383 432 412 251 271],[646 608 462 492 672 677 339 546 383 534 386 384 477 558 528 500]
forward,2,2,"[8192, 4096]",64.0,"[7293, 4096]",56.9765625,[289 462 210 402 409 491 257 484 778 812 407 451 321 497 676 347],[369 254 210 798 484 758 467 745 529 429 923 387 562 448 476 353]
forward,3,3,"[8192, 4096]",64.0,"[9281, 4096]",72.5078125,[547 492 798 576 692 569 715 671 482 480 524 575 624 489 407 640],[538 395 402 576 514 607 335 630 391 362 591 670 635 516 430 600]
forward,4,4,"[8192, 4096]",64.0,"[8876, 4096]",69.34375,[555 672 484 514 491 539 471 727 657 573 545 423 530 548 699 448],[330 431 409 692 491 758 428 558 216 568 619 470 610 563 589 460]
forward,5,5,"[8192, 4096]",64.0,"[10929, 4096]",85.3828125,[987 677 758 607 758 569 612 672 572 375 814 623 776 706 906 517],[520 381 491 569 539 569 375 575 318 384 519 603 665 693 499 492]
forward,6,6,"[8192, 4096]",64.0,"[6507, 4096]",50.8359375,[431 339 467 335 428 375 326 378 229 427 416 444 451 417 567 477],[448 366 257 715 471 612 326 649 430 454 858 488 613 561 494 450]
forward,7,7,"[8192, 4096]",64.0,"[9073, 4096]",70.8828125,[582 546 745 630 558 575 649 622 538 354 509 551 560 505 539 610],[468 691 484 671 727 672 378 622 253 557 416 184 531 518 448 572]
forward,8,8,"[8192, 4096]",64.0,"[6268, 4096]",48.96875,[411 383 529 391 216 318 430 253 309 197 375 406 352 374 768 556],[492 769 778 482 657 572 229 538 309 464 305 345 751 544 484 473]
forward,9,9,"[8192, 4096]",64.0,"[7383, 4096]",57.6796875,[531 534 429 362 568 384 454 557 464 525 544 404 405 420 452 350],[880 939 812 480 573 375 427 354 197 525 208 378 612 599 395 438]
forward,10,10,"[8192, 4096]",64.0,"[8335, 4096]",65.1171875,[462 386 923 591 619 519 858 416 305 208 402 575 506 453 372 740],[491 421 407 524 545 814 416 509 375 544 402 609 624 574 428 509]
forward,11,11,"[8192, 4096]",64.0,"[7980, 4096]",62.34375,[597 384 387 670 470 603 488 184 345 378 609 610 522 613 536 584],[536 383 451 575 423 623 444 551 406 404 575 610 526 496 599 590]
forward,12,12,"[8192, 4096]",64.0,"[9115, 4096]",71.2109375,[491 477 562 635 610 665 613 531 751 612 624 526 493 463 440 622],[463 432 321 624 530 776 451 560 352 405 506 522 493 560 572 625]
forward,13,13,"[8192, 4096]",64.0,"[8443, 4096]",65.9609375,[498 558 448 516 563 693 561 518 544 599 574 496 560 471 319 525],[592 412 497 489 548 706 417 505 374 420 453 613 463 471 560 672]
forward,14,14,"[8192, 4096]",64.0,"[7863, 4096]",61.4296875,[367 528 476 430 589 499 494 448 484 395 428 599 572 560 446 548],[374 251 676 407 699 906 567 539 768 452 372 536 440 319 446 440]
forward,15,15,"[8192, 4096]",64.0,"[8167, 4096]",63.8046875,[520 500 353 600 460 492 450 572 473 438 509 590 625 672 440 473],[484 271 347 640 448 517 477 610 556 350 740 584 622 525 548 473]
forward,0,0,[8192],0.015625,[8112],0.015472412109375,[481 646 369 538 330 520 448 468 492 880 491 536 463 592 374 484],[481 443 289 547 555 987 431 582 411 531 462 597 491 498 367 520]
forward,1,1,[8192],0.015625,[7447],0.014204025268554688,[443 608 254 395 431 381 366 691 769 939 421 383 432 412 251 271],[646 608 462 492 672 677 339 546 383 534 386 384 477 558 528 500]
forward,2,2,[8192],0.015625,[7293],0.013910293579101562,[289 462 210 402 409 491 257 484 778 812 407 451 321 497 676 347],[369 254 210 798 484 758 467 745 529 429 923 387 562 448 476 353]
forward,3,3,[8192],0.015625,[9281],0.017702102661132812,[547 492 798 576 692 569 715 671 482 480 524 575 624 489 407 640],[538 395 402 576 514 607 335 630 391 362 591 670 635 516 430 600]
forward,4,4,[8192],0.015625,[8876],0.01692962646484375,[555 672 484 514 491 539 471 727 657 573 545 423 530 548 699 448],[330 431 409 692 491 758 428 558 216 568 619 470 610 563 589 460]
forward,5,5,[8192],0.015625,[10929],0.020845413208007812,[987 677 758 607 758 569 612 672 572 375 814 623 776 706 906 517],[520 381 491 569 539 569 375 575 318 384 519 603 665 693 499 492]
forward,6,6,[8192],0.015625,[6507],0.012411117553710938,[431 339 467 335 428 375 326 378 229 427 416 444 451 417 567 477],[448 366 257 715 471 612 326 649 430 454 858 488 613 561 494 450]
forward,7,7,[8192],0.015625,[9073],0.017305374145507812,[582 546 745 630 558 575 649 622 538 354 509 551 560 505 539 610],[468 691 484 671 727 672 378 622 253 557 416 184 531 518 448 572]
forward,8,8,[8192],0.015625,[6268],0.01195526123046875,[411 383 529 391 216 318 430 253 309 197 375 406 352 374 768 556],[492 769 778 482 657 572 229 538 309 464 305 345 751 544 484 473]
forward,9,9,[8192],0.015625,[7383],0.014081954956054688,[531 534 429 362 568 384 454 557 464 525 544 404 405 420 452 350],[880 939 812 480 573 375 427 354 197 525 208 378 612 599 395 438]
forward,10,10,[8192],0.015625,[8335],0.015897750854492188,[462 386 923 591 619 519 858 416 305 208 402 575 506 453 372 740],[491 421 407 524 545 814 416 509 375 544 402 609 624 574 428 509]
forward,11,11,[8192],0.015625,[7980],0.01522064208984375,[597 384 387 670 470 603 488 184 345 378 609 610 522 613 536 584],[536 383 451 575 423 623 444 551 406 404 575 610 526 496 599 590]
forward,12,12,[8192],0.015625,[9115],0.017385482788085938,[491 477 562 635 610 665 613 531 751 612 624 526 493 463 440 622],[463 432 321 624 530 776 451 560 352 405 506 522 493 560 572 625]
forward,13,13,[8192],0.015625,[8443],0.016103744506835938,[498 558 448 516 563 693 561 518 544 599 574 496 560 471 319 525],[592 412 497 489 548 706 417 505 374 420 453 613 463 471 560 672]
forward,14,14,[8192],0.015625,[7863],0.014997482299804688,[367 528 476 430 589 499 494 448 484 395 428 599 572 560 446 548],[374 251 676 407 699 906 567 539 768 452 372 536 440 319 446 440]
forward,15,15,[8192],0.015625,[8167],0.015577316284179688,[520 500 353 600 460 492 450 572 473 438 509 590 625 672 440 473],[484 271 347 640 448 517 477 610 556 350 740 584 622 525 548 473]
forward,0,0,"[8112, 4096]",63.375,"[8192, 4096]",64.0,[481 443 289 547 555 987 431 582 411 531 462 597 491 498 367 520],[481 646 369 538 330 520 448 468 492 880 491 536 463 592 374 484]
forward,1,1,"[7447, 4096]",58.1796875,"[8192, 4096]",64.0,[646 608 462 492 672 677 339 546 383 534 386 384 477 558 528 500],[443 608 254 395 431 381 366 691 769 939 421 383 432 412 251 271]
forward,2,2,"[7293, 4096]",56.9765625,"[8192, 4096]",64.0,[369 254 210 798 484 758 467 745 529 429 923 387 562 448 476 353],[289 462 210 402 409 491 257 484 778 812 407 451 321 497 676 347]
forward,3,3,"[9281, 4096]",72.5078125,"[8192, 4096]",64.0,[538 395 402 576 514 607 335 630 391 362 591 670 635 516 430 600],[547 492 798 576 692 569 715 671 482 480 524 575 624 489 407 640]
forward,4,4,"[8876, 4096]",69.34375,"[8192, 4096]",64.0,[330 431 409 692 491 758 428 558 216 568 619 470 610 563 589 460],[555 672 484 514 491 539 471 727 657 573 545 423 530 548 699 448]
forward,5,5,"[10929, 4096]",85.3828125,"[8192, 4096]",64.0,[520 381 491 569 539 569 375 575 318 384 519 603 665 693 499 492],[987 677 758 607 758 569 612 672 572 375 814 623 776 706 906 517]
forward,6,6,"[6507, 4096]",50.8359375,"[8192, 4096]",64.0,[448 366 257 715 471 612 326 649 430 454 858 488 613 561 494 450],[431 339 467 335 428 375 326 378 229 427 416 444 451 417 567 477]
forward,7,7,"[9073, 4096]",70.8828125,"[8192, 4096]",64.0,[468 691 484 671 727 672 378 622 253 557 416 184 531 518 448 572],[582 546 745 630 558 575 649 622 538 354 509 551 560 505 539 610]
forward,8,8,"[6268, 4096]",48.96875,"[8192, 4096]",64.0,[492 769 778 482 657 572 229 538 309 464 305 345 751 544 484 473],[411 383 529 391 216 318 430 253 309 197 375 406 352 374 768 556]
forward,9,9,"[7383, 4096]",57.6796875,"[8192, 4096]",64.0,[880 939 812 480 573 375 427 354 197 525 208 378 612 599 395 438],[531 534 429 362 568 384 454 557 464 525 544 404 405 420 452 350]
forward,10,10,"[8335, 4096]",65.1171875,"[8192, 4096]",64.0,[491 421 407 524 545 814 416 509 375 544 402 609 624 574 428 509],[462 386 923 591 619 519 858 416 305 208 402 575 506 453 372 740]
forward,11,11,"[7980, 4096]",62.34375,"[8192, 4096]",64.0,[536 383 451 575 423 623 444 551 406 404 575 610 526 496 599 590],[597 384 387 670 470 603 488 184 345 378 609 610 522 613 536 584]
forward,12,12,"[9115, 4096]",71.2109375,"[8192, 4096]",64.0,[463 432 321 624 530 776 451 560 352 405 506 522 493 560 572 625],[491 477 562 635 610 665 613 531 751 612 624 526 493 463 440 622]
forward,13,13,"[8443, 4096]",65.9609375,"[8192, 4096]",64.0,[592 412 497 489 548 706 417 505 374 420 453 613 463 471 560 672],[498 558 448 516 563 693 561 518 544 599 574 496 560 471 319 525]
forward,14,14,"[7863, 4096]",61.4296875,"[8192, 4096]",64.0,[374 251 676 407 699 906 567 539 768 452 372 536 440 319 446 440],[367 528 476 430 589 499 494 448 484 395 428 599 572 560 446 548]
forward,15,15,"[8167, 4096]",63.8046875,"[8192, 4096]",64.0,[484 271 347 640 448 517 477 610 556 350 740 584 622 525 548 473],[520 500 353 600 460 492 450 572 473 438 509 590 625 672 440 473]
forward,0,0,"[8192, 4096]",64.0,"[8489, 4096]",66.3203125,[583 449 728 520 592 479 594 662 509 291 468 508 512 391 569 634],[583 433 351 573 487 734 511 481 599 520 567 437 267 369 555 725]
forward,1,1,"[8192, 4096]",64.0,"[7216, 4096]",56.375,[433 292 315 496 336 698 460 388 442 446 537 565 552 489 177 590],[449 292 373 567 412 648 448 669 348 648 591 431 352 466 581 917]
forward,2,2,"[8192, 4096]",64.0,"[5976, 4096]",46.6875,[351 373 256 357 325 297 244 353 441 667 398 369 383 428 436 298],[728 315 256 792 402 719 513 510 574 551 525 540 270 463 314 720]
forward,3,3,"[8192, 4096]",64.0,"[9699, 4096]",75.7734375,[573 567 792 583 674 621 791 668 499 630 568 595 521 481 398 738],[520 496 357 583 683 780 581 497 427 456 571 388 290 449 423 691]
forward,4,4,"[8192, 4096]",64.0,"[7818, 4096]",61.078125,[487 412 402 683 448 431 553 372 698 213 583 617 485 508 390 536],[592 336 325 674 448 689 455 475 583 477 762 460 338 417 408 753]
forward,5,5,"[8192, 4096]",64.0,"[11188, 4096]",87.40625,[734 648 719 780 689 649 796 641 645 580 687 682 730 673 775 760],[479 698 297 621 431 649 498 663 503 456 527 535 357 428 348 702]
forward,6,6,"[8192, 4096]",64.0,"[7833, 4096]",61.1953125,[511 448 513 581 455 498 525 571 382 442 526 516 513 539 364 449],[594 460 244 791 553 796 525 473 493 427 613 410 278 423 331 781]
forward,7,7,"[8192, 4096]",64.0,"[8625, 4096]",67.3828125,[481 669 510 497 475 663 473 609 536 651 621 495 419 480 456 590],[662 388 353 668 372 641 571 609 397 484 581 347 216 501 404 998]
forward,8,8,"[8192, 4096]",64.0,"[7864, 4096]",61.4375,[599 348 574 427 583 503 493 397 506 259 538 493 508 459 785 392],[509 442 441 499 698 645 382 536 506 473 707 274 229 589 454 808]
forward,9,9,"[8192, 4096]",64.0,"[9139, 4096]",71.3984375,"[ 520  648  551  456  477  456  427  484  473  802  577  494  426  712
 1206  430]",[291 446 667 630 213 580 442 651 259 802 601 467 522 439 394 788]
forward,10,10,"[8192, 4096]",64.0,"[9336, 4096]",72.9375,[567 591 525 571 762 527 613 581 707 601 595 585 698 583 296 534],[468 537 398 568 583 687 526 621 538 577 595 438 269 368 369 650]
forward,11,11,"[8192, 4096]",64.0,"[7288, 4096]",56.9375,[437 431 540 388 460 535 410 347 274 467 438 490 472 541 525 533],[508 565 369 595 617 682 516 495 493 494 585 490 339 384 453 607]
forward,12,12,"[8192, 4096]",64.0,"[4831, 4096]",37.7421875,[267 352 270 290 338 357 278 216 229 522 269 339 342 341 137 284],[512 552 383 521 485 730 513 419 508 426 698 472 342 407 476 748]
forward,13,13,"[8192, 4096]",64.0,"[7034, 4096]",54.953125,[369 466 463 449 417 428 423 501 589 439 368 384 407 437 464 430],[391 489 428 481 508 673 539 480 459 712 583 541 341 437 470 660]
forward,14,14,"[8192, 4096]",64.0,"[6915, 4096]",54.0234375,[555 581 314 423 408 348 331 404 454 394 369 453 476 470 568 367],"[ 569  177  436  398  390  775  364  456  785 1206  296  525  137  464
  568  646]"
forward,15,15,"[8192, 4096]",64.0,"[11821, 4096]",92.3515625,[725 917 720 691 753 702 781 998 808 788 650 607 748 660 646 627],[634 590 298 738 536 760 449 590 392 430 534 533 284 430 367 627]
forward,0,0,[8192],0.015625,[8489],0.016191482543945312,[583 449 728 520 592 479 594 662 509 291 468 508 512 391 569 634],[583 433 351 573 487 734 511 481 599 520 567 437 267 369 555 725]
forward,1,1,[8192],0.015625,[7216],0.013763427734375,[433 292 315 496 336 698 460 388 442 446 537 565 552 489 177 590],[449 292 373 567 412 648 448 669 348 648 591 431 352 466 581 917]
forward,2,2,[8192],0.015625,[5976],0.0113983154296875,[351 373 256 357 325 297 244 353 441 667 398 369 383 428 436 298],[728 315 256 792 402 719 513 510 574 551 525 540 270 463 314 720]
forward,3,3,[8192],0.015625,[9699],0.018499374389648438,[573 567 792 583 674 621 791 668 499 630 568 595 521 481 398 738],[520 496 357 583 683 780 581 497 427 456 571 388 290 449 423 691]
forward,4,4,[8192],0.015625,[7818],0.014911651611328125,[487 412 402 683 448 431 553 372 698 213 583 617 485 508 390 536],[592 336 325 674 448 689 455 475 583 477 762 460 338 417 408 753]
forward,5,5,[8192],0.015625,[11188],0.02133941650390625,[734 648 719 780 689 649 796 641 645 580 687 682 730 673 775 760],[479 698 297 621 431 649 498 663 503 456 527 535 357 428 348 702]
forward,6,6,[8192],0.015625,[7833],0.014940261840820312,[511 448 513 581 455 498 525 571 382 442 526 516 513 539 364 449],[594 460 244 791 553 796 525 473 493 427 613 410 278 423 331 781]
forward,7,7,[8192],0.015625,[8625],0.016450881958007812,[481 669 510 497 475 663 473 609 536 651 621 495 419 480 456 590],[662 388 353 668 372 641 571 609 397 484 581 347 216 501 404 998]
forward,8,8,[8192],0.015625,[7864],0.0149993896484375,[599 348 574 427 583 503 493 397 506 259 538 493 508 459 785 392],[509 442 441 499 698 645 382 536 506 473 707 274 229 589 454 808]
forward,9,9,[8192],0.015625,[9139],0.017431259155273438,"[ 520  648  551  456  477  456  427  484  473  802  577  494  426  712
 1206  430]",[291 446 667 630 213 580 442 651 259 802 601 467 522 439 394 788]
forward,10,10,[8192],0.015625,[9336],0.0178070068359375,[567 591 525 571 762 527 613 581 707 601 595 585 698 583 296 534],[468 537 398 568 583 687 526 621 538 577 595 438 269 368 369 650]
forward,11,11,[8192],0.015625,[7288],0.0139007568359375,[437 431 540 388 460 535 410 347 274 467 438 490 472 541 525 533],[508 565 369 595 617 682 516 495 493 494 585 490 339 384 453 607]
forward,12,12,[8192],0.015625,[4831],0.009214401245117188,[267 352 270 290 338 357 278 216 229 522 269 339 342 341 137 284],[512 552 383 521 485 730 513 419 508 426 698 472 342 407 476 748]
forward,13,13,[8192],0.015625,[7034],0.013416290283203125,[369 466 463 449 417 428 423 501 589 439 368 384 407 437 464 430],[391 489 428 481 508 673 539 480 459 712 583 541 341 437 470 660]
forward,14,14,[8192],0.015625,[6915],0.013189315795898438,[555 581 314 423 408 348 331 404 454 394 369 453 476 470 568 367],"[ 569  177  436  398  390  775  364  456  785 1206  296  525  137  464
  568  646]"
forward,15,15,[8192],0.015625,[11821],0.022546768188476562,[725 917 720 691 753 702 781 998 808 788 650 607 748 660 646 627],[634 590 298 738 536 760 449 590 392 430 534 533 284 430 367 627]
forward,0,0,"[8489, 4096]",66.3203125,"[8192, 4096]",64.0,[583 433 351 573 487 734 511 481 599 520 567 437 267 369 555 725],[583 449 728 520 592 479 594 662 509 291 468 508 512 391 569 634]
forward,1,1,"[7216, 4096]",56.375,"[8192, 4096]",64.0,[449 292 373 567 412 648 448 669 348 648 591 431 352 466 581 917],[433 292 315 496 336 698 460 388 442 446 537 565 552 489 177 590]
forward,2,2,"[5976, 4096]",46.6875,"[8192, 4096]",64.0,[728 315 256 792 402 719 513 510 574 551 525 540 270 463 314 720],[351 373 256 357 325 297 244 353 441 667 398 369 383 428 436 298]
forward,3,3,"[9699, 4096]",75.7734375,"[8192, 4096]",64.0,[520 496 357 583 683 780 581 497 427 456 571 388 290 449 423 691],[573 567 792 583 674 621 791 668 499 630 568 595 521 481 398 738]
forward,4,4,"[7818, 4096]",61.078125,"[8192, 4096]",64.0,[592 336 325 674 448 689 455 475 583 477 762 460 338 417 408 753],[487 412 402 683 448 431 553 372 698 213 583 617 485 508 390 536]
forward,5,5,"[11188, 4096]",87.40625,"[8192, 4096]",64.0,[479 698 297 621 431 649 498 663 503 456 527 535 357 428 348 702],[734 648 719 780 689 649 796 641 645 580 687 682 730 673 775 760]
forward,6,6,"[7833, 4096]",61.1953125,"[8192, 4096]",64.0,[594 460 244 791 553 796 525 473 493 427 613 410 278 423 331 781],[511 448 513 581 455 498 525 571 382 442 526 516 513 539 364 449]
forward,7,7,"[8625, 4096]",67.3828125,"[8192, 4096]",64.0,[662 388 353 668 372 641 571 609 397 484 581 347 216 501 404 998],[481 669 510 497 475 663 473 609 536 651 621 495 419 480 456 590]
forward,8,8,"[7864, 4096]",61.4375,"[8192, 4096]",64.0,[509 442 441 499 698 645 382 536 506 473 707 274 229 589 454 808],[599 348 574 427 583 503 493 397 506 259 538 493 508 459 785 392]
forward,9,9,"[9139, 4096]",71.3984375,"[8192, 4096]",64.0,[291 446 667 630 213 580 442 651 259 802 601 467 522 439 394 788],"[ 520  648  551  456  477  456  427  484  473  802  577  494  426  712
 1206  430]"
forward,10,10,"[9336, 4096]",72.9375,"[8192, 4096]",64.0,[468 537 398 568 583 687 526 621 538 577 595 438 269 368 369 650],[567 591 525 571 762 527 613 581 707 601 595 585 698 583 296 534]
forward,11,11,"[7288, 4096]",56.9375,"[8192, 4096]",64.0,[508 565 369 595 617 682 516 495 493 494 585 490 339 384 453 607],[437 431 540 388 460 535 410 347 274 467 438 490 472 541 525 533]
forward,12,12,"[4831, 4096]",37.7421875,"[8192, 4096]",64.0,[512 552 383 521 485 730 513 419 508 426 698 472 342 407 476 748],[267 352 270 290 338 357 278 216 229 522 269 339 342 341 137 284]
forward,13,13,"[7034, 4096]",54.953125,"[8192, 4096]",64.0,[391 489 428 481 508 673 539 480 459 712 583 541 341 437 470 660],[369 466 463 449 417 428 423 501 589 439 368 384 407 437 464 430]
forward,14,14,"[6915, 4096]",54.0234375,"[8192, 4096]",64.0,"[ 569  177  436  398  390  775  364  456  785 1206  296  525  137  464
  568  646]",[555 581 314 423 408 348 331 404 454 394 369 453 476 470 568 367]
forward,15,15,"[11821, 4096]",92.3515625,"[8192, 4096]",64.0,[634 590 298 738 536 760 449 590 392 430 534 533 284 430 367 627],[725 917 720 691 753 702 781 998 808 788 650 607 748 660 646 627]
backward,0,0,"[8192, 4096]",64.0,"[8489, 4096]",66.3203125,[583 449 728 520 592 479 594 662 509 291 468 508 512 391 569 634],[583 433 351 573 487 734 511 481 599 520 567 437 267 369 555 725]
backward,1,1,"[8192, 4096]",64.0,"[7216, 4096]",56.375,[433 292 315 496 336 698 460 388 442 446 537 565 552 489 177 590],[449 292 373 567 412 648 448 669 348 648 591 431 352 466 581 917]
backward,2,2,"[8192, 4096]",64.0,"[5976, 4096]",46.6875,[351 373 256 357 325 297 244 353 441 667 398 369 383 428 436 298],[728 315 256 792 402 719 513 510 574 551 525 540 270 463 314 720]
backward,3,3,"[8192, 4096]",64.0,"[9699, 4096]",75.7734375,[573 567 792 583 674 621 791 668 499 630 568 595 521 481 398 738],[520 496 357 583 683 780 581 497 427 456 571 388 290 449 423 691]
backward,4,4,"[8192, 4096]",64.0,"[7818, 4096]",61.078125,[487 412 402 683 448 431 553 372 698 213 583 617 485 508 390 536],[592 336 325 674 448 689 455 475 583 477 762 460 338 417 408 753]
backward,5,5,"[8192, 4096]",64.0,"[11188, 4096]",87.40625,[734 648 719 780 689 649 796 641 645 580 687 682 730 673 775 760],[479 698 297 621 431 649 498 663 503 456 527 535 357 428 348 702]
backward,6,6,"[8192, 4096]",64.0,"[7833, 4096]",61.1953125,[511 448 513 581 455 498 525 571 382 442 526 516 513 539 364 449],[594 460 244 791 553 796 525 473 493 427 613 410 278 423 331 781]
backward,7,7,"[8192, 4096]",64.0,"[8625, 4096]",67.3828125,[481 669 510 497 475 663 473 609 536 651 621 495 419 480 456 590],[662 388 353 668 372 641 571 609 397 484 581 347 216 501 404 998]
backward,8,8,"[8192, 4096]",64.0,"[7864, 4096]",61.4375,[599 348 574 427 583 503 493 397 506 259 538 493 508 459 785 392],[509 442 441 499 698 645 382 536 506 473 707 274 229 589 454 808]
backward,9,9,"[8192, 4096]",64.0,"[9139, 4096]",71.3984375,"[ 520  648  551  456  477  456  427  484  473  802  577  494  426  712
 1206  430]",[291 446 667 630 213 580 442 651 259 802 601 467 522 439 394 788]
backward,10,10,"[8192, 4096]",64.0,"[9336, 4096]",72.9375,[567 591 525 571 762 527 613 581 707 601 595 585 698 583 296 534],[468 537 398 568 583 687 526 621 538 577 595 438 269 368 369 650]
backward,11,11,"[8192, 4096]",64.0,"[7288, 4096]",56.9375,[437 431 540 388 460 535 410 347 274 467 438 490 472 541 525 533],[508 565 369 595 617 682 516 495 493 494 585 490 339 384 453 607]
backward,12,12,"[8192, 4096]",64.0,"[4831, 4096]",37.7421875,[267 352 270 290 338 357 278 216 229 522 269 339 342 341 137 284],[512 552 383 521 485 730 513 419 508 426 698 472 342 407 476 748]
backward,13,13,"[8192, 4096]",64.0,"[7034, 4096]",54.953125,[369 466 463 449 417 428 423 501 589 439 368 384 407 437 464 430],[391 489 428 481 508 673 539 480 459 712 583 541 341 437 470 660]
backward,14,14,"[8192, 4096]",64.0,"[6915, 4096]",54.0234375,[555 581 314 423 408 348 331 404 454 394 369 453 476 470 568 367],"[ 569  177  436  398  390  775  364  456  785 1206  296  525  137  464
  568  646]"
backward,15,15,"[8192, 4096]",64.0,"[11821, 4096]",92.3515625,[725 917 720 691 753 702 781 998 808 788 650 607 748 660 646 627],[634 590 298 738 536 760 449 590 392 430 534 533 284 430 367 627]
backward,0,0,[8489],0.016191482543945312,[8192],0.015625,[583 433 351 573 487 734 511 481 599 520 567 437 267 369 555 725],[583 449 728 520 592 479 594 662 509 291 468 508 512 391 569 634]
backward,1,1,[7216],0.013763427734375,[8192],0.015625,[449 292 373 567 412 648 448 669 348 648 591 431 352 466 581 917],[433 292 315 496 336 698 460 388 442 446 537 565 552 489 177 590]
backward,2,2,[5976],0.0113983154296875,[8192],0.015625,[728 315 256 792 402 719 513 510 574 551 525 540 270 463 314 720],[351 373 256 357 325 297 244 353 441 667 398 369 383 428 436 298]
backward,3,3,[9699],0.018499374389648438,[8192],0.015625,[520 496 357 583 683 780 581 497 427 456 571 388 290 449 423 691],[573 567 792 583 674 621 791 668 499 630 568 595 521 481 398 738]
backward,4,4,[7818],0.014911651611328125,[8192],0.015625,[592 336 325 674 448 689 455 475 583 477 762 460 338 417 408 753],[487 412 402 683 448 431 553 372 698 213 583 617 485 508 390 536]
backward,5,5,[11188],0.02133941650390625,[8192],0.015625,[479 698 297 621 431 649 498 663 503 456 527 535 357 428 348 702],[734 648 719 780 689 649 796 641 645 580 687 682 730 673 775 760]
backward,6,6,[7833],0.014940261840820312,[8192],0.015625,[594 460 244 791 553 796 525 473 493 427 613 410 278 423 331 781],[511 448 513 581 455 498 525 571 382 442 526 516 513 539 364 449]
backward,7,7,[8625],0.016450881958007812,[8192],0.015625,[662 388 353 668 372 641 571 609 397 484 581 347 216 501 404 998],[481 669 510 497 475 663 473 609 536 651 621 495 419 480 456 590]
backward,8,8,[7864],0.0149993896484375,[8192],0.015625,[509 442 441 499 698 645 382 536 506 473 707 274 229 589 454 808],[599 348 574 427 583 503 493 397 506 259 538 493 508 459 785 392]
backward,9,9,[9139],0.017431259155273438,[8192],0.015625,[291 446 667 630 213 580 442 651 259 802 601 467 522 439 394 788],"[ 520  648  551  456  477  456  427  484  473  802  577  494  426  712
 1206  430]"
backward,10,10,[9336],0.0178070068359375,[8192],0.015625,[468 537 398 568 583 687 526 621 538 577 595 438 269 368 369 650],[567 591 525 571 762 527 613 581 707 601 595 585 698 583 296 534]
backward,11,11,[7288],0.0139007568359375,[8192],0.015625,[508 565 369 595 617 682 516 495 493 494 585 490 339 384 453 607],[437 431 540 388 460 535 410 347 274 467 438 490 472 541 525 533]
backward,12,12,[4831],0.009214401245117188,[8192],0.015625,[512 552 383 521 485 730 513 419 508 426 698 472 342 407 476 748],[267 352 270 290 338 357 278 216 229 522 269 339 342 341 137 284]
backward,13,13,[7034],0.013416290283203125,[8192],0.015625,[391 489 428 481 508 673 539 480 459 712 583 541 341 437 470 660],[369 466 463 449 417 428 423 501 589 439 368 384 407 437 464 430]
backward,14,14,[6915],0.013189315795898438,[8192],0.015625,"[ 569  177  436  398  390  775  364  456  785 1206  296  525  137  464
  568  646]",[555 581 314 423 408 348 331 404 454 394 369 453 476 470 568 367]
backward,15,15,[11821],0.022546768188476562,[8192],0.015625,[634 590 298 738 536 760 449 590 392 430 534 533 284 430 367 627],[725 917 720 691 753 702 781 998 808 788 650 607 748 660 646 627]
backward,0,0,"[8489, 4096]",66.3203125,"[8192, 4096]",64.0,[583 433 351 573 487 734 511 481 599 520 567 437 267 369 555 725],[583 449 728 520 592 479 594 662 509 291 468 508 512 391 569 634]
backward,1,1,"[7216, 4096]",56.375,"[8192, 4096]",64.0,[449 292 373 567 412 648 448 669 348 648 591 431 352 466 581 917],[433 292 315 496 336 698 460 388 442 446 537 565 552 489 177 590]
backward,2,2,"[5976, 4096]",46.6875,"[8192, 4096]",64.0,[728 315 256 792 402 719 513 510 574 551 525 540 270 463 314 720],[351 373 256 357 325 297 244 353 441 667 398 369 383 428 436 298]
backward,3,3,"[9699, 4096]",75.7734375,"[8192, 4096]",64.0,[520 496 357 583 683 780 581 497 427 456 571 388 290 449 423 691],[573 567 792 583 674 621 791 668 499 630 568 595 521 481 398 738]
backward,4,4,"[7818, 4096]",61.078125,"[8192, 4096]",64.0,[592 336 325 674 448 689 455 475 583 477 762 460 338 417 408 753],[487 412 402 683 448 431 553 372 698 213 583 617 485 508 390 536]
backward,5,5,"[11188, 4096]",87.40625,"[8192, 4096]",64.0,[479 698 297 621 431 649 498 663 503 456 527 535 357 428 348 702],[734 648 719 780 689 649 796 641 645 580 687 682 730 673 775 760]
backward,6,6,"[7833, 4096]",61.1953125,"[8192, 4096]",64.0,[594 460 244 791 553 796 525 473 493 427 613 410 278 423 331 781],[511 448 513 581 455 498 525 571 382 442 526 516 513 539 364 449]
backward,7,7,"[8625, 4096]",67.3828125,"[8192, 4096]",64.0,[662 388 353 668 372 641 571 609 397 484 581 347 216 501 404 998],[481 669 510 497 475 663 473 609 536 651 621 495 419 480 456 590]
backward,8,8,"[7864, 4096]",61.4375,"[8192, 4096]",64.0,[509 442 441 499 698 645 382 536 506 473 707 274 229 589 454 808],[599 348 574 427 583 503 493 397 506 259 538 493 508 459 785 392]
backward,9,9,"[9139, 4096]",71.3984375,"[8192, 4096]",64.0,[291 446 667 630 213 580 442 651 259 802 601 467 522 439 394 788],"[ 520  648  551  456  477  456  427  484  473  802  577  494  426  712
 1206  430]"
backward,10,10,"[9336, 4096]",72.9375,"[8192, 4096]",64.0,[468 537 398 568 583 687 526 621 538 577 595 438 269 368 369 650],[567 591 525 571 762 527 613 581 707 601 595 585 698 583 296 534]
backward,11,11,"[7288, 4096]",56.9375,"[8192, 4096]",64.0,[508 565 369 595 617 682 516 495 493 494 585 490 339 384 453 607],[437 431 540 388 460 535 410 347 274 467 438 490 472 541 525 533]
backward,12,12,"[4831, 4096]",37.7421875,"[8192, 4096]",64.0,[512 552 383 521 485 730 513 419 508 426 698 472 342 407 476 748],[267 352 270 290 338 357 278 216 229 522 269 339 342 341 137 284]
backward,13,13,"[7034, 4096]",54.953125,"[8192, 4096]",64.0,[391 489 428 481 508 673 539 480 459 712 583 541 341 437 470 660],[369 466 463 449 417 428 423 501 589 439 368 384 407 437 464 430]
backward,14,14,"[6915, 4096]",54.0234375,"[8192, 4096]",64.0,"[ 569  177  436  398  390  775  364  456  785 1206  296  525  137  464
  568  646]",[555 581 314 423 408 348 331 404 454 394 369 453 476 470 568 367]
backward,15,15,"[11821, 4096]",92.3515625,"[8192, 4096]",64.0,[634 590 298 738 536 760 449 590 392 430 534 533 284 430 367 627],[725 917 720 691 753 702 781 998 808 788 650 607 748 660 646 627]
backward,0,0,"[8192, 4096]",64.0,"[8112, 4096]",63.375,[481 646 369 538 330 520 448 468 492 880 491 536 463 592 374 484],[481 443 289 547 555 987 431 582 411 531 462 597 491 498 367 520]
backward,1,1,"[8192, 4096]",64.0,"[7447, 4096]",58.1796875,[443 608 254 395 431 381 366 691 769 939 421 383 432 412 251 271],[646 608 462 492 672 677 339 546 383 534 386 384 477 558 528 500]
backward,2,2,"[8192, 4096]",64.0,"[7293, 4096]",56.9765625,[289 462 210 402 409 491 257 484 778 812 407 451 321 497 676 347],[369 254 210 798 484 758 467 745 529 429 923 387 562 448 476 353]
backward,3,3,"[8192, 4096]",64.0,"[9281, 4096]",72.5078125,[547 492 798 576 692 569 715 671 482 480 524 575 624 489 407 640],[538 395 402 576 514 607 335 630 391 362 591 670 635 516 430 600]
backward,4,4,"[8192, 4096]",64.0,"[8876, 4096]",69.34375,[555 672 484 514 491 539 471 727 657 573 545 423 530 548 699 448],[330 431 409 692 491 758 428 558 216 568 619 470 610 563 589 460]
backward,5,5,"[8192, 4096]",64.0,"[10929, 4096]",85.3828125,[987 677 758 607 758 569 612 672 572 375 814 623 776 706 906 517],[520 381 491 569 539 569 375 575 318 384 519 603 665 693 499 492]
backward,6,6,"[8192, 4096]",64.0,"[6507, 4096]",50.8359375,[431 339 467 335 428 375 326 378 229 427 416 444 451 417 567 477],[448 366 257 715 471 612 326 649 430 454 858 488 613 561 494 450]
backward,7,7,"[8192, 4096]",64.0,"[9073, 4096]",70.8828125,[582 546 745 630 558 575 649 622 538 354 509 551 560 505 539 610],[468 691 484 671 727 672 378 622 253 557 416 184 531 518 448 572]
backward,8,8,"[8192, 4096]",64.0,"[6268, 4096]",48.96875,[411 383 529 391 216 318 430 253 309 197 375 406 352 374 768 556],[492 769 778 482 657 572 229 538 309 464 305 345 751 544 484 473]
backward,9,9,"[8192, 4096]",64.0,"[7383, 4096]",57.6796875,[531 534 429 362 568 384 454 557 464 525 544 404 405 420 452 350],[880 939 812 480 573 375 427 354 197 525 208 378 612 599 395 438]
backward,10,10,"[8192, 4096]",64.0,"[8335, 4096]",65.1171875,[462 386 923 591 619 519 858 416 305 208 402 575 506 453 372 740],[491 421 407 524 545 814 416 509 375 544 402 609 624 574 428 509]
backward,11,11,"[8192, 4096]",64.0,"[7980, 4096]",62.34375,[597 384 387 670 470 603 488 184 345 378 609 610 522 613 536 584],[536 383 451 575 423 623 444 551 406 404 575 610 526 496 599 590]
backward,12,12,"[8192, 4096]",64.0,"[9115, 4096]",71.2109375,[491 477 562 635 610 665 613 531 751 612 624 526 493 463 440 622],[463 432 321 624 530 776 451 560 352 405 506 522 493 560 572 625]
backward,13,13,"[8192, 4096]",64.0,"[8443, 4096]",65.9609375,[498 558 448 516 563 693 561 518 544 599 574 496 560 471 319 525],[592 412 497 489 548 706 417 505 374 420 453 613 463 471 560 672]
backward,14,14,"[8192, 4096]",64.0,"[7863, 4096]",61.4296875,[367 528 476 430 589 499 494 448 484 395 428 599 572 560 446 548],[374 251 676 407 699 906 567 539 768 452 372 536 440 319 446 440]
backward,15,15,"[8192, 4096]",64.0,"[8167, 4096]",63.8046875,[520 500 353 600 460 492 450 572 473 438 509 590 625 672 440 473],[484 271 347 640 448 517 477 610 556 350 740 584 622 525 548 473]
backward,0,0,[8112],0.015472412109375,[8192],0.015625,[481 443 289 547 555 987 431 582 411 531 462 597 491 498 367 520],[481 646 369 538 330 520 448 468 492 880 491 536 463 592 374 484]
backward,1,1,[7447],0.014204025268554688,[8192],0.015625,[646 608 462 492 672 677 339 546 383 534 386 384 477 558 528 500],[443 608 254 395 431 381 366 691 769 939 421 383 432 412 251 271]
backward,2,2,[7293],0.013910293579101562,[8192],0.015625,[369 254 210 798 484 758 467 745 529 429 923 387 562 448 476 353],[289 462 210 402 409 491 257 484 778 812 407 451 321 497 676 347]
backward,3,3,[9281],0.017702102661132812,[8192],0.015625,[538 395 402 576 514 607 335 630 391 362 591 670 635 516 430 600],[547 492 798 576 692 569 715 671 482 480 524 575 624 489 407 640]
backward,4,4,[8876],0.01692962646484375,[8192],0.015625,[330 431 409 692 491 758 428 558 216 568 619 470 610 563 589 460],[555 672 484 514 491 539 471 727 657 573 545 423 530 548 699 448]
backward,5,5,[10929],0.020845413208007812,[8192],0.015625,[520 381 491 569 539 569 375 575 318 384 519 603 665 693 499 492],[987 677 758 607 758 569 612 672 572 375 814 623 776 706 906 517]
backward,6,6,[6507],0.012411117553710938,[8192],0.015625,[448 366 257 715 471 612 326 649 430 454 858 488 613 561 494 450],[431 339 467 335 428 375 326 378 229 427 416 444 451 417 567 477]
backward,7,7,[9073],0.017305374145507812,[8192],0.015625,[468 691 484 671 727 672 378 622 253 557 416 184 531 518 448 572],[582 546 745 630 558 575 649 622 538 354 509 551 560 505 539 610]
backward,8,8,[6268],0.01195526123046875,[8192],0.015625,[492 769 778 482 657 572 229 538 309 464 305 345 751 544 484 473],[411 383 529 391 216 318 430 253 309 197 375 406 352 374 768 556]
backward,9,9,[7383],0.014081954956054688,[8192],0.015625,[880 939 812 480 573 375 427 354 197 525 208 378 612 599 395 438],[531 534 429 362 568 384 454 557 464 525 544 404 405 420 452 350]
backward,10,10,[8335],0.015897750854492188,[8192],0.015625,[491 421 407 524 545 814 416 509 375 544 402 609 624 574 428 509],[462 386 923 591 619 519 858 416 305 208 402 575 506 453 372 740]
backward,11,11,[7980],0.01522064208984375,[8192],0.015625,[536 383 451 575 423 623 444 551 406 404 575 610 526 496 599 590],[597 384 387 670 470 603 488 184 345 378 609 610 522 613 536 584]
backward,12,12,[9115],0.017385482788085938,[8192],0.015625,[463 432 321 624 530 776 451 560 352 405 506 522 493 560 572 625],[491 477 562 635 610 665 613 531 751 612 624 526 493 463 440 622]
backward,13,13,[8443],0.016103744506835938,[8192],0.015625,[592 412 497 489 548 706 417 505 374 420 453 613 463 471 560 672],[498 558 448 516 563 693 561 518 544 599 574 496 560 471 319 525]
backward,14,14,[7863],0.014997482299804688,[8192],0.015625,[374 251 676 407 699 906 567 539 768 452 372 536 440 319 446 440],[367 528 476 430 589 499 494 448 484 395 428 599 572 560 446 548]
backward,15,15,[8167],0.015577316284179688,[8192],0.015625,[484 271 347 640 448 517 477 610 556 350 740 584 622 525 548 473],[520 500 353 600 460 492 450 572 473 438 509 590 625 672 440 473]
backward,0,0,"[8112, 4096]",63.375,"[8192, 4096]",64.0,[481 443 289 547 555 987 431 582 411 531 462 597 491 498 367 520],[481 646 369 538 330 520 448 468 492 880 491 536 463 592 374 484]
backward,1,1,"[7447, 4096]",58.1796875,"[8192, 4096]",64.0,[646 608 462 492 672 677 339 546 383 534 386 384 477 558 528 500],[443 608 254 395 431 381 366 691 769 939 421 383 432 412 251 271]
backward,2,2,"[7293, 4096]",56.9765625,"[8192, 4096]",64.0,[369 254 210 798 484 758 467 745 529 429 923 387 562 448 476 353],[289 462 210 402 409 491 257 484 778 812 407 451 321 497 676 347]
backward,3,3,"[9281, 4096]",72.5078125,"[8192, 4096]",64.0,[538 395 402 576 514 607 335 630 391 362 591 670 635 516 430 600],[547 492 798 576 692 569 715 671 482 480 524 575 624 489 407 640]
backward,4,4,"[8876, 4096]",69.34375,"[8192, 4096]",64.0,[330 431 409 692 491 758 428 558 216 568 619 470 610 563 589 460],[555 672 484 514 491 539 471 727 657 573 545 423 530 548 699 448]
backward,5,5,"[10929, 4096]",85.3828125,"[8192, 4096]",64.0,[520 381 491 569 539 569 375 575 318 384 519 603 665 693 499 492],[987 677 758 607 758 569 612 672 572 375 814 623 776 706 906 517]
backward,6,6,"[6507, 4096]",50.8359375,"[8192, 4096]",64.0,[448 366 257 715 471 612 326 649 430 454 858 488 613 561 494 450],[431 339 467 335 428 375 326 378 229 427 416 444 451 417 567 477]
backward,7,7,"[9073, 4096]",70.8828125,"[8192, 4096]",64.0,[468 691 484 671 727 672 378 622 253 557 416 184 531 518 448 572],[582 546 745 630 558 575 649 622 538 354 509 551 560 505 539 610]
backward,8,8,"[6268, 4096]",48.96875,"[8192, 4096]",64.0,[492 769 778 482 657 572 229 538 309 464 305 345 751 544 484 473],[411 383 529 391 216 318 430 253 309 197 375 406 352 374 768 556]
backward,9,9,"[7383, 4096]",57.6796875,"[8192, 4096]",64.0,[880 939 812 480 573 375 427 354 197 525 208 378 612 599 395 438],[531 534 429 362 568 384 454 557 464 525 544 404 405 420 452 350]
backward,10,10,"[8335, 4096]",65.1171875,"[8192, 4096]",64.0,[491 421 407 524 545 814 416 509 375 544 402 609 624 574 428 509],[462 386 923 591 619 519 858 416 305 208 402 575 506 453 372 740]
backward,11,11,"[7980, 4096]",62.34375,"[8192, 4096]",64.0,[536 383 451 575 423 623 444 551 406 404 575 610 526 496 599 590],[597 384 387 670 470 603 488 184 345 378 609 610 522 613 536 584]
backward,12,12,"[9115, 4096]",71.2109375,"[8192, 4096]",64.0,[463 432 321 624 530 776 451 560 352 405 506 522 493 560 572 625],[491 477 562 635 610 665 613 531 751 612 624 526 493 463 440 622]
backward,13,13,"[8443, 4096]",65.9609375,"[8192, 4096]",64.0,[592 412 497 489 548 706 417 505 374 420 453 613 463 471 560 672],[498 558 448 516 563 693 561 518 544 599 574 496 560 471 319 525]
backward,14,14,"[7863, 4096]",61.4296875,"[8192, 4096]",64.0,[374 251 676 407 699 906 567 539 768 452 372 536 440 319 446 440],[367 528 476 430 589 499 494 448 484 395 428 599 572 560 446 548]
backward,15,15,"[8167, 4096]",63.8046875,"[8192, 4096]",64.0,[484 271 347 640 448 517 477 610 556 350 740 584 622 525 548 473],[520 500 353 600 460 492 450 572 473 438 509 590 625 672 440 473]
backward,0,0,"[8192, 4096]",64.0,"[9904, 4096]",77.375,[661 671 579 533 553 651 567 536 403 628 661 635 626 704 723 773],[661 486 498 380 471 327 586 582 587 539 634 408 535 453 468 577]
backward,1,1,"[8192, 4096]",64.0,"[9106, 4096]",71.140625,[486 648 584 496 508 572 550 793 618 696 551 527 520 513 582 462],[671 648 550 424 332 332 559 693 562 444 603 390 484 436 586 478]
backward,2,2,"[8192, 4096]",64.0,"[7928, 4096]",61.9375,[498 550 506 383 628 472 420 643 610 622 525 430 505 393 374 369],[579 584 506 509 369 466 547 641 649 361 621 445 498 621 483 313]
backward,3,3,"[8192, 4096]",64.0,"[7066, 4096]",55.203125,[380 424 509 388 335 591 406 362 322 552 595 451 338 415 519 479],[533 496 383 388 515 434 541 612 510 776 446 457 473 524 547 557]
backward,4,4,"[8192, 4096]",64.0,"[6772, 4096]",52.90625,[471 332 369 515 459 368 383 283 249 444 468 418 444 507 646 416],[553 508 628 335 459 465 553 620 590 342 603 481 536 557 573 389]
backward,5,5,"[8192, 4096]",64.0,"[6481, 4096]",50.6328125,[327 332 466 434 465 404 516 450 381 385 434 380 408 369 252 478],[651 572 472 591 368 404 653 696 514 432 436 387 370 607 601 438]
backward,6,6,"[8192, 4096]",64.0,"[9230, 4096]",72.109375,[586 559 547 541 553 653 622 541 588 503 608 614 612 632 448 623],[567 550 420 406 383 516 622 685 499 520 463 357 469 633 582 520]
backward,7,7,"[8192, 4096]",64.0,"[9708, 4096]",75.84375,[582 693 641 612 620 696 685 589 583 629 584 548 569 551 496 630],[536 793 643 362 283 450 541 589 519 450 538 400 447 424 583 634]
backward,8,8,"[8192, 4096]",64.0,"[8801, 4096]",68.7578125,[587 562 649 510 590 514 499 519 616 538 579 523 508 523 559 525],[403 618 610 322 249 381 588 583 616 738 449 540 475 468 526 626]
backward,9,9,"[8192, 4096]",64.0,"[8264, 4096]",64.5625,[539 444 361 776 342 432 520 450 738 286 429 648 536 641 612 510],[628 696 622 552 444 385 503 629 538 286 610 484 441 418 600 356]
backward,10,10,"[8192, 4096]",64.0,"[8918, 4096]",69.671875,[634 603 621 446 603 436 463 538 449 610 489 591 616 573 690 556],[661 551 525 595 468 434 608 584 579 429 489 390 457 503 493 426]
backward,11,11,"[8192, 4096]",64.0,"[7156, 4096]",55.90625,[408 390 445 457 481 387 357 400 540 484 390 397 469 433 734 384],[635 527 430 451 418 380 614 548 523 648 591 397 459 500 536 535]
backward,12,12,"[8192, 4096]",64.0,"[7568, 4096]",59.125,[535 484 498 473 536 370 469 447 475 441 457 459 469 458 508 489],[626 520 505 338 444 408 612 569 508 536 616 469 469 422 604 546]
backward,13,13,"[8192, 4096]",64.0,"[7876, 4096]",61.53125,[453 436 621 524 557 607 633 424 468 418 503 500 422 409 323 578],[704 513 393 415 507 369 632 551 523 641 573 433 458 409 523 548]
backward,14,14,"[8192, 4096]",64.0,"[8616, 4096]",67.3125,[468 586 483 547 573 601 582 583 526 600 493 536 604 523 392 519],[723 582 374 519 646 252 448 496 559 612 690 734 508 323 392 334]
backward,15,15,"[8192, 4096]",64.0,"[7678, 4096]",59.984375,[577 478 313 557 389 438 520 634 626 356 426 535 546 548 334 401],[773 462 369 479 416 478 623 630 525 510 556 384 489 578 519 401]
backward,0,0,[9904],0.018890380859375,[8192],0.015625,[661 486 498 380 471 327 586 582 587 539 634 408 535 453 468 577],[661 671 579 533 553 651 567 536 403 628 661 635 626 704 723 773]
backward,1,1,[9106],0.017368316650390625,[8192],0.015625,[671 648 550 424 332 332 559 693 562 444 603 390 484 436 586 478],[486 648 584 496 508 572 550 793 618 696 551 527 520 513 582 462]
backward,2,2,[7928],0.0151214599609375,[8192],0.015625,[579 584 506 509 369 466 547 641 649 361 621 445 498 621 483 313],[498 550 506 383 628 472 420 643 610 622 525 430 505 393 374 369]
backward,3,3,[7066],0.013477325439453125,[8192],0.015625,[533 496 383 388 515 434 541 612 510 776 446 457 473 524 547 557],[380 424 509 388 335 591 406 362 322 552 595 451 338 415 519 479]
backward,4,4,[6772],0.01291656494140625,[8192],0.015625,[553 508 628 335 459 465 553 620 590 342 603 481 536 557 573 389],[471 332 369 515 459 368 383 283 249 444 468 418 444 507 646 416]
backward,5,5,[6481],0.012361526489257812,[8192],0.015625,[651 572 472 591 368 404 653 696 514 432 436 387 370 607 601 438],[327 332 466 434 465 404 516 450 381 385 434 380 408 369 252 478]
backward,6,6,[9230],0.017604827880859375,[8192],0.015625,[567 550 420 406 383 516 622 685 499 520 463 357 469 633 582 520],[586 559 547 541 553 653 622 541 588 503 608 614 612 632 448 623]
backward,7,7,[9708],0.01851654052734375,[8192],0.015625,[536 793 643 362 283 450 541 589 519 450 538 400 447 424 583 634],[582 693 641 612 620 696 685 589 583 629 584 548 569 551 496 630]
backward,8,8,[8801],0.016786575317382812,[8192],0.015625,[403 618 610 322 249 381 588 583 616 738 449 540 475 468 526 626],[587 562 649 510 590 514 499 519 616 538 579 523 508 523 559 525]
backward,9,9,[8264],0.0157623291015625,[8192],0.015625,[628 696 622 552 444 385 503 629 538 286 610 484 441 418 600 356],[539 444 361 776 342 432 520 450 738 286 429 648 536 641 612 510]
backward,10,10,[8918],0.017009735107421875,[8192],0.015625,[661 551 525 595 468 434 608 584 579 429 489 390 457 503 493 426],[634 603 621 446 603 436 463 538 449 610 489 591 616 573 690 556]
backward,11,11,[7156],0.01364898681640625,[8192],0.015625,[635 527 430 451 418 380 614 548 523 648 591 397 459 500 536 535],[408 390 445 457 481 387 357 400 540 484 390 397 469 433 734 384]
backward,12,12,[7568],0.014434814453125,[8192],0.015625,[626 520 505 338 444 408 612 569 508 536 616 469 469 422 604 546],[535 484 498 473 536 370 469 447 475 441 457 459 469 458 508 489]
backward,13,13,[7876],0.01502227783203125,[8192],0.015625,[704 513 393 415 507 369 632 551 523 641 573 433 458 409 523 548],[453 436 621 524 557 607 633 424 468 418 503 500 422 409 323 578]
backward,14,14,[8616],0.0164337158203125,[8192],0.015625,[723 582 374 519 646 252 448 496 559 612 690 734 508 323 392 334],[468 586 483 547 573 601 582 583 526 600 493 536 604 523 392 519]
backward,15,15,[7678],0.014644622802734375,[8192],0.015625,[773 462 369 479 416 478 623 630 525 510 556 384 489 578 519 401],[577 478 313 557 389 438 520 634 626 356 426 535 546 548 334 401]
backward,0,0,"[9904, 4096]",77.375,"[8192, 4096]",64.0,[661 486 498 380 471 327 586 582 587 539 634 408 535 453 468 577],[661 671 579 533 553 651 567 536 403 628 661 635 626 704 723 773]
backward,1,1,"[9106, 4096]",71.140625,"[8192, 4096]",64.0,[671 648 550 424 332 332 559 693 562 444 603 390 484 436 586 478],[486 648 584 496 508 572 550 793 618 696 551 527 520 513 582 462]
backward,2,2,"[7928, 4096]",61.9375,"[8192, 4096]",64.0,[579 584 506 509 369 466 547 641 649 361 621 445 498 621 483 313],[498 550 506 383 628 472 420 643 610 622 525 430 505 393 374 369]
backward,3,3,"[7066, 4096]",55.203125,"[8192, 4096]",64.0,[533 496 383 388 515 434 541 612 510 776 446 457 473 524 547 557],[380 424 509 388 335 591 406 362 322 552 595 451 338 415 519 479]
backward,4,4,"[6772, 4096]",52.90625,"[8192, 4096]",64.0,[553 508 628 335 459 465 553 620 590 342 603 481 536 557 573 389],[471 332 369 515 459 368 383 283 249 444 468 418 444 507 646 416]
backward,5,5,"[6481, 4096]",50.6328125,"[8192, 4096]",64.0,[651 572 472 591 368 404 653 696 514 432 436 387 370 607 601 438],[327 332 466 434 465 404 516 450 381 385 434 380 408 369 252 478]
backward,6,6,"[9230, 4096]",72.109375,"[8192, 4096]",64.0,[567 550 420 406 383 516 622 685 499 520 463 357 469 633 582 520],[586 559 547 541 553 653 622 541 588 503 608 614 612 632 448 623]
backward,7,7,"[9708, 4096]",75.84375,"[8192, 4096]",64.0,[536 793 643 362 283 450 541 589 519 450 538 400 447 424 583 634],[582 693 641 612 620 696 685 589 583 629 584 548 569 551 496 630]
backward,8,8,"[8801, 4096]",68.7578125,"[8192, 4096]",64.0,[403 618 610 322 249 381 588 583 616 738 449 540 475 468 526 626],[587 562 649 510 590 514 499 519 616 538 579 523 508 523 559 525]
backward,9,9,"[8264, 4096]",64.5625,"[8192, 4096]",64.0,[628 696 622 552 444 385 503 629 538 286 610 484 441 418 600 356],[539 444 361 776 342 432 520 450 738 286 429 648 536 641 612 510]
backward,10,10,"[8918, 4096]",69.671875,"[8192, 4096]",64.0,[661 551 525 595 468 434 608 584 579 429 489 390 457 503 493 426],[634 603 621 446 603 436 463 538 449 610 489 591 616 573 690 556]
backward,11,11,"[7156, 4096]",55.90625,"[8192, 4096]",64.0,[635 527 430 451 418 380 614 548 523 648 591 397 459 500 536 535],[408 390 445 457 481 387 357 400 540 484 390 397 469 433 734 384]
backward,12,12,"[7568, 4096]",59.125,"[8192, 4096]",64.0,[626 520 505 338 444 408 612 569 508 536 616 469 469 422 604 546],[535 484 498 473 536 370 469 447 475 441 457 459 469 458 508 489]
backward,13,13,"[7876, 4096]",61.53125,"[8192, 4096]",64.0,[704 513 393 415 507 369 632 551 523 641 573 433 458 409 523 548],[453 436 621 524 557 607 633 424 468 418 503 500 422 409 323 578]
backward,14,14,"[8616, 4096]",67.3125,"[8192, 4096]",64.0,[723 582 374 519 646 252 448 496 559 612 690 734 508 323 392 334],[468 586 483 547 573 601 582 583 526 600 493 536 604 523 392 519]
backward,15,15,"[7678, 4096]",59.984375,"[8192, 4096]",64.0,[773 462 369 479 416 478 623 630 525 510 556 384 489 578 519 401],[577 478 313 557 389 438 520 634 626 356 426 535 546 548 334 401]
backward,0,0,"[8192, 4096]",64.0,"[3179, 4096]",24.8359375,[213 186 329 214 197 211 175 171 177 130 153 269 197 155 175 227],[213 303 703 170 625 334 899 783 286 515 723 573 478 153 525 909]
backward,1,1,"[8192, 4096]",64.0,"[7210, 4096]",56.328125,[303 404 637 400 670 416 598 426 497 493 443 421 359 400 314 429],[186 404 863 136 778 376 820 770 213 479 701 661 529 111 543 622]
backward,2,2,"[8192, 4096]",64.0,"[12651, 4096]",98.8359375,[703 863 623 846 984 931 908 604 752 674 824 859 999 693 532 856],[329 637 623 146 619 461 599 486 257 840 484 628 404 201 781 697]
backward,3,3,"[8192, 4096]",64.0,"[2277, 4096]",17.7890625,[170 136 146 117 158 103  99 154 133 137 129 194 159 146 168 128],[214 400 846 117 671 324 804 697 217 677 721 617 418 105 708 656]
backward,4,4,"[8192, 4096]",64.0,"[10600, 4096]",82.8125,[625 778 619 671 624 817 768 674 686 684 569 630 644 619 477 715],[197 670 984 158 624 251 674 791 224 657 429 617 463 157 726 570]
backward,5,5,"[8192, 4096]",64.0,"[5659, 4096]",44.2109375,[334 376 461 324 251 327 293 345 271 390 346 328 255 368 634 356],[211 416 931 103 817 327 546 752 205 656 718 607 455 133 717 598]
backward,6,6,"[8192, 4096]",64.0,"[11936, 4096]",93.25,[899 820 599 804 674 546 667 669 772 660 751 763 840 866 923 683],[175 598 908  99 768 293 667 505 176 828 496 673 338 170 876 622]
backward,7,7,"[8192, 4096]",64.0,"[11898, 4096]",92.953125,[783 770 486 697 791 752 505 943 878 860 893 776 722 781 698 563],[171 426 604 154 674 345 669 943 278 527 635 634 592  79 582 879]
backward,8,8,"[8192, 4096]",64.0,"[3956, 4096]",30.90625,[286 213 257 217 224 205 176 278 181 287 248 270 255 258 368 233],[177 497 752 133 686 271 772 878 181 597 768 580 457  33 566 844]
backward,9,9,"[8192, 4096]",64.0,"[10118, 4096]",79.046875,[515 479 840 677 657 656 828 527 597 539 577 666 596 554 644 766],[130 493 674 137 684 390 660 860 287 539 686 668 661 107 554 662]
backward,10,10,"[8192, 4096]",64.0,"[10995, 4096]",85.8984375,"[ 723  701  484  721  429  718  496  635  768  686  803  711  676  777
 1040  627]",[153 443 824 129 569 346 751 893 248 577 803 618 479 147 611 601]
backward,11,11,"[8192, 4096]",64.0,"[9601, 4096]",75.0078125,[573 661 628 617 617 607 673 634 580 668 618 560 580 553 423 609],[269 421 859 194 630 328 763 776 270 666 711 560 430 183 589 543]
backward,12,12,"[8192, 4096]",64.0,"[7841, 4096]",61.2578125,[478 529 404 418 463 455 338 592 457 661 479 430 489 587 505 556],[197 359 999 159 644 255 840 722 255 596 676 580 489 142 617 662]
backward,13,13,"[8192, 4096]",64.0,"[2156, 4096]",16.84375,[153 111 201 105 157 133 170  79  33 107 147 183 142 130 114 191],[155 400 693 146 619 368 866 781 258 554 777 553 587 130 588 717]
backward,14,14,"[8192, 4096]",64.0,"[10163, 4096]",79.3984375,[525 543 781 708 726 717 876 582 566 554 611 589 617 588 374 806],"[ 175  314  532  168  477  634  923  698  368  644 1040  423  505  114
  374  803]"
backward,15,15,"[8192, 4096]",64.0,"[10832, 4096]",84.625,[909 622 697 656 570 598 622 879 844 662 601 543 662 717 803 447],[227 429 856 128 715 356 683 563 233 766 627 609 556 191 806 447]
backward,0,0,[3179],0.0060634613037109375,[8192],0.015625,[213 303 703 170 625 334 899 783 286 515 723 573 478 153 525 909],[213 186 329 214 197 211 175 171 177 130 153 269 197 155 175 227]
backward,1,1,[7210],0.013751983642578125,[8192],0.015625,[186 404 863 136 778 376 820 770 213 479 701 661 529 111 543 622],[303 404 637 400 670 416 598 426 497 493 443 421 359 400 314 429]
backward,2,2,[12651],0.024129867553710938,[8192],0.015625,[329 637 623 146 619 461 599 486 257 840 484 628 404 201 781 697],[703 863 623 846 984 931 908 604 752 674 824 859 999 693 532 856]
backward,3,3,[2277],0.0043430328369140625,[8192],0.015625,[214 400 846 117 671 324 804 697 217 677 721 617 418 105 708 656],[170 136 146 117 158 103  99 154 133 137 129 194 159 146 168 128]
backward,4,4,[10600],0.0202178955078125,[8192],0.015625,[197 670 984 158 624 251 674 791 224 657 429 617 463 157 726 570],[625 778 619 671 624 817 768 674 686 684 569 630 644 619 477 715]
backward,5,5,[5659],0.010793685913085938,[8192],0.015625,[211 416 931 103 817 327 546 752 205 656 718 607 455 133 717 598],[334 376 461 324 251 327 293 345 271 390 346 328 255 368 634 356]
backward,6,6,[11936],0.02276611328125,[8192],0.015625,[175 598 908  99 768 293 667 505 176 828 496 673 338 170 876 622],[899 820 599 804 674 546 667 669 772 660 751 763 840 866 923 683]
backward,7,7,[11898],0.022693634033203125,[8192],0.015625,[171 426 604 154 674 345 669 943 278 527 635 634 592  79 582 879],[783 770 486 697 791 752 505 943 878 860 893 776 722 781 698 563]
backward,8,8,[3956],0.00754547119140625,[8192],0.015625,[177 497 752 133 686 271 772 878 181 597 768 580 457  33 566 844],[286 213 257 217 224 205 176 278 181 287 248 270 255 258 368 233]
backward,9,9,[10118],0.019298553466796875,[8192],0.015625,[130 493 674 137 684 390 660 860 287 539 686 668 661 107 554 662],[515 479 840 677 657 656 828 527 597 539 577 666 596 554 644 766]
backward,10,10,[10995],0.020971298217773438,[8192],0.015625,[153 443 824 129 569 346 751 893 248 577 803 618 479 147 611 601],"[ 723  701  484  721  429  718  496  635  768  686  803  711  676  777
 1040  627]"
backward,11,11,[9601],0.018312454223632812,[8192],0.015625,[269 421 859 194 630 328 763 776 270 666 711 560 430 183 589 543],[573 661 628 617 617 607 673 634 580 668 618 560 580 553 423 609]
backward,12,12,[7841],0.014955520629882812,[8192],0.015625,[197 359 999 159 644 255 840 722 255 596 676 580 489 142 617 662],[478 529 404 418 463 455 338 592 457 661 479 430 489 587 505 556]
backward,13,13,[2156],0.00411224365234375,[8192],0.015625,[155 400 693 146 619 368 866 781 258 554 777 553 587 130 588 717],[153 111 201 105 157 133 170  79  33 107 147 183 142 130 114 191]
backward,14,14,[10163],0.019384384155273438,[8192],0.015625,"[ 175  314  532  168  477  634  923  698  368  644 1040  423  505  114
  374  803]",[525 543 781 708 726 717 876 582 566 554 611 589 617 588 374 806]
backward,15,15,[10832],0.020660400390625,[8192],0.015625,[227 429 856 128 715 356 683 563 233 766 627 609 556 191 806 447],[909 622 697 656 570 598 622 879 844 662 601 543 662 717 803 447]
backward,0,0,"[3179, 4096]",24.8359375,"[8192, 4096]",64.0,[213 303 703 170 625 334 899 783 286 515 723 573 478 153 525 909],[213 186 329 214 197 211 175 171 177 130 153 269 197 155 175 227]
backward,1,1,"[7210, 4096]",56.328125,"[8192, 4096]",64.0,[186 404 863 136 778 376 820 770 213 479 701 661 529 111 543 622],[303 404 637 400 670 416 598 426 497 493 443 421 359 400 314 429]
backward,2,2,"[12651, 4096]",98.8359375,"[8192, 4096]",64.0,[329 637 623 146 619 461 599 486 257 840 484 628 404 201 781 697],[703 863 623 846 984 931 908 604 752 674 824 859 999 693 532 856]
backward,3,3,"[2277, 4096]",17.7890625,"[8192, 4096]",64.0,[214 400 846 117 671 324 804 697 217 677 721 617 418 105 708 656],[170 136 146 117 158 103  99 154 133 137 129 194 159 146 168 128]
backward,4,4,"[10600, 4096]",82.8125,"[8192, 4096]",64.0,[197 670 984 158 624 251 674 791 224 657 429 617 463 157 726 570],[625 778 619 671 624 817 768 674 686 684 569 630 644 619 477 715]
backward,5,5,"[5659, 4096]",44.2109375,"[8192, 4096]",64.0,[211 416 931 103 817 327 546 752 205 656 718 607 455 133 717 598],[334 376 461 324 251 327 293 345 271 390 346 328 255 368 634 356]
backward,6,6,"[11936, 4096]",93.25,"[8192, 4096]",64.0,[175 598 908  99 768 293 667 505 176 828 496 673 338 170 876 622],[899 820 599 804 674 546 667 669 772 660 751 763 840 866 923 683]
backward,7,7,"[11898, 4096]",92.953125,"[8192, 4096]",64.0,[171 426 604 154 674 345 669 943 278 527 635 634 592  79 582 879],[783 770 486 697 791 752 505 943 878 860 893 776 722 781 698 563]
backward,8,8,"[3956, 4096]",30.90625,"[8192, 4096]",64.0,[177 497 752 133 686 271 772 878 181 597 768 580 457  33 566 844],[286 213 257 217 224 205 176 278 181 287 248 270 255 258 368 233]
backward,9,9,"[10118, 4096]",79.046875,"[8192, 4096]",64.0,[130 493 674 137 684 390 660 860 287 539 686 668 661 107 554 662],[515 479 840 677 657 656 828 527 597 539 577 666 596 554 644 766]
backward,10,10,"[10995, 4096]",85.8984375,"[8192, 4096]",64.0,[153 443 824 129 569 346 751 893 248 577 803 618 479 147 611 601],"[ 723  701  484  721  429  718  496  635  768  686  803  711  676  777
 1040  627]"
backward,11,11,"[9601, 4096]",75.0078125,"[8192, 4096]",64.0,[269 421 859 194 630 328 763 776 270 666 711 560 430 183 589 543],[573 661 628 617 617 607 673 634 580 668 618 560 580 553 423 609]
backward,12,12,"[7841, 4096]",61.2578125,"[8192, 4096]",64.0,[197 359 999 159 644 255 840 722 255 596 676 580 489 142 617 662],[478 529 404 418 463 455 338 592 457 661 479 430 489 587 505 556]
backward,13,13,"[2156, 4096]",16.84375,"[8192, 4096]",64.0,[155 400 693 146 619 368 866 781 258 554 777 553 587 130 588 717],[153 111 201 105 157 133 170  79  33 107 147 183 142 130 114 191]
backward,14,14,"[10163, 4096]",79.3984375,"[8192, 4096]",64.0,"[ 175  314  532  168  477  634  923  698  368  644 1040  423  505  114
  374  803]",[525 543 781 708 726 717 876 582 566 554 611 589 617 588 374 806]
backward,15,15,"[10832, 4096]",84.625,"[8192, 4096]",64.0,[227 429 856 128 715 356 683 563 233 766 627 609 556 191 806 447],[909 622 697 656 570 598 622 879 844 662 601 543 662 717 803 447]
forward,0,0,"[8192, 4096]",64.0,"[3636, 4096]",28.40625,[247 203  87 225 176 241 257 235 168 269 256 159 331 245 254 283],[247 466 654 193 599 411 763 846 339 507 835 520 526 155 490 641]
forward,1,1,"[8192, 4096]",64.0,"[6911, 4096]",53.9921875,[466 384 289 440 436 446 393 525 286 472 378 399 511 416 422 648],[203 384 700 171 671 301 799 797 275 503 694 579 614 117 614 770]
forward,2,2,"[8192, 4096]",64.0,"[12393, 4096]",96.8203125,"[ 654  700  938  730  580 1107  883  846  974  845  631  735  608  841
  822  499]","[  87  289  938  126  575  331  819 1091  225  355  976  614  507  127
  436  696]"
forward,3,3,"[8192, 4096]",64.0,"[2692, 4096]",21.03125,[193 171 126 178 165 129 149 203 144 178 170 148 194 215 164 165],[225 440 730 178 637 379 770 788 259 604 912 544 484 128 554 560]
forward,4,4,"[8192, 4096]",64.0,"[10025, 4096]",78.3203125,[599 671 575 637 560 856 629 584 626 729 636 677 536 654 579 477],[176 436 580 165 560 447 767 786 302 540 888 536 702 199 459 649]
forward,5,5,"[8192, 4096]",64.0,"[5908, 4096]",46.15625,[411 301 331 379 447 334 322 414 308 274 353 372 429 317 416 500],"[ 241  446 1107  129  856  334  649  469  233  779  404  598  424  149
  814  560]"
forward,6,6,"[8192, 4096]",64.0,"[12337, 4096]",96.3828125,[763 799 819 770 767 649 744 763 908 840 806 826 697 752 848 586],[257 393 883 149 629 322 744 814 282 557 599 691 644 131 599 498]
forward,7,7,"[8192, 4096]",64.0,"[12289, 4096]",96.0078125,"[ 846  797 1091  788  786  469  814  747  769  581  847  871  732  678
  643  830]",[235 525 846 203 584 414 763 747 296 544 646 616 511 127 565 570]
forward,8,8,"[8192, 4096]",64.0,"[4456, 4096]",34.8125,[339 275 225 259 302 233 282 296 214 269 271 242 319 309 273 348],[168 286 974 144 626 308 908 769 214 517 712 656 533 138 568 671]
forward,9,9,"[8192, 4096]",64.0,"[8789, 4096]",68.6640625,[507 503 355 604 540 779 557 544 517 647 525 523 589 548 531 520],[269 472 845 178 729 274 840 581 269 647 667 608 580 123 584 526]
forward,10,10,"[8192, 4096]",64.0,"[11492, 4096]",89.78125,[835 694 976 912 888 404 599 646 712 667 777 747 665 619 676 675],[256 378 631 170 636 353 806 847 271 525 777 557 542 119 536 788]
forward,11,11,"[8192, 4096]",64.0,"[9474, 4096]",74.015625,[520 579 614 544 536 598 691 616 656 608 557 611 548 640 573 583],[159 399 735 148 677 372 826 871 242 523 747 611 633 112 490 647]
forward,12,12,"[8192, 4096]",64.0,"[9096, 4096]",71.0625,[526 614 507 484 702 424 644 511 533 580 542 633 593 538 570 695],[331 511 608 194 536 429 697 732 319 589 665 548 593 165 578 697]
forward,13,13,"[8192, 4096]",64.0,"[2322, 4096]",18.140625,[155 117 127 128 199 149 131 127 138 123 119 112 165 195 196 141],[245 416 841 215 654 317 752 678 309 548 619 640 538 195 601 624]
forward,14,14,"[8192, 4096]",64.0,"[8914, 4096]",69.640625,[490 614 436 554 459 814 599 565 568 584 536 490 578 601 558 468],[254 422 822 164 579 416 848 643 273 531 676 573 570 196 558 667]
forward,15,15,"[8192, 4096]",64.0,"[10338, 4096]",80.765625,[641 770 696 560 649 560 498 570 671 526 788 647 697 624 667 774],[283 648 499 165 477 500 586 830 348 520 675 583 695 141 468 774]
forward,0,0,[8192],0.015625,[3636],0.00693511962890625,[247 203  87 225 176 241 257 235 168 269 256 159 331 245 254 283],[247 466 654 193 599 411 763 846 339 507 835 520 526 155 490 641]
forward,1,1,[8192],0.015625,[6911],0.013181686401367188,[466 384 289 440 436 446 393 525 286 472 378 399 511 416 422 648],[203 384 700 171 671 301 799 797 275 503 694 579 614 117 614 770]
forward,2,2,[8192],0.015625,[12393],0.023637771606445312,"[ 654  700  938  730  580 1107  883  846  974  845  631  735  608  841
  822  499]","[  87  289  938  126  575  331  819 1091  225  355  976  614  507  127
  436  696]"
forward,3,3,[8192],0.015625,[2692],0.00513458251953125,[193 171 126 178 165 129 149 203 144 178 170 148 194 215 164 165],[225 440 730 178 637 379 770 788 259 604 912 544 484 128 554 560]
forward,4,4,[8192],0.015625,[10025],0.019121170043945312,[599 671 575 637 560 856 629 584 626 729 636 677 536 654 579 477],[176 436 580 165 560 447 767 786 302 540 888 536 702 199 459 649]
forward,5,5,[8192],0.015625,[5908],0.01126861572265625,[411 301 331 379 447 334 322 414 308 274 353 372 429 317 416 500],"[ 241  446 1107  129  856  334  649  469  233  779  404  598  424  149
  814  560]"
forward,6,6,[8192],0.015625,[12337],0.023530960083007812,[763 799 819 770 767 649 744 763 908 840 806 826 697 752 848 586],[257 393 883 149 629 322 744 814 282 557 599 691 644 131 599 498]
forward,7,7,[8192],0.015625,[12289],0.023439407348632812,"[ 846  797 1091  788  786  469  814  747  769  581  847  871  732  678
  643  830]",[235 525 846 203 584 414 763 747 296 544 646 616 511 127 565 570]
forward,8,8,[8192],0.015625,[4456],0.0084991455078125,[339 275 225 259 302 233 282 296 214 269 271 242 319 309 273 348],[168 286 974 144 626 308 908 769 214 517 712 656 533 138 568 671]
forward,9,9,[8192],0.015625,[8789],0.016763687133789062,[507 503 355 604 540 779 557 544 517 647 525 523 589 548 531 520],[269 472 845 178 729 274 840 581 269 647 667 608 580 123 584 526]
forward,10,10,[8192],0.015625,[11492],0.02191925048828125,[835 694 976 912 888 404 599 646 712 667 777 747 665 619 676 675],[256 378 631 170 636 353 806 847 271 525 777 557 542 119 536 788]
forward,11,11,[8192],0.015625,[9474],0.018070220947265625,[520 579 614 544 536 598 691 616 656 608 557 611 548 640 573 583],[159 399 735 148 677 372 826 871 242 523 747 611 633 112 490 647]
forward,12,12,[8192],0.015625,[9096],0.0173492431640625,[526 614 507 484 702 424 644 511 533 580 542 633 593 538 570 695],[331 511 608 194 536 429 697 732 319 589 665 548 593 165 578 697]
forward,13,13,[8192],0.015625,[2322],0.004428863525390625,[155 117 127 128 199 149 131 127 138 123 119 112 165 195 196 141],[245 416 841 215 654 317 752 678 309 548 619 640 538 195 601 624]
forward,14,14,[8192],0.015625,[8914],0.017002105712890625,[490 614 436 554 459 814 599 565 568 584 536 490 578 601 558 468],[254 422 822 164 579 416 848 643 273 531 676 573 570 196 558 667]
forward,15,15,[8192],0.015625,[10338],0.019718170166015625,[641 770 696 560 649 560 498 570 671 526 788 647 697 624 667 774],[283 648 499 165 477 500 586 830 348 520 675 583 695 141 468 774]
forward,0,0,"[3636, 4096]",28.40625,"[8192, 4096]",64.0,[247 466 654 193 599 411 763 846 339 507 835 520 526 155 490 641],[247 203  87 225 176 241 257 235 168 269 256 159 331 245 254 283]
forward,1,1,"[6911, 4096]",53.9921875,"[8192, 4096]",64.0,[203 384 700 171 671 301 799 797 275 503 694 579 614 117 614 770],[466 384 289 440 436 446 393 525 286 472 378 399 511 416 422 648]
forward,2,2,"[12393, 4096]",96.8203125,"[8192, 4096]",64.0,"[  87  289  938  126  575  331  819 1091  225  355  976  614  507  127
  436  696]","[ 654  700  938  730  580 1107  883  846  974  845  631  735  608  841
  822  499]"
forward,3,3,"[2692, 4096]",21.03125,"[8192, 4096]",64.0,[225 440 730 178 637 379 770 788 259 604 912 544 484 128 554 560],[193 171 126 178 165 129 149 203 144 178 170 148 194 215 164 165]
forward,4,4,"[10025, 4096]",78.3203125,"[8192, 4096]",64.0,[176 436 580 165 560 447 767 786 302 540 888 536 702 199 459 649],[599 671 575 637 560 856 629 584 626 729 636 677 536 654 579 477]
forward,5,5,"[5908, 4096]",46.15625,"[8192, 4096]",64.0,"[ 241  446 1107  129  856  334  649  469  233  779  404  598  424  149
  814  560]",[411 301 331 379 447 334 322 414 308 274 353 372 429 317 416 500]
forward,6,6,"[12337, 4096]",96.3828125,"[8192, 4096]",64.0,[257 393 883 149 629 322 744 814 282 557 599 691 644 131 599 498],[763 799 819 770 767 649 744 763 908 840 806 826 697 752 848 586]
forward,7,7,"[12289, 4096]",96.0078125,"[8192, 4096]",64.0,[235 525 846 203 584 414 763 747 296 544 646 616 511 127 565 570],"[ 846  797 1091  788  786  469  814  747  769  581  847  871  732  678
  643  830]"
forward,8,8,"[4456, 4096]",34.8125,"[8192, 4096]",64.0,[168 286 974 144 626 308 908 769 214 517 712 656 533 138 568 671],[339 275 225 259 302 233 282 296 214 269 271 242 319 309 273 348]
forward,9,9,"[8789, 4096]",68.6640625,"[8192, 4096]",64.0,[269 472 845 178 729 274 840 581 269 647 667 608 580 123 584 526],[507 503 355 604 540 779 557 544 517 647 525 523 589 548 531 520]
forward,10,10,"[11492, 4096]",89.78125,"[8192, 4096]",64.0,[256 378 631 170 636 353 806 847 271 525 777 557 542 119 536 788],[835 694 976 912 888 404 599 646 712 667 777 747 665 619 676 675]
forward,11,11,"[9474, 4096]",74.015625,"[8192, 4096]",64.0,[159 399 735 148 677 372 826 871 242 523 747 611 633 112 490 647],[520 579 614 544 536 598 691 616 656 608 557 611 548 640 573 583]
forward,12,12,"[9096, 4096]",71.0625,"[8192, 4096]",64.0,[331 511 608 194 536 429 697 732 319 589 665 548 593 165 578 697],[526 614 507 484 702 424 644 511 533 580 542 633 593 538 570 695]
forward,13,13,"[2322, 4096]",18.140625,"[8192, 4096]",64.0,[245 416 841 215 654 317 752 678 309 548 619 640 538 195 601 624],[155 117 127 128 199 149 131 127 138 123 119 112 165 195 196 141]
forward,14,14,"[8914, 4096]",69.640625,"[8192, 4096]",64.0,[254 422 822 164 579 416 848 643 273 531 676 573 570 196 558 667],[490 614 436 554 459 814 599 565 568 584 536 490 578 601 558 468]
forward,15,15,"[10338, 4096]",80.765625,"[8192, 4096]",64.0,[283 648 499 165 477 500 586 830 348 520 675 583 695 141 468 774],[641 770 696 560 649 560 498 570 671 526 788 647 697 624 667 774]
forward,0,0,"[8192, 4096]",64.0,"[10370, 4096]",81.015625,[480 526 519 579 729 574 767 619 779 694 555 825 670 694 745 615],[480 601 472 597 438 399 553 527 504 726 581 440 436 393 467 578]
forward,1,1,"[8192, 4096]",64.0,"[9199, 4096]",71.8671875,[601 648 549 543 566 641 661 489 550 523 535 591 584 583 469 666],[526 648 534 345 300 387 579 549 564 606 569 333 505 470 584 693]
forward,2,2,"[8192, 4096]",64.0,"[8467, 4096]",66.1484375,[472 534 621 470 476 427 506 536 650 426 521 569 573 513 452 721],[519 549 621 435 334 291 780 499 469 702 566 376 455 338 554 704]
forward,3,3,"[8192, 4096]",64.0,"[8390, 4096]",65.546875,[597 345 435 684 683 484 616 431 422 520 558 495 615 379 426 700],[579 543 470 684 451 438 626 519 484 629 540 410 345 450 507 517]
forward,4,4,"[8192, 4096]",64.0,"[6991, 4096]",54.6171875,[438 300 334 451 548 448 319 624 374 367 427 402 495 494 522 448],[729 566 476 683 548 346 665 474 519 451 563 342 425 429 547 429]
forward,5,5,"[8192, 4096]",64.0,"[6125, 4096]",47.8515625,[399 387 291 438 346 413 344 483 380 351 338 363 396 381 411 404],[574 641 427 484 448 413 615 664 548 356 586 436 435 548 583 434]
forward,6,6,"[8192, 4096]",64.0,"[9530, 4096]",74.453125,[553 579 780 626 665 615 586 547 649 728 684 546 450 544 509 469],[767 661 506 616 319 344 586 714 501 468 581 297 407 434 630 361]
forward,7,7,"[8192, 4096]",64.0,"[8796, 4096]",68.71875,[527 549 499 519 474 664 714 549 552 485 514 620 552 548 477 553],[619 489 536 431 624 483 547 549 579 433 609 409 495 359 563 467]
forward,8,8,"[8192, 4096]",64.0,"[8875, 4096]",69.3359375,[504 564 469 484 519 548 501 579 508 547 486 617 710 561 551 727],[779 550 650 422 374 380 649 552 508 426 608 342 434 449 590 479]
forward,9,9,"[8192, 4096]",64.0,"[8212, 4096]",64.15625,[726 606 702 629 451 356 468 433 426 583 683 363 399 512 574 301],[694 523 426 520 367 351 728 485 547 583 549 399 510 499 593 418]
forward,10,10,"[8192, 4096]",64.0,"[9257, 4096]",72.3203125,[581 569 566 540 563 586 581 609 608 549 549 644 537 625 579 571],[555 535 521 558 427 338 684 514 486 683 549 362 408 475 522 575]
forward,11,11,"[8192, 4096]",64.0,"[6055, 4096]",47.3046875,[440 333 376 410 342 436 297 409 342 399 362 380 394 365 466 304],[825 591 569 495 402 363 546 620 617 363 644 380 378 349 600 450]
forward,12,12,"[8192, 4096]",64.0,"[7092, 4096]",55.40625,[436 505 455 345 425 435 407 495 434 510 408 378 441 468 505 445],[670 584 573 615 495 396 450 552 710 399 537 394 441 436 531 409]
forward,13,13,"[8192, 4096]",64.0,"[7003, 4096]",54.7109375,[393 470 338 450 429 548 434 359 449 499 475 349 436 430 513 431],[694 583 513 379 494 381 544 548 561 512 625 365 468 430 598 497]
forward,14,14,"[8192, 4096]",64.0,"[8956, 4096]",69.96875,[467 584 554 507 547 583 630 563 590 593 522 600 531 598 525 562],[745 469 452 426 522 411 509 477 551 574 579 466 505 513 525 468]
forward,15,15,"[8192, 4096]",64.0,"[7754, 4096]",60.578125,[578 693 704 517 429 434 361 467 479 418 575 450 409 497 468 275],[615 666 721 700 448 404 469 553 727 301 571 304 445 431 562 275]
forward,0,0,[8192],0.015625,[10370],0.019779205322265625,[480 526 519 579 729 574 767 619 779 694 555 825 670 694 745 615],[480 601 472 597 438 399 553 527 504 726 581 440 436 393 467 578]
forward,1,1,[8192],0.015625,[9199],0.017545700073242188,[601 648 549 543 566 641 661 489 550 523 535 591 584 583 469 666],[526 648 534 345 300 387 579 549 564 606 569 333 505 470 584 693]
forward,2,2,[8192],0.015625,[8467],0.016149520874023438,[472 534 621 470 476 427 506 536 650 426 521 569 573 513 452 721],[519 549 621 435 334 291 780 499 469 702 566 376 455 338 554 704]
forward,3,3,[8192],0.015625,[8390],0.016002655029296875,[597 345 435 684 683 484 616 431 422 520 558 495 615 379 426 700],[579 543 470 684 451 438 626 519 484 629 540 410 345 450 507 517]
forward,4,4,[8192],0.015625,[6991],0.013334274291992188,[438 300 334 451 548 448 319 624 374 367 427 402 495 494 522 448],[729 566 476 683 548 346 665 474 519 451 563 342 425 429 547 429]
forward,5,5,[8192],0.015625,[6125],0.011682510375976562,[399 387 291 438 346 413 344 483 380 351 338 363 396 381 411 404],[574 641 427 484 448 413 615 664 548 356 586 436 435 548 583 434]
forward,6,6,[8192],0.015625,[9530],0.018177032470703125,[553 579 780 626 665 615 586 547 649 728 684 546 450 544 509 469],[767 661 506 616 319 344 586 714 501 468 581 297 407 434 630 361]
forward,7,7,[8192],0.015625,[8796],0.01677703857421875,[527 549 499 519 474 664 714 549 552 485 514 620 552 548 477 553],[619 489 536 431 624 483 547 549 579 433 609 409 495 359 563 467]
forward,8,8,[8192],0.015625,[8875],0.016927719116210938,[504 564 469 484 519 548 501 579 508 547 486 617 710 561 551 727],[779 550 650 422 374 380 649 552 508 426 608 342 434 449 590 479]
forward,9,9,[8192],0.015625,[8212],0.01566314697265625,[726 606 702 629 451 356 468 433 426 583 683 363 399 512 574 301],[694 523 426 520 367 351 728 485 547 583 549 399 510 499 593 418]
forward,10,10,[8192],0.015625,[9257],0.017656326293945312,[581 569 566 540 563 586 581 609 608 549 549 644 537 625 579 571],[555 535 521 558 427 338 684 514 486 683 549 362 408 475 522 575]
forward,11,11,[8192],0.015625,[6055],0.011548995971679688,[440 333 376 410 342 436 297 409 342 399 362 380 394 365 466 304],[825 591 569 495 402 363 546 620 617 363 644 380 378 349 600 450]
forward,12,12,[8192],0.015625,[7092],0.01352691650390625,[436 505 455 345 425 435 407 495 434 510 408 378 441 468 505 445],[670 584 573 615 495 396 450 552 710 399 537 394 441 436 531 409]
forward,13,13,[8192],0.015625,[7003],0.013357162475585938,[393 470 338 450 429 548 434 359 449 499 475 349 436 430 513 431],[694 583 513 379 494 381 544 548 561 512 625 365 468 430 598 497]
forward,14,14,[8192],0.015625,[8956],0.01708221435546875,[467 584 554 507 547 583 630 563 590 593 522 600 531 598 525 562],[745 469 452 426 522 411 509 477 551 574 579 466 505 513 525 468]
forward,15,15,[8192],0.015625,[7754],0.014789581298828125,[578 693 704 517 429 434 361 467 479 418 575 450 409 497 468 275],[615 666 721 700 448 404 469 553 727 301 571 304 445 431 562 275]
forward,0,0,"[10370, 4096]",81.015625,"[8192, 4096]",64.0,[480 601 472 597 438 399 553 527 504 726 581 440 436 393 467 578],[480 526 519 579 729 574 767 619 779 694 555 825 670 694 745 615]
forward,1,1,"[9199, 4096]",71.8671875,"[8192, 4096]",64.0,[526 648 534 345 300 387 579 549 564 606 569 333 505 470 584 693],[601 648 549 543 566 641 661 489 550 523 535 591 584 583 469 666]
forward,2,2,"[8467, 4096]",66.1484375,"[8192, 4096]",64.0,[519 549 621 435 334 291 780 499 469 702 566 376 455 338 554 704],[472 534 621 470 476 427 506 536 650 426 521 569 573 513 452 721]
forward,3,3,"[8390, 4096]",65.546875,"[8192, 4096]",64.0,[579 543 470 684 451 438 626 519 484 629 540 410 345 450 507 517],[597 345 435 684 683 484 616 431 422 520 558 495 615 379 426 700]
forward,4,4,"[6991, 4096]",54.6171875,"[8192, 4096]",64.0,[729 566 476 683 548 346 665 474 519 451 563 342 425 429 547 429],[438 300 334 451 548 448 319 624 374 367 427 402 495 494 522 448]
forward,5,5,"[6125, 4096]",47.8515625,"[8192, 4096]",64.0,[574 641 427 484 448 413 615 664 548 356 586 436 435 548 583 434],[399 387 291 438 346 413 344 483 380 351 338 363 396 381 411 404]
forward,6,6,"[9530, 4096]",74.453125,"[8192, 4096]",64.0,[767 661 506 616 319 344 586 714 501 468 581 297 407 434 630 361],[553 579 780 626 665 615 586 547 649 728 684 546 450 544 509 469]
forward,7,7,"[8796, 4096]",68.71875,"[8192, 4096]",64.0,[619 489 536 431 624 483 547 549 579 433 609 409 495 359 563 467],[527 549 499 519 474 664 714 549 552 485 514 620 552 548 477 553]
forward,8,8,"[8875, 4096]",69.3359375,"[8192, 4096]",64.0,[779 550 650 422 374 380 649 552 508 426 608 342 434 449 590 479],[504 564 469 484 519 548 501 579 508 547 486 617 710 561 551 727]
forward,9,9,"[8212, 4096]",64.15625,"[8192, 4096]",64.0,[694 523 426 520 367 351 728 485 547 583 549 399 510 499 593 418],[726 606 702 629 451 356 468 433 426 583 683 363 399 512 574 301]
forward,10,10,"[9257, 4096]",72.3203125,"[8192, 4096]",64.0,[555 535 521 558 427 338 684 514 486 683 549 362 408 475 522 575],[581 569 566 540 563 586 581 609 608 549 549 644 537 625 579 571]
forward,11,11,"[6055, 4096]",47.3046875,"[8192, 4096]",64.0,[825 591 569 495 402 363 546 620 617 363 644 380 378 349 600 450],[440 333 376 410 342 436 297 409 342 399 362 380 394 365 466 304]
forward,12,12,"[7092, 4096]",55.40625,"[8192, 4096]",64.0,[670 584 573 615 495 396 450 552 710 399 537 394 441 436 531 409],[436 505 455 345 425 435 407 495 434 510 408 378 441 468 505 445]
forward,13,13,"[7003, 4096]",54.7109375,"[8192, 4096]",64.0,[694 583 513 379 494 381 544 548 561 512 625 365 468 430 598 497],[393 470 338 450 429 548 434 359 449 499 475 349 436 430 513 431]
forward,14,14,"[8956, 4096]",69.96875,"[8192, 4096]",64.0,[745 469 452 426 522 411 509 477 551 574 579 466 505 513 525 468],[467 584 554 507 547 583 630 563 590 593 522 600 531 598 525 562]
forward,15,15,"[7754, 4096]",60.578125,"[8192, 4096]",64.0,[615 666 721 700 448 404 469 553 727 301 571 304 445 431 562 275],[578 693 704 517 429 434 361 467 479 418 575 450 409 497 468 275]
forward,0,0,"[8192, 4096]",64.0,"[8851, 4096]",69.1484375,[534 477 471 444 631 574 641 580 429 628 489 650 536 617 598 552],[534 460 591 551 514 586 522 502 552 420 380 552 511 453 484 580]
forward,1,1,"[8192, 4096]",64.0,"[7204, 4096]",56.28125,[460 534 662 431 462 262 376 359 414 388 527 454 510 384 396 585],[477 534 436 543 583 757 406 609 340 465 401 299 523 650 508 661]
forward,2,2,"[8192, 4096]",64.0,"[8082, 4096]",63.140625,[591 436 750 628 582 255 445 375 448 604 620 514 472 349 363 650],[471 662 750 441 613 655 335 410 332 474 289 570 439 667 482 602]
forward,3,3,"[8192, 4096]",64.0,"[8778, 4096]",68.578125,[551 543 441 563 468 716 498 688 476 444 532 587 602 538 612 519],[444 431 628 563 453 552 524 489 491 422 452 629 450 565 477 622]
forward,4,4,"[8192, 4096]",64.0,"[8860, 4096]",69.21875,[514 583 613 453 554 472 633 600 579 460 518 582 519 620 523 637],[631 462 582 468 554 618 565 534 470 443 326 540 379 477 501 642]
forward,5,5,"[8192, 4096]",64.0,"[10811, 4096]",84.4609375,[586 757 655 552 618 601 602 689 908 528 622 743 785 719 781 665],[574 262 255 716 472 601 503 514 379 438 766 563 588 568 534 459]
forward,6,6,"[8192, 4096]",64.0,"[7692, 4096]",60.09375,[522 406 335 524 565 503 404 519 386 532 430 452 568 466 464 616],[641 376 445 498 633 602 404 515 360 453 499 605 556 574 572 459]
forward,7,7,"[8192, 4096]",64.0,"[7930, 4096]",61.953125,[502 609 410 489 534 514 515 466 533 509 480 463 499 487 478 442],[580 359 375 688 600 689 519 466 492 449 486 477 437 531 506 538]
forward,8,8,"[8192, 4096]",64.0,"[6844, 4096]",53.46875,[552 340 332 491 470 379 360 492 292 412 402 393 566 385 478 500],[429 414 448 476 579 908 386 533 292 559 389 326 475 604 672 702]
forward,9,9,"[8192, 4096]",64.0,"[7037, 4096]",54.9765625,[420 465 474 422 443 438 453 449 559 392 402 498 389 453 356 424],[628 388 604 444 460 528 532 509 412 392 431 585 580 628 590 481]
forward,10,10,"[8192, 4096]",64.0,"[6924, 4096]",54.09375,[380 401 289 452 326 766 499 486 389 431 384 348 425 497 547 304],[489 527 620 532 518 622 430 480 402 402 384 471 489 593 568 665]
forward,11,11,"[8192, 4096]",64.0,"[7775, 4096]",60.7421875,[552 299 570 629 540 563 605 477 326 585 471 447 428 463 493 327],[650 454 514 587 582 743 452 463 393 498 348 447 415 458 571 617]
forward,12,12,"[8192, 4096]",64.0,"[7945, 4096]",62.0703125,[511 523 439 450 379 588 556 437 475 580 489 415 547 486 572 498],[536 510 472 602 519 785 568 499 566 389 425 428 547 489 400 457]
forward,13,13,"[8192, 4096]",64.0,"[8867, 4096]",69.2734375,[453 650 667 565 477 568 574 531 604 628 593 458 489 533 521 556],[617 384 349 538 620 719 466 487 385 453 497 463 486 533 542 653]
forward,14,14,"[8192, 4096]",64.0,"[8336, 4096]",65.125,[484 508 482 477 501 534 572 506 672 590 568 571 400 542 493 436],[598 396 363 612 523 781 464 478 478 356 547 493 572 521 493 517]
forward,15,15,"[8192, 4096]",64.0,"[9136, 4096]",71.375,[580 661 602 622 642 459 459 538 702 481 665 617 457 653 517 481],[552 585 650 519 637 665 616 442 500 424 304 327 498 556 436 481]
forward,0,0,[8192],0.015625,[8851],0.016881942749023438,[534 477 471 444 631 574 641 580 429 628 489 650 536 617 598 552],[534 460 591 551 514 586 522 502 552 420 380 552 511 453 484 580]
forward,1,1,[8192],0.015625,[7204],0.01374053955078125,[460 534 662 431 462 262 376 359 414 388 527 454 510 384 396 585],[477 534 436 543 583 757 406 609 340 465 401 299 523 650 508 661]
forward,2,2,[8192],0.015625,[8082],0.015415191650390625,[591 436 750 628 582 255 445 375 448 604 620 514 472 349 363 650],[471 662 750 441 613 655 335 410 332 474 289 570 439 667 482 602]
forward,3,3,[8192],0.015625,[8778],0.016742706298828125,[551 543 441 563 468 716 498 688 476 444 532 587 602 538 612 519],[444 431 628 563 453 552 524 489 491 422 452 629 450 565 477 622]
forward,4,4,[8192],0.015625,[8860],0.01689910888671875,[514 583 613 453 554 472 633 600 579 460 518 582 519 620 523 637],[631 462 582 468 554 618 565 534 470 443 326 540 379 477 501 642]
forward,5,5,[8192],0.015625,[10811],0.020620346069335938,[586 757 655 552 618 601 602 689 908 528 622 743 785 719 781 665],[574 262 255 716 472 601 503 514 379 438 766 563 588 568 534 459]
forward,6,6,[8192],0.015625,[7692],0.01467132568359375,[522 406 335 524 565 503 404 519 386 532 430 452 568 466 464 616],[641 376 445 498 633 602 404 515 360 453 499 605 556 574 572 459]
forward,7,7,[8192],0.015625,[7930],0.015125274658203125,[502 609 410 489 534 514 515 466 533 509 480 463 499 487 478 442],[580 359 375 688 600 689 519 466 492 449 486 477 437 531 506 538]
forward,8,8,[8192],0.015625,[6844],0.01305389404296875,[552 340 332 491 470 379 360 492 292 412 402 393 566 385 478 500],[429 414 448 476 579 908 386 533 292 559 389 326 475 604 672 702]
forward,9,9,[8192],0.015625,[7037],0.013422012329101562,[420 465 474 422 443 438 453 449 559 392 402 498 389 453 356 424],[628 388 604 444 460 528 532 509 412 392 431 585 580 628 590 481]
forward,10,10,[8192],0.015625,[6924],0.01320648193359375,[380 401 289 452 326 766 499 486 389 431 384 348 425 497 547 304],[489 527 620 532 518 622 430 480 402 402 384 471 489 593 568 665]
forward,11,11,[8192],0.015625,[7775],0.014829635620117188,[552 299 570 629 540 563 605 477 326 585 471 447 428 463 493 327],[650 454 514 587 582 743 452 463 393 498 348 447 415 458 571 617]
forward,12,12,[8192],0.015625,[7945],0.015153884887695312,[511 523 439 450 379 588 556 437 475 580 489 415 547 486 572 498],[536 510 472 602 519 785 568 499 566 389 425 428 547 489 400 457]
forward,13,13,[8192],0.015625,[8867],0.016912460327148438,[453 650 667 565 477 568 574 531 604 628 593 458 489 533 521 556],[617 384 349 538 620 719 466 487 385 453 497 463 486 533 542 653]
forward,14,14,[8192],0.015625,[8336],0.015899658203125,[484 508 482 477 501 534 572 506 672 590 568 571 400 542 493 436],[598 396 363 612 523 781 464 478 478 356 547 493 572 521 493 517]
forward,15,15,[8192],0.015625,[9136],0.017425537109375,[580 661 602 622 642 459 459 538 702 481 665 617 457 653 517 481],[552 585 650 519 637 665 616 442 500 424 304 327 498 556 436 481]
forward,0,0,"[8851, 4096]",69.1484375,"[8192, 4096]",64.0,[534 460 591 551 514 586 522 502 552 420 380 552 511 453 484 580],[534 477 471 444 631 574 641 580 429 628 489 650 536 617 598 552]
forward,1,1,"[7204, 4096]",56.28125,"[8192, 4096]",64.0,[477 534 436 543 583 757 406 609 340 465 401 299 523 650 508 661],[460 534 662 431 462 262 376 359 414 388 527 454 510 384 396 585]
forward,2,2,"[8082, 4096]",63.140625,"[8192, 4096]",64.0,[471 662 750 441 613 655 335 410 332 474 289 570 439 667 482 602],[591 436 750 628 582 255 445 375 448 604 620 514 472 349 363 650]
forward,3,3,"[8778, 4096]",68.578125,"[8192, 4096]",64.0,[444 431 628 563 453 552 524 489 491 422 452 629 450 565 477 622],[551 543 441 563 468 716 498 688 476 444 532 587 602 538 612 519]
forward,4,4,"[8860, 4096]",69.21875,"[8192, 4096]",64.0,[631 462 582 468 554 618 565 534 470 443 326 540 379 477 501 642],[514 583 613 453 554 472 633 600 579 460 518 582 519 620 523 637]
forward,5,5,"[10811, 4096]",84.4609375,"[8192, 4096]",64.0,[574 262 255 716 472 601 503 514 379 438 766 563 588 568 534 459],[586 757 655 552 618 601 602 689 908 528 622 743 785 719 781 665]
forward,6,6,"[7692, 4096]",60.09375,"[8192, 4096]",64.0,[641 376 445 498 633 602 404 515 360 453 499 605 556 574 572 459],[522 406 335 524 565 503 404 519 386 532 430 452 568 466 464 616]
forward,7,7,"[7930, 4096]",61.953125,"[8192, 4096]",64.0,[580 359 375 688 600 689 519 466 492 449 486 477 437 531 506 538],[502 609 410 489 534 514 515 466 533 509 480 463 499 487 478 442]
forward,8,8,"[6844, 4096]",53.46875,"[8192, 4096]",64.0,[429 414 448 476 579 908 386 533 292 559 389 326 475 604 672 702],[552 340 332 491 470 379 360 492 292 412 402 393 566 385 478 500]
forward,9,9,"[7037, 4096]",54.9765625,"[8192, 4096]",64.0,[628 388 604 444 460 528 532 509 412 392 431 585 580 628 590 481],[420 465 474 422 443 438 453 449 559 392 402 498 389 453 356 424]
forward,10,10,"[6924, 4096]",54.09375,"[8192, 4096]",64.0,[489 527 620 532 518 622 430 480 402 402 384 471 489 593 568 665],[380 401 289 452 326 766 499 486 389 431 384 348 425 497 547 304]
forward,11,11,"[7775, 4096]",60.7421875,"[8192, 4096]",64.0,[650 454 514 587 582 743 452 463 393 498 348 447 415 458 571 617],[552 299 570 629 540 563 605 477 326 585 471 447 428 463 493 327]
forward,12,12,"[7945, 4096]",62.0703125,"[8192, 4096]",64.0,[536 510 472 602 519 785 568 499 566 389 425 428 547 489 400 457],[511 523 439 450 379 588 556 437 475 580 489 415 547 486 572 498]
forward,13,13,"[8867, 4096]",69.2734375,"[8192, 4096]",64.0,[617 384 349 538 620 719 466 487 385 453 497 463 486 533 542 653],[453 650 667 565 477 568 574 531 604 628 593 458 489 533 521 556]
forward,14,14,"[8336, 4096]",65.125,"[8192, 4096]",64.0,[598 396 363 612 523 781 464 478 478 356 547 493 572 521 493 517],[484 508 482 477 501 534 572 506 672 590 568 571 400 542 493 436]
forward,15,15,"[9136, 4096]",71.375,"[8192, 4096]",64.0,[552 585 650 519 637 665 616 442 500 424 304 327 498 556 436 481],[580 661 602 622 642 459 459 538 702 481 665 617 457 653 517 481]
forward,0,0,"[8192, 4096]",64.0,"[6968, 4096]",54.4375,[507 642 363 347 383 435 490 410 464 379 423 458 411 462 469 325],[507 556 527 468 567 517 611 489 487 582 480 484 421 429 430 637]
forward,1,1,"[8192, 4096]",64.0,"[8996, 4096]",70.28125,[556 426 753 790 562 620 555 595 481 653 630 427 517 558 388 485],[642 426 398 528 489 630 634 457 353 427 629 398 299 522 431 929]
forward,2,2,"[8192, 4096]",64.0,"[7892, 4096]",61.65625,[527 398 622 511 596 257 398 545 423 327 540 480 544 481 555 688],[363 753 622 430 372 503 436 538 452 555 586 403 365 426 585 803]
forward,3,3,"[8192, 4096]",64.0,"[7758, 4096]",60.609375,[468 528 430 536 397 745 599 438 458 392 495 487 494 395 494 402],[347 790 511 536 553 719 461 512 494 595 480 553 351 318 432 540]
forward,4,4,"[8192, 4096]",64.0,"[6399, 4096]",49.9921875,[567 489 372 553 286 325 395 330 244 494 631 296 310 458 417 232],[383 562 596 397 286 632 546 481 432 771 527 567 458 446 494 614]
forward,5,5,"[8192, 4096]",64.0,"[10176, 4096]",79.5,[517 630 503 719 632 856 699 678 643 624 616 633 700 594 543 589],[435 620 257 745 325 856 513 558 328 538 616 574 317 371 412 727]
forward,6,6,"[8192, 4096]",64.0,"[7799, 4096]",60.9296875,[611 634 436 461 546 513 343 475 537 383 467 443 537 520 391 502],[490 555 398 599 395 699 343 790 339 393 535 551 454 334 477 840]
forward,7,7,"[8192, 4096]",64.0,"[8312, 4096]",64.9375,[489 457 538 512 481 558 790 415 496 527 464 649 489 454 495 498],[410 595 545 438 330 678 475 415 489 721 638 544 393 440 423 658]
forward,8,8,"[8192, 4096]",64.0,"[7572, 4096]",59.15625,[487 353 452 494 432 328 339 489 495 708 440 418 574 526 551 486],[464 481 423 458 244 643 537 496 495 583 680 421 436 452 590 789]
forward,9,9,"[8192, 4096]",64.0,"[9459, 4096]",73.8984375,[582 427 555 595 771 538 393 721 583 590 474 647 623 501 704 755],[379 653 327 392 494 624 383 527 708 590 651 582 361 479 394 648]
forward,10,10,"[8192, 4096]",64.0,"[9764, 4096]",76.28125,[480 629 586 480 527 616 535 638 680 651 604 571 709 699 625 734],[423 630 540 495 631 616 467 464 440 474 604 436 348 457 481 686]
forward,11,11,"[8192, 4096]",64.0,"[8197, 4096]",64.0390625,[484 398 403 553 567 574 551 544 421 582 436 548 471 536 658 471],[458 427 480 487 296 633 443 649 418 647 571 548 375 424 560 776]
forward,12,12,"[8192, 4096]",64.0,"[6141, 4096]",47.9765625,[421 299 365 351 458 317 454 393 436 361 348 375 367 389 412 395],[411 517 544 494 310 700 537 489 574 623 709 471 367 423 360 663]
forward,13,13,"[8192, 4096]",64.0,"[6891, 4096]",53.8359375,[429 522 426 318 446 371 334 440 452 479 457 424 423 415 491 464],[462 558 481 395 458 594 520 454 526 501 699 536 389 415 423 781]
forward,14,14,"[8192, 4096]",64.0,"[7233, 4096]",56.5078125,[430 431 585 432 494 412 477 423 590 394 481 560 360 423 379 362],[469 388 555 494 417 543 391 495 551 704 625 658 412 491 379 620]
forward,15,15,"[8192, 4096]",64.0,"[11515, 4096]",89.9609375,[637 929 803 540 614 727 840 658 789 648 686 776 663 781 620 804],[325 485 688 402 232 589 502 498 486 755 734 471 395 464 362 804]
forward,0,0,[8192],0.015625,[6968],0.0132904052734375,[507 642 363 347 383 435 490 410 464 379 423 458 411 462 469 325],[507 556 527 468 567 517 611 489 487 582 480 484 421 429 430 637]
forward,1,1,[8192],0.015625,[8996],0.01715850830078125,[556 426 753 790 562 620 555 595 481 653 630 427 517 558 388 485],[642 426 398 528 489 630 634 457 353 427 629 398 299 522 431 929]
forward,2,2,[8192],0.015625,[7892],0.01505279541015625,[527 398 622 511 596 257 398 545 423 327 540 480 544 481 555 688],[363 753 622 430 372 503 436 538 452 555 586 403 365 426 585 803]
forward,3,3,[8192],0.015625,[7758],0.014797210693359375,[468 528 430 536 397 745 599 438 458 392 495 487 494 395 494 402],[347 790 511 536 553 719 461 512 494 595 480 553 351 318 432 540]
forward,4,4,[8192],0.015625,[6399],0.012205123901367188,[567 489 372 553 286 325 395 330 244 494 631 296 310 458 417 232],[383 562 596 397 286 632 546 481 432 771 527 567 458 446 494 614]
forward,5,5,[8192],0.015625,[10176],0.0194091796875,[517 630 503 719 632 856 699 678 643 624 616 633 700 594 543 589],[435 620 257 745 325 856 513 558 328 538 616 574 317 371 412 727]
forward,6,6,[8192],0.015625,[7799],0.014875411987304688,[611 634 436 461 546 513 343 475 537 383 467 443 537 520 391 502],[490 555 398 599 395 699 343 790 339 393 535 551 454 334 477 840]
forward,7,7,[8192],0.015625,[8312],0.0158538818359375,[489 457 538 512 481 558 790 415 496 527 464 649 489 454 495 498],[410 595 545 438 330 678 475 415 489 721 638 544 393 440 423 658]
forward,8,8,[8192],0.015625,[7572],0.01444244384765625,[487 353 452 494 432 328 339 489 495 708 440 418 574 526 551 486],[464 481 423 458 244 643 537 496 495 583 680 421 436 452 590 789]
forward,9,9,[8192],0.015625,[9459],0.018041610717773438,[582 427 555 595 771 538 393 721 583 590 474 647 623 501 704 755],[379 653 327 392 494 624 383 527 708 590 651 582 361 479 394 648]
forward,10,10,[8192],0.015625,[9764],0.01862335205078125,[480 629 586 480 527 616 535 638 680 651 604 571 709 699 625 734],[423 630 540 495 631 616 467 464 440 474 604 436 348 457 481 686]
forward,11,11,[8192],0.015625,[8197],0.015634536743164062,[484 398 403 553 567 574 551 544 421 582 436 548 471 536 658 471],[458 427 480 487 296 633 443 649 418 647 571 548 375 424 560 776]
forward,12,12,[8192],0.015625,[6141],0.011713027954101562,[421 299 365 351 458 317 454 393 436 361 348 375 367 389 412 395],[411 517 544 494 310 700 537 489 574 623 709 471 367 423 360 663]
forward,13,13,[8192],0.015625,[6891],0.013143539428710938,[429 522 426 318 446 371 334 440 452 479 457 424 423 415 491 464],[462 558 481 395 458 594 520 454 526 501 699 536 389 415 423 781]
forward,14,14,[8192],0.015625,[7233],0.013795852661132812,[430 431 585 432 494 412 477 423 590 394 481 560 360 423 379 362],[469 388 555 494 417 543 391 495 551 704 625 658 412 491 379 620]
forward,15,15,[8192],0.015625,[11515],0.021963119506835938,[637 929 803 540 614 727 840 658 789 648 686 776 663 781 620 804],[325 485 688 402 232 589 502 498 486 755 734 471 395 464 362 804]
forward,0,0,"[6968, 4096]",54.4375,"[8192, 4096]",64.0,[507 556 527 468 567 517 611 489 487 582 480 484 421 429 430 637],[507 642 363 347 383 435 490 410 464 379 423 458 411 462 469 325]
forward,1,1,"[8996, 4096]",70.28125,"[8192, 4096]",64.0,[642 426 398 528 489 630 634 457 353 427 629 398 299 522 431 929],[556 426 753 790 562 620 555 595 481 653 630 427 517 558 388 485]
forward,2,2,"[7892, 4096]",61.65625,"[8192, 4096]",64.0,[363 753 622 430 372 503 436 538 452 555 586 403 365 426 585 803],[527 398 622 511 596 257 398 545 423 327 540 480 544 481 555 688]
forward,3,3,"[7758, 4096]",60.609375,"[8192, 4096]",64.0,[347 790 511 536 553 719 461 512 494 595 480 553 351 318 432 540],[468 528 430 536 397 745 599 438 458 392 495 487 494 395 494 402]
forward,4,4,"[6399, 4096]",49.9921875,"[8192, 4096]",64.0,[383 562 596 397 286 632 546 481 432 771 527 567 458 446 494 614],[567 489 372 553 286 325 395 330 244 494 631 296 310 458 417 232]
forward,5,5,"[10176, 4096]",79.5,"[8192, 4096]",64.0,[435 620 257 745 325 856 513 558 328 538 616 574 317 371 412 727],[517 630 503 719 632 856 699 678 643 624 616 633 700 594 543 589]
forward,6,6,"[7799, 4096]",60.9296875,"[8192, 4096]",64.0,[490 555 398 599 395 699 343 790 339 393 535 551 454 334 477 840],[611 634 436 461 546 513 343 475 537 383 467 443 537 520 391 502]
forward,7,7,"[8312, 4096]",64.9375,"[8192, 4096]",64.0,[410 595 545 438 330 678 475 415 489 721 638 544 393 440 423 658],[489 457 538 512 481 558 790 415 496 527 464 649 489 454 495 498]
forward,8,8,"[7572, 4096]",59.15625,"[8192, 4096]",64.0,[464 481 423 458 244 643 537 496 495 583 680 421 436 452 590 789],[487 353 452 494 432 328 339 489 495 708 440 418 574 526 551 486]
forward,9,9,"[9459, 4096]",73.8984375,"[8192, 4096]",64.0,[379 653 327 392 494 624 383 527 708 590 651 582 361 479 394 648],[582 427 555 595 771 538 393 721 583 590 474 647 623 501 704 755]
forward,10,10,"[9764, 4096]",76.28125,"[8192, 4096]",64.0,[423 630 540 495 631 616 467 464 440 474 604 436 348 457 481 686],[480 629 586 480 527 616 535 638 680 651 604 571 709 699 625 734]
forward,11,11,"[8197, 4096]",64.0390625,"[8192, 4096]",64.0,[458 427 480 487 296 633 443 649 418 647 571 548 375 424 560 776],[484 398 403 553 567 574 551 544 421 582 436 548 471 536 658 471]
forward,12,12,"[6141, 4096]",47.9765625,"[8192, 4096]",64.0,[411 517 544 494 310 700 537 489 574 623 709 471 367 423 360 663],[421 299 365 351 458 317 454 393 436 361 348 375 367 389 412 395]
forward,13,13,"[6891, 4096]",53.8359375,"[8192, 4096]",64.0,[462 558 481 395 458 594 520 454 526 501 699 536 389 415 423 781],[429 522 426 318 446 371 334 440 452 479 457 424 423 415 491 464]
forward,14,14,"[7233, 4096]",56.5078125,"[8192, 4096]",64.0,[469 388 555 494 417 543 391 495 551 704 625 658 412 491 379 620],[430 431 585 432 494 412 477 423 590 394 481 560 360 423 379 362]
forward,15,15,"[11515, 4096]",89.9609375,"[8192, 4096]",64.0,[325 485 688 402 232 589 502 498 486 755 734 471 395 464 362 804],[637 929 803 540 614 727 840 658 789 648 686 776 663 781 620 804]
backward,0,0,"[8192, 4096]",64.0,"[6968, 4096]",54.4375,[507 642 363 347 383 435 490 410 464 379 423 458 411 462 469 325],[507 556 527 468 567 517 611 489 487 582 480 484 421 429 430 637]
backward,1,1,"[8192, 4096]",64.0,"[8996, 4096]",70.28125,[556 426 753 790 562 620 555 595 481 653 630 427 517 558 388 485],[642 426 398 528 489 630 634 457 353 427 629 398 299 522 431 929]
backward,2,2,"[8192, 4096]",64.0,"[7892, 4096]",61.65625,[527 398 622 511 596 257 398 545 423 327 540 480 544 481 555 688],[363 753 622 430 372 503 436 538 452 555 586 403 365 426 585 803]
backward,3,3,"[8192, 4096]",64.0,"[7758, 4096]",60.609375,[468 528 430 536 397 745 599 438 458 392 495 487 494 395 494 402],[347 790 511 536 553 719 461 512 494 595 480 553 351 318 432 540]
backward,4,4,"[8192, 4096]",64.0,"[6399, 4096]",49.9921875,[567 489 372 553 286 325 395 330 244 494 631 296 310 458 417 232],[383 562 596 397 286 632 546 481 432 771 527 567 458 446 494 614]
backward,5,5,"[8192, 4096]",64.0,"[10176, 4096]",79.5,[517 630 503 719 632 856 699 678 643 624 616 633 700 594 543 589],[435 620 257 745 325 856 513 558 328 538 616 574 317 371 412 727]
backward,6,6,"[8192, 4096]",64.0,"[7799, 4096]",60.9296875,[611 634 436 461 546 513 343 475 537 383 467 443 537 520 391 502],[490 555 398 599 395 699 343 790 339 393 535 551 454 334 477 840]
backward,7,7,"[8192, 4096]",64.0,"[8312, 4096]",64.9375,[489 457 538 512 481 558 790 415 496 527 464 649 489 454 495 498],[410 595 545 438 330 678 475 415 489 721 638 544 393 440 423 658]
backward,8,8,"[8192, 4096]",64.0,"[7572, 4096]",59.15625,[487 353 452 494 432 328 339 489 495 708 440 418 574 526 551 486],[464 481 423 458 244 643 537 496 495 583 680 421 436 452 590 789]
backward,9,9,"[8192, 4096]",64.0,"[9459, 4096]",73.8984375,[582 427 555 595 771 538 393 721 583 590 474 647 623 501 704 755],[379 653 327 392 494 624 383 527 708 590 651 582 361 479 394 648]
backward,10,10,"[8192, 4096]",64.0,"[9764, 4096]",76.28125,[480 629 586 480 527 616 535 638 680 651 604 571 709 699 625 734],[423 630 540 495 631 616 467 464 440 474 604 436 348 457 481 686]
backward,11,11,"[8192, 4096]",64.0,"[8197, 4096]",64.0390625,[484 398 403 553 567 574 551 544 421 582 436 548 471 536 658 471],[458 427 480 487 296 633 443 649 418 647 571 548 375 424 560 776]
backward,12,12,"[8192, 4096]",64.0,"[6141, 4096]",47.9765625,[421 299 365 351 458 317 454 393 436 361 348 375 367 389 412 395],[411 517 544 494 310 700 537 489 574 623 709 471 367 423 360 663]
backward,13,13,"[8192, 4096]",64.0,"[6891, 4096]",53.8359375,[429 522 426 318 446 371 334 440 452 479 457 424 423 415 491 464],[462 558 481 395 458 594 520 454 526 501 699 536 389 415 423 781]
backward,14,14,"[8192, 4096]",64.0,"[7233, 4096]",56.5078125,[430 431 585 432 494 412 477 423 590 394 481 560 360 423 379 362],[469 388 555 494 417 543 391 495 551 704 625 658 412 491 379 620]
backward,15,15,"[8192, 4096]",64.0,"[11515, 4096]",89.9609375,[637 929 803 540 614 727 840 658 789 648 686 776 663 781 620 804],[325 485 688 402 232 589 502 498 486 755 734 471 395 464 362 804]
backward,0,0,[6968],0.0132904052734375,[8192],0.015625,[507 556 527 468 567 517 611 489 487 582 480 484 421 429 430 637],[507 642 363 347 383 435 490 410 464 379 423 458 411 462 469 325]
backward,1,1,[8996],0.01715850830078125,[8192],0.015625,[642 426 398 528 489 630 634 457 353 427 629 398 299 522 431 929],[556 426 753 790 562 620 555 595 481 653 630 427 517 558 388 485]
backward,2,2,[7892],0.01505279541015625,[8192],0.015625,[363 753 622 430 372 503 436 538 452 555 586 403 365 426 585 803],[527 398 622 511 596 257 398 545 423 327 540 480 544 481 555 688]
backward,3,3,[7758],0.014797210693359375,[8192],0.015625,[347 790 511 536 553 719 461 512 494 595 480 553 351 318 432 540],[468 528 430 536 397 745 599 438 458 392 495 487 494 395 494 402]
backward,4,4,[6399],0.012205123901367188,[8192],0.015625,[383 562 596 397 286 632 546 481 432 771 527 567 458 446 494 614],[567 489 372 553 286 325 395 330 244 494 631 296 310 458 417 232]
backward,5,5,[10176],0.0194091796875,[8192],0.015625,[435 620 257 745 325 856 513 558 328 538 616 574 317 371 412 727],[517 630 503 719 632 856 699 678 643 624 616 633 700 594 543 589]
backward,6,6,[7799],0.014875411987304688,[8192],0.015625,[490 555 398 599 395 699 343 790 339 393 535 551 454 334 477 840],[611 634 436 461 546 513 343 475 537 383 467 443 537 520 391 502]
backward,7,7,[8312],0.0158538818359375,[8192],0.015625,[410 595 545 438 330 678 475 415 489 721 638 544 393 440 423 658],[489 457 538 512 481 558 790 415 496 527 464 649 489 454 495 498]
backward,8,8,[7572],0.01444244384765625,[8192],0.015625,[464 481 423 458 244 643 537 496 495 583 680 421 436 452 590 789],[487 353 452 494 432 328 339 489 495 708 440 418 574 526 551 486]
backward,9,9,[9459],0.018041610717773438,[8192],0.015625,[379 653 327 392 494 624 383 527 708 590 651 582 361 479 394 648],[582 427 555 595 771 538 393 721 583 590 474 647 623 501 704 755]
backward,10,10,[9764],0.01862335205078125,[8192],0.015625,[423 630 540 495 631 616 467 464 440 474 604 436 348 457 481 686],[480 629 586 480 527 616 535 638 680 651 604 571 709 699 625 734]
backward,11,11,[8197],0.015634536743164062,[8192],0.015625,[458 427 480 487 296 633 443 649 418 647 571 548 375 424 560 776],[484 398 403 553 567 574 551 544 421 582 436 548 471 536 658 471]
backward,12,12,[6141],0.011713027954101562,[8192],0.015625,[411 517 544 494 310 700 537 489 574 623 709 471 367 423 360 663],[421 299 365 351 458 317 454 393 436 361 348 375 367 389 412 395]
backward,13,13,[6891],0.013143539428710938,[8192],0.015625,[462 558 481 395 458 594 520 454 526 501 699 536 389 415 423 781],[429 522 426 318 446 371 334 440 452 479 457 424 423 415 491 464]
backward,14,14,[7233],0.013795852661132812,[8192],0.015625,[469 388 555 494 417 543 391 495 551 704 625 658 412 491 379 620],[430 431 585 432 494 412 477 423 590 394 481 560 360 423 379 362]
backward,15,15,[11515],0.021963119506835938,[8192],0.015625,[325 485 688 402 232 589 502 498 486 755 734 471 395 464 362 804],[637 929 803 540 614 727 840 658 789 648 686 776 663 781 620 804]
backward,0,0,"[6968, 4096]",54.4375,"[8192, 4096]",64.0,[507 556 527 468 567 517 611 489 487 582 480 484 421 429 430 637],[507 642 363 347 383 435 490 410 464 379 423 458 411 462 469 325]
backward,1,1,"[8996, 4096]",70.28125,"[8192, 4096]",64.0,[642 426 398 528 489 630 634 457 353 427 629 398 299 522 431 929],[556 426 753 790 562 620 555 595 481 653 630 427 517 558 388 485]
backward,2,2,"[7892, 4096]",61.65625,"[8192, 4096]",64.0,[363 753 622 430 372 503 436 538 452 555 586 403 365 426 585 803],[527 398 622 511 596 257 398 545 423 327 540 480 544 481 555 688]
backward,3,3,"[7758, 4096]",60.609375,"[8192, 4096]",64.0,[347 790 511 536 553 719 461 512 494 595 480 553 351 318 432 540],[468 528 430 536 397 745 599 438 458 392 495 487 494 395 494 402]
backward,4,4,"[6399, 4096]",49.9921875,"[8192, 4096]",64.0,[383 562 596 397 286 632 546 481 432 771 527 567 458 446 494 614],[567 489 372 553 286 325 395 330 244 494 631 296 310 458 417 232]
backward,5,5,"[10176, 4096]",79.5,"[8192, 4096]",64.0,[435 620 257 745 325 856 513 558 328 538 616 574 317 371 412 727],[517 630 503 719 632 856 699 678 643 624 616 633 700 594 543 589]
backward,6,6,"[7799, 4096]",60.9296875,"[8192, 4096]",64.0,[490 555 398 599 395 699 343 790 339 393 535 551 454 334 477 840],[611 634 436 461 546 513 343 475 537 383 467 443 537 520 391 502]
backward,7,7,"[8312, 4096]",64.9375,"[8192, 4096]",64.0,[410 595 545 438 330 678 475 415 489 721 638 544 393 440 423 658],[489 457 538 512 481 558 790 415 496 527 464 649 489 454 495 498]
backward,8,8,"[7572, 4096]",59.15625,"[8192, 4096]",64.0,[464 481 423 458 244 643 537 496 495 583 680 421 436 452 590 789],[487 353 452 494 432 328 339 489 495 708 440 418 574 526 551 486]
backward,9,9,"[9459, 4096]",73.8984375,"[8192, 4096]",64.0,[379 653 327 392 494 624 383 527 708 590 651 582 361 479 394 648],[582 427 555 595 771 538 393 721 583 590 474 647 623 501 704 755]
backward,10,10,"[9764, 4096]",76.28125,"[8192, 4096]",64.0,[423 630 540 495 631 616 467 464 440 474 604 436 348 457 481 686],[480 629 586 480 527 616 535 638 680 651 604 571 709 699 625 734]
backward,11,11,"[8197, 4096]",64.0390625,"[8192, 4096]",64.0,[458 427 480 487 296 633 443 649 418 647 571 548 375 424 560 776],[484 398 403 553 567 574 551 544 421 582 436 548 471 536 658 471]
backward,12,12,"[6141, 4096]",47.9765625,"[8192, 4096]",64.0,[411 517 544 494 310 700 537 489 574 623 709 471 367 423 360 663],[421 299 365 351 458 317 454 393 436 361 348 375 367 389 412 395]
backward,13,13,"[6891, 4096]",53.8359375,"[8192, 4096]",64.0,[462 558 481 395 458 594 520 454 526 501 699 536 389 415 423 781],[429 522 426 318 446 371 334 440 452 479 457 424 423 415 491 464]
backward,14,14,"[7233, 4096]",56.5078125,"[8192, 4096]",64.0,[469 388 555 494 417 543 391 495 551 704 625 658 412 491 379 620],[430 431 585 432 494 412 477 423 590 394 481 560 360 423 379 362]
backward,15,15,"[11515, 4096]",89.9609375,"[8192, 4096]",64.0,[325 485 688 402 232 589 502 498 486 755 734 471 395 464 362 804],[637 929 803 540 614 727 840 658 789 648 686 776 663 781 620 804]
backward,0,0,"[8192, 4096]",64.0,"[8851, 4096]",69.1484375,[534 477 471 444 631 574 641 580 429 628 489 650 536 617 598 552],[534 460 591 551 514 586 522 502 552 420 380 552 511 453 484 580]
backward,1,1,"[8192, 4096]",64.0,"[7204, 4096]",56.28125,[460 534 662 431 462 262 376 359 414 388 527 454 510 384 396 585],[477 534 436 543 583 757 406 609 340 465 401 299 523 650 508 661]
backward,2,2,"[8192, 4096]",64.0,"[8082, 4096]",63.140625,[591 436 750 628 582 255 445 375 448 604 620 514 472 349 363 650],[471 662 750 441 613 655 335 410 332 474 289 570 439 667 482 602]
backward,3,3,"[8192, 4096]",64.0,"[8778, 4096]",68.578125,[551 543 441 563 468 716 498 688 476 444 532 587 602 538 612 519],[444 431 628 563 453 552 524 489 491 422 452 629 450 565 477 622]
backward,4,4,"[8192, 4096]",64.0,"[8860, 4096]",69.21875,[514 583 613 453 554 472 633 600 579 460 518 582 519 620 523 637],[631 462 582 468 554 618 565 534 470 443 326 540 379 477 501 642]
backward,5,5,"[8192, 4096]",64.0,"[10811, 4096]",84.4609375,[586 757 655 552 618 601 602 689 908 528 622 743 785 719 781 665],[574 262 255 716 472 601 503 514 379 438 766 563 588 568 534 459]
backward,6,6,"[8192, 4096]",64.0,"[7692, 4096]",60.09375,[522 406 335 524 565 503 404 519 386 532 430 452 568 466 464 616],[641 376 445 498 633 602 404 515 360 453 499 605 556 574 572 459]
backward,7,7,"[8192, 4096]",64.0,"[7930, 4096]",61.953125,[502 609 410 489 534 514 515 466 533 509 480 463 499 487 478 442],[580 359 375 688 600 689 519 466 492 449 486 477 437 531 506 538]
backward,8,8,"[8192, 4096]",64.0,"[6844, 4096]",53.46875,[552 340 332 491 470 379 360 492 292 412 402 393 566 385 478 500],[429 414 448 476 579 908 386 533 292 559 389 326 475 604 672 702]
backward,9,9,"[8192, 4096]",64.0,"[7037, 4096]",54.9765625,[420 465 474 422 443 438 453 449 559 392 402 498 389 453 356 424],[628 388 604 444 460 528 532 509 412 392 431 585 580 628 590 481]
backward,10,10,"[8192, 4096]",64.0,"[6924, 4096]",54.09375,[380 401 289 452 326 766 499 486 389 431 384 348 425 497 547 304],[489 527 620 532 518 622 430 480 402 402 384 471 489 593 568 665]
backward,11,11,"[8192, 4096]",64.0,"[7775, 4096]",60.7421875,[552 299 570 629 540 563 605 477 326 585 471 447 428 463 493 327],[650 454 514 587 582 743 452 463 393 498 348 447 415 458 571 617]
backward,12,12,"[8192, 4096]",64.0,"[7945, 4096]",62.0703125,[511 523 439 450 379 588 556 437 475 580 489 415 547 486 572 498],[536 510 472 602 519 785 568 499 566 389 425 428 547 489 400 457]
backward,13,13,"[8192, 4096]",64.0,"[8867, 4096]",69.2734375,[453 650 667 565 477 568 574 531 604 628 593 458 489 533 521 556],[617 384 349 538 620 719 466 487 385 453 497 463 486 533 542 653]
backward,14,14,"[8192, 4096]",64.0,"[8336, 4096]",65.125,[484 508 482 477 501 534 572 506 672 590 568 571 400 542 493 436],[598 396 363 612 523 781 464 478 478 356 547 493 572 521 493 517]
backward,15,15,"[8192, 4096]",64.0,"[9136, 4096]",71.375,[580 661 602 622 642 459 459 538 702 481 665 617 457 653 517 481],[552 585 650 519 637 665 616 442 500 424 304 327 498 556 436 481]
backward,0,0,[8851],0.016881942749023438,[8192],0.015625,[534 460 591 551 514 586 522 502 552 420 380 552 511 453 484 580],[534 477 471 444 631 574 641 580 429 628 489 650 536 617 598 552]
backward,1,1,[7204],0.01374053955078125,[8192],0.015625,[477 534 436 543 583 757 406 609 340 465 401 299 523 650 508 661],[460 534 662 431 462 262 376 359 414 388 527 454 510 384 396 585]
backward,2,2,[8082],0.015415191650390625,[8192],0.015625,[471 662 750 441 613 655 335 410 332 474 289 570 439 667 482 602],[591 436 750 628 582 255 445 375 448 604 620 514 472 349 363 650]
backward,3,3,[8778],0.016742706298828125,[8192],0.015625,[444 431 628 563 453 552 524 489 491 422 452 629 450 565 477 622],[551 543 441 563 468 716 498 688 476 444 532 587 602 538 612 519]
backward,4,4,[8860],0.01689910888671875,[8192],0.015625,[631 462 582 468 554 618 565 534 470 443 326 540 379 477 501 642],[514 583 613 453 554 472 633 600 579 460 518 582 519 620 523 637]
backward,5,5,[10811],0.020620346069335938,[8192],0.015625,[574 262 255 716 472 601 503 514 379 438 766 563 588 568 534 459],[586 757 655 552 618 601 602 689 908 528 622 743 785 719 781 665]
backward,6,6,[7692],0.01467132568359375,[8192],0.015625,[641 376 445 498 633 602 404 515 360 453 499 605 556 574 572 459],[522 406 335 524 565 503 404 519 386 532 430 452 568 466 464 616]
backward,7,7,[7930],0.015125274658203125,[8192],0.015625,[580 359 375 688 600 689 519 466 492 449 486 477 437 531 506 538],[502 609 410 489 534 514 515 466 533 509 480 463 499 487 478 442]
backward,8,8,[6844],0.01305389404296875,[8192],0.015625,[429 414 448 476 579 908 386 533 292 559 389 326 475 604 672 702],[552 340 332 491 470 379 360 492 292 412 402 393 566 385 478 500]
backward,9,9,[7037],0.013422012329101562,[8192],0.015625,[628 388 604 444 460 528 532 509 412 392 431 585 580 628 590 481],[420 465 474 422 443 438 453 449 559 392 402 498 389 453 356 424]
backward,10,10,[6924],0.01320648193359375,[8192],0.015625,[489 527 620 532 518 622 430 480 402 402 384 471 489 593 568 665],[380 401 289 452 326 766 499 486 389 431 384 348 425 497 547 304]
backward,11,11,[7775],0.014829635620117188,[8192],0.015625,[650 454 514 587 582 743 452 463 393 498 348 447 415 458 571 617],[552 299 570 629 540 563 605 477 326 585 471 447 428 463 493 327]
backward,12,12,[7945],0.015153884887695312,[8192],0.015625,[536 510 472 602 519 785 568 499 566 389 425 428 547 489 400 457],[511 523 439 450 379 588 556 437 475 580 489 415 547 486 572 498]
backward,13,13,[8867],0.016912460327148438,[8192],0.015625,[617 384 349 538 620 719 466 487 385 453 497 463 486 533 542 653],[453 650 667 565 477 568 574 531 604 628 593 458 489 533 521 556]
backward,14,14,[8336],0.015899658203125,[8192],0.015625,[598 396 363 612 523 781 464 478 478 356 547 493 572 521 493 517],[484 508 482 477 501 534 572 506 672 590 568 571 400 542 493 436]
backward,15,15,[9136],0.017425537109375,[8192],0.015625,[552 585 650 519 637 665 616 442 500 424 304 327 498 556 436 481],[580 661 602 622 642 459 459 538 702 481 665 617 457 653 517 481]
backward,0,0,"[8851, 4096]",69.1484375,"[8192, 4096]",64.0,[534 460 591 551 514 586 522 502 552 420 380 552 511 453 484 580],[534 477 471 444 631 574 641 580 429 628 489 650 536 617 598 552]
backward,1,1,"[7204, 4096]",56.28125,"[8192, 4096]",64.0,[477 534 436 543 583 757 406 609 340 465 401 299 523 650 508 661],[460 534 662 431 462 262 376 359 414 388 527 454 510 384 396 585]
backward,2,2,"[8082, 4096]",63.140625,"[8192, 4096]",64.0,[471 662 750 441 613 655 335 410 332 474 289 570 439 667 482 602],[591 436 750 628 582 255 445 375 448 604 620 514 472 349 363 650]
backward,3,3,"[8778, 4096]",68.578125,"[8192, 4096]",64.0,[444 431 628 563 453 552 524 489 491 422 452 629 450 565 477 622],[551 543 441 563 468 716 498 688 476 444 532 587 602 538 612 519]
backward,4,4,"[8860, 4096]",69.21875,"[8192, 4096]",64.0,[631 462 582 468 554 618 565 534 470 443 326 540 379 477 501 642],[514 583 613 453 554 472 633 600 579 460 518 582 519 620 523 637]
backward,5,5,"[10811, 4096]",84.4609375,"[8192, 4096]",64.0,[574 262 255 716 472 601 503 514 379 438 766 563 588 568 534 459],[586 757 655 552 618 601 602 689 908 528 622 743 785 719 781 665]
backward,6,6,"[7692, 4096]",60.09375,"[8192, 4096]",64.0,[641 376 445 498 633 602 404 515 360 453 499 605 556 574 572 459],[522 406 335 524 565 503 404 519 386 532 430 452 568 466 464 616]
backward,7,7,"[7930, 4096]",61.953125,"[8192, 4096]",64.0,[580 359 375 688 600 689 519 466 492 449 486 477 437 531 506 538],[502 609 410 489 534 514 515 466 533 509 480 463 499 487 478 442]
backward,8,8,"[6844, 4096]",53.46875,"[8192, 4096]",64.0,[429 414 448 476 579 908 386 533 292 559 389 326 475 604 672 702],[552 340 332 491 470 379 360 492 292 412 402 393 566 385 478 500]
backward,9,9,"[7037, 4096]",54.9765625,"[8192, 4096]",64.0,[628 388 604 444 460 528 532 509 412 392 431 585 580 628 590 481],[420 465 474 422 443 438 453 449 559 392 402 498 389 453 356 424]
backward,10,10,"[6924, 4096]",54.09375,"[8192, 4096]",64.0,[489 527 620 532 518 622 430 480 402 402 384 471 489 593 568 665],[380 401 289 452 326 766 499 486 389 431 384 348 425 497 547 304]
backward,11,11,"[7775, 4096]",60.7421875,"[8192, 4096]",64.0,[650 454 514 587 582 743 452 463 393 498 348 447 415 458 571 617],[552 299 570 629 540 563 605 477 326 585 471 447 428 463 493 327]
backward,12,12,"[7945, 4096]",62.0703125,"[8192, 4096]",64.0,[536 510 472 602 519 785 568 499 566 389 425 428 547 489 400 457],[511 523 439 450 379 588 556 437 475 580 489 415 547 486 572 498]
backward,13,13,"[8867, 4096]",69.2734375,"[8192, 4096]",64.0,[617 384 349 538 620 719 466 487 385 453 497 463 486 533 542 653],[453 650 667 565 477 568 574 531 604 628 593 458 489 533 521 556]
backward,14,14,"[8336, 4096]",65.125,"[8192, 4096]",64.0,[598 396 363 612 523 781 464 478 478 356 547 493 572 521 493 517],[484 508 482 477 501 534 572 506 672 590 568 571 400 542 493 436]
backward,15,15,"[9136, 4096]",71.375,"[8192, 4096]",64.0,[552 585 650 519 637 665 616 442 500 424 304 327 498 556 436 481],[580 661 602 622 642 459 459 538 702 481 665 617 457 653 517 481]
backward,0,0,"[8192, 4096]",64.0,"[10370, 4096]",81.015625,[480 526 519 579 729 574 767 619 779 694 555 825 670 694 745 615],[480 601 472 597 438 399 553 527 504 726 581 440 436 393 467 578]
backward,1,1,"[8192, 4096]",64.0,"[9199, 4096]",71.8671875,[601 648 549 543 566 641 661 489 550 523 535 591 584 583 469 666],[526 648 534 345 300 387 579 549 564 606 569 333 505 470 584 693]
backward,2,2,"[8192, 4096]",64.0,"[8467, 4096]",66.1484375,[472 534 621 470 476 427 506 536 650 426 521 569 573 513 452 721],[519 549 621 435 334 291 780 499 469 702 566 376 455 338 554 704]
backward,3,3,"[8192, 4096]",64.0,"[8390, 4096]",65.546875,[597 345 435 684 683 484 616 431 422 520 558 495 615 379 426 700],[579 543 470 684 451 438 626 519 484 629 540 410 345 450 507 517]
backward,4,4,"[8192, 4096]",64.0,"[6991, 4096]",54.6171875,[438 300 334 451 548 448 319 624 374 367 427 402 495 494 522 448],[729 566 476 683 548 346 665 474 519 451 563 342 425 429 547 429]
backward,5,5,"[8192, 4096]",64.0,"[6125, 4096]",47.8515625,[399 387 291 438 346 413 344 483 380 351 338 363 396 381 411 404],[574 641 427 484 448 413 615 664 548 356 586 436 435 548 583 434]
backward,6,6,"[8192, 4096]",64.0,"[9530, 4096]",74.453125,[553 579 780 626 665 615 586 547 649 728 684 546 450 544 509 469],[767 661 506 616 319 344 586 714 501 468 581 297 407 434 630 361]
backward,7,7,"[8192, 4096]",64.0,"[8796, 4096]",68.71875,[527 549 499 519 474 664 714 549 552 485 514 620 552 548 477 553],[619 489 536 431 624 483 547 549 579 433 609 409 495 359 563 467]
backward,8,8,"[8192, 4096]",64.0,"[8875, 4096]",69.3359375,[504 564 469 484 519 548 501 579 508 547 486 617 710 561 551 727],[779 550 650 422 374 380 649 552 508 426 608 342 434 449 590 479]
backward,9,9,"[8192, 4096]",64.0,"[8212, 4096]",64.15625,[726 606 702 629 451 356 468 433 426 583 683 363 399 512 574 301],[694 523 426 520 367 351 728 485 547 583 549 399 510 499 593 418]
backward,10,10,"[8192, 4096]",64.0,"[9257, 4096]",72.3203125,[581 569 566 540 563 586 581 609 608 549 549 644 537 625 579 571],[555 535 521 558 427 338 684 514 486 683 549 362 408 475 522 575]
backward,11,11,"[8192, 4096]",64.0,"[6055, 4096]",47.3046875,[440 333 376 410 342 436 297 409 342 399 362 380 394 365 466 304],[825 591 569 495 402 363 546 620 617 363 644 380 378 349 600 450]
backward,12,12,"[8192, 4096]",64.0,"[7092, 4096]",55.40625,[436 505 455 345 425 435 407 495 434 510 408 378 441 468 505 445],[670 584 573 615 495 396 450 552 710 399 537 394 441 436 531 409]
backward,13,13,"[8192, 4096]",64.0,"[7003, 4096]",54.7109375,[393 470 338 450 429 548 434 359 449 499 475 349 436 430 513 431],[694 583 513 379 494 381 544 548 561 512 625 365 468 430 598 497]
backward,14,14,"[8192, 4096]",64.0,"[8956, 4096]",69.96875,[467 584 554 507 547 583 630 563 590 593 522 600 531 598 525 562],[745 469 452 426 522 411 509 477 551 574 579 466 505 513 525 468]
backward,15,15,"[8192, 4096]",64.0,"[7754, 4096]",60.578125,[578 693 704 517 429 434 361 467 479 418 575 450 409 497 468 275],[615 666 721 700 448 404 469 553 727 301 571 304 445 431 562 275]
backward,0,0,[10370],0.019779205322265625,[8192],0.015625,[480 601 472 597 438 399 553 527 504 726 581 440 436 393 467 578],[480 526 519 579 729 574 767 619 779 694 555 825 670 694 745 615]
backward,1,1,[9199],0.017545700073242188,[8192],0.015625,[526 648 534 345 300 387 579 549 564 606 569 333 505 470 584 693],[601 648 549 543 566 641 661 489 550 523 535 591 584 583 469 666]
backward,2,2,[8467],0.016149520874023438,[8192],0.015625,[519 549 621 435 334 291 780 499 469 702 566 376 455 338 554 704],[472 534 621 470 476 427 506 536 650 426 521 569 573 513 452 721]
backward,3,3,[8390],0.016002655029296875,[8192],0.015625,[579 543 470 684 451 438 626 519 484 629 540 410 345 450 507 517],[597 345 435 684 683 484 616 431 422 520 558 495 615 379 426 700]
backward,4,4,[6991],0.013334274291992188,[8192],0.015625,[729 566 476 683 548 346 665 474 519 451 563 342 425 429 547 429],[438 300 334 451 548 448 319 624 374 367 427 402 495 494 522 448]
backward,5,5,[6125],0.011682510375976562,[8192],0.015625,[574 641 427 484 448 413 615 664 548 356 586 436 435 548 583 434],[399 387 291 438 346 413 344 483 380 351 338 363 396 381 411 404]
backward,6,6,[9530],0.018177032470703125,[8192],0.015625,[767 661 506 616 319 344 586 714 501 468 581 297 407 434 630 361],[553 579 780 626 665 615 586 547 649 728 684 546 450 544 509 469]
backward,7,7,[8796],0.01677703857421875,[8192],0.015625,[619 489 536 431 624 483 547 549 579 433 609 409 495 359 563 467],[527 549 499 519 474 664 714 549 552 485 514 620 552 548 477 553]
backward,8,8,[8875],0.016927719116210938,[8192],0.015625,[779 550 650 422 374 380 649 552 508 426 608 342 434 449 590 479],[504 564 469 484 519 548 501 579 508 547 486 617 710 561 551 727]
backward,9,9,[8212],0.01566314697265625,[8192],0.015625,[694 523 426 520 367 351 728 485 547 583 549 399 510 499 593 418],[726 606 702 629 451 356 468 433 426 583 683 363 399 512 574 301]
backward,10,10,[9257],0.017656326293945312,[8192],0.015625,[555 535 521 558 427 338 684 514 486 683 549 362 408 475 522 575],[581 569 566 540 563 586 581 609 608 549 549 644 537 625 579 571]
backward,11,11,[6055],0.011548995971679688,[8192],0.015625,[825 591 569 495 402 363 546 620 617 363 644 380 378 349 600 450],[440 333 376 410 342 436 297 409 342 399 362 380 394 365 466 304]
backward,12,12,[7092],0.01352691650390625,[8192],0.015625,[670 584 573 615 495 396 450 552 710 399 537 394 441 436 531 409],[436 505 455 345 425 435 407 495 434 510 408 378 441 468 505 445]
backward,13,13,[7003],0.013357162475585938,[8192],0.015625,[694 583 513 379 494 381 544 548 561 512 625 365 468 430 598 497],[393 470 338 450 429 548 434 359 449 499 475 349 436 430 513 431]
backward,14,14,[8956],0.01708221435546875,[8192],0.015625,[745 469 452 426 522 411 509 477 551 574 579 466 505 513 525 468],[467 584 554 507 547 583 630 563 590 593 522 600 531 598 525 562]
backward,15,15,[7754],0.014789581298828125,[8192],0.015625,[615 666 721 700 448 404 469 553 727 301 571 304 445 431 562 275],[578 693 704 517 429 434 361 467 479 418 575 450 409 497 468 275]
backward,0,0,"[10370, 4096]",81.015625,"[8192, 4096]",64.0,[480 601 472 597 438 399 553 527 504 726 581 440 436 393 467 578],[480 526 519 579 729 574 767 619 779 694 555 825 670 694 745 615]
backward,1,1,"[9199, 4096]",71.8671875,"[8192, 4096]",64.0,[526 648 534 345 300 387 579 549 564 606 569 333 505 470 584 693],[601 648 549 543 566 641 661 489 550 523 535 591 584 583 469 666]
backward,2,2,"[8467, 4096]",66.1484375,"[8192, 4096]",64.0,[519 549 621 435 334 291 780 499 469 702 566 376 455 338 554 704],[472 534 621 470 476 427 506 536 650 426 521 569 573 513 452 721]
backward,3,3,"[8390, 4096]",65.546875,"[8192, 4096]",64.0,[579 543 470 684 451 438 626 519 484 629 540 410 345 450 507 517],[597 345 435 684 683 484 616 431 422 520 558 495 615 379 426 700]
backward,4,4,"[6991, 4096]",54.6171875,"[8192, 4096]",64.0,[729 566 476 683 548 346 665 474 519 451 563 342 425 429 547 429],[438 300 334 451 548 448 319 624 374 367 427 402 495 494 522 448]
backward,5,5,"[6125, 4096]",47.8515625,"[8192, 4096]",64.0,[574 641 427 484 448 413 615 664 548 356 586 436 435 548 583 434],[399 387 291 438 346 413 344 483 380 351 338 363 396 381 411 404]
backward,6,6,"[9530, 4096]",74.453125,"[8192, 4096]",64.0,[767 661 506 616 319 344 586 714 501 468 581 297 407 434 630 361],[553 579 780 626 665 615 586 547 649 728 684 546 450 544 509 469]
backward,7,7,"[8796, 4096]",68.71875,"[8192, 4096]",64.0,[619 489 536 431 624 483 547 549 579 433 609 409 495 359 563 467],[527 549 499 519 474 664 714 549 552 485 514 620 552 548 477 553]
backward,8,8,"[8875, 4096]",69.3359375,"[8192, 4096]",64.0,[779 550 650 422 374 380 649 552 508 426 608 342 434 449 590 479],[504 564 469 484 519 548 501 579 508 547 486 617 710 561 551 727]
backward,9,9,"[8212, 4096]",64.15625,"[8192, 4096]",64.0,[694 523 426 520 367 351 728 485 547 583 549 399 510 499 593 418],[726 606 702 629 451 356 468 433 426 583 683 363 399 512 574 301]
backward,10,10,"[9257, 4096]",72.3203125,"[8192, 4096]",64.0,[555 535 521 558 427 338 684 514 486 683 549 362 408 475 522 575],[581 569 566 540 563 586 581 609 608 549 549 644 537 625 579 571]
backward,11,11,"[6055, 4096]",47.3046875,"[8192, 4096]",64.0,[825 591 569 495 402 363 546 620 617 363 644 380 378 349 600 450],[440 333 376 410 342 436 297 409 342 399 362 380 394 365 466 304]
backward,12,12,"[7092, 4096]",55.40625,"[8192, 4096]",64.0,[670 584 573 615 495 396 450 552 710 399 537 394 441 436 531 409],[436 505 455 345 425 435 407 495 434 510 408 378 441 468 505 445]
backward,13,13,"[7003, 4096]",54.7109375,"[8192, 4096]",64.0,[694 583 513 379 494 381 544 548 561 512 625 365 468 430 598 497],[393 470 338 450 429 548 434 359 449 499 475 349 436 430 513 431]
backward,14,14,"[8956, 4096]",69.96875,"[8192, 4096]",64.0,[745 469 452 426 522 411 509 477 551 574 579 466 505 513 525 468],[467 584 554 507 547 583 630 563 590 593 522 600 531 598 525 562]
backward,15,15,"[7754, 4096]",60.578125,"[8192, 4096]",64.0,[615 666 721 700 448 404 469 553 727 301 571 304 445 431 562 275],[578 693 704 517 429 434 361 467 479 418 575 450 409 497 468 275]
backward,0,0,"[8192, 4096]",64.0,"[3636, 4096]",28.40625,[247 203  87 225 176 241 257 235 168 269 256 159 331 245 254 283],[247 466 654 193 599 411 763 846 339 507 835 520 526 155 490 641]
backward,1,1,"[8192, 4096]",64.0,"[6911, 4096]",53.9921875,[466 384 289 440 436 446 393 525 286 472 378 399 511 416 422 648],[203 384 700 171 671 301 799 797 275 503 694 579 614 117 614 770]
backward,2,2,"[8192, 4096]",64.0,"[12393, 4096]",96.8203125,"[ 654  700  938  730  580 1107  883  846  974  845  631  735  608  841
  822  499]","[  87  289  938  126  575  331  819 1091  225  355  976  614  507  127
  436  696]"
backward,3,3,"[8192, 4096]",64.0,"[2692, 4096]",21.03125,[193 171 126 178 165 129 149 203 144 178 170 148 194 215 164 165],[225 440 730 178 637 379 770 788 259 604 912 544 484 128 554 560]
backward,4,4,"[8192, 4096]",64.0,"[10025, 4096]",78.3203125,[599 671 575 637 560 856 629 584 626 729 636 677 536 654 579 477],[176 436 580 165 560 447 767 786 302 540 888 536 702 199 459 649]
backward,5,5,"[8192, 4096]",64.0,"[5908, 4096]",46.15625,[411 301 331 379 447 334 322 414 308 274 353 372 429 317 416 500],"[ 241  446 1107  129  856  334  649  469  233  779  404  598  424  149
  814  560]"
backward,6,6,"[8192, 4096]",64.0,"[12337, 4096]",96.3828125,[763 799 819 770 767 649 744 763 908 840 806 826 697 752 848 586],[257 393 883 149 629 322 744 814 282 557 599 691 644 131 599 498]
backward,7,7,"[8192, 4096]",64.0,"[12289, 4096]",96.0078125,"[ 846  797 1091  788  786  469  814  747  769  581  847  871  732  678
  643  830]",[235 525 846 203 584 414 763 747 296 544 646 616 511 127 565 570]
backward,8,8,"[8192, 4096]",64.0,"[4456, 4096]",34.8125,[339 275 225 259 302 233 282 296 214 269 271 242 319 309 273 348],[168 286 974 144 626 308 908 769 214 517 712 656 533 138 568 671]
backward,9,9,"[8192, 4096]",64.0,"[8789, 4096]",68.6640625,[507 503 355 604 540 779 557 544 517 647 525 523 589 548 531 520],[269 472 845 178 729 274 840 581 269 647 667 608 580 123 584 526]
backward,10,10,"[8192, 4096]",64.0,"[11492, 4096]",89.78125,[835 694 976 912 888 404 599 646 712 667 777 747 665 619 676 675],[256 378 631 170 636 353 806 847 271 525 777 557 542 119 536 788]
backward,11,11,"[8192, 4096]",64.0,"[9474, 4096]",74.015625,[520 579 614 544 536 598 691 616 656 608 557 611 548 640 573 583],[159 399 735 148 677 372 826 871 242 523 747 611 633 112 490 647]
backward,12,12,"[8192, 4096]",64.0,"[9096, 4096]",71.0625,[526 614 507 484 702 424 644 511 533 580 542 633 593 538 570 695],[331 511 608 194 536 429 697 732 319 589 665 548 593 165 578 697]
backward,13,13,"[8192, 4096]",64.0,"[2322, 4096]",18.140625,[155 117 127 128 199 149 131 127 138 123 119 112 165 195 196 141],[245 416 841 215 654 317 752 678 309 548 619 640 538 195 601 624]
backward,14,14,"[8192, 4096]",64.0,"[8914, 4096]",69.640625,[490 614 436 554 459 814 599 565 568 584 536 490 578 601 558 468],[254 422 822 164 579 416 848 643 273 531 676 573 570 196 558 667]
backward,15,15,"[8192, 4096]",64.0,"[10338, 4096]",80.765625,[641 770 696 560 649 560 498 570 671 526 788 647 697 624 667 774],[283 648 499 165 477 500 586 830 348 520 675 583 695 141 468 774]
backward,0,0,[3636],0.00693511962890625,[8192],0.015625,[247 466 654 193 599 411 763 846 339 507 835 520 526 155 490 641],[247 203  87 225 176 241 257 235 168 269 256 159 331 245 254 283]
backward,1,1,[6911],0.013181686401367188,[8192],0.015625,[203 384 700 171 671 301 799 797 275 503 694 579 614 117 614 770],[466 384 289 440 436 446 393 525 286 472 378 399 511 416 422 648]
backward,2,2,[12393],0.023637771606445312,[8192],0.015625,"[  87  289  938  126  575  331  819 1091  225  355  976  614  507  127
  436  696]","[ 654  700  938  730  580 1107  883  846  974  845  631  735  608  841
  822  499]"
backward,3,3,[2692],0.00513458251953125,[8192],0.015625,[225 440 730 178 637 379 770 788 259 604 912 544 484 128 554 560],[193 171 126 178 165 129 149 203 144 178 170 148 194 215 164 165]
backward,4,4,[10025],0.019121170043945312,[8192],0.015625,[176 436 580 165 560 447 767 786 302 540 888 536 702 199 459 649],[599 671 575 637 560 856 629 584 626 729 636 677 536 654 579 477]
backward,5,5,[5908],0.01126861572265625,[8192],0.015625,"[ 241  446 1107  129  856  334  649  469  233  779  404  598  424  149
  814  560]",[411 301 331 379 447 334 322 414 308 274 353 372 429 317 416 500]
backward,6,6,[12337],0.023530960083007812,[8192],0.015625,[257 393 883 149 629 322 744 814 282 557 599 691 644 131 599 498],[763 799 819 770 767 649 744 763 908 840 806 826 697 752 848 586]
backward,7,7,[12289],0.023439407348632812,[8192],0.015625,[235 525 846 203 584 414 763 747 296 544 646 616 511 127 565 570],"[ 846  797 1091  788  786  469  814  747  769  581  847  871  732  678
  643  830]"
backward,8,8,[4456],0.0084991455078125,[8192],0.015625,[168 286 974 144 626 308 908 769 214 517 712 656 533 138 568 671],[339 275 225 259 302 233 282 296 214 269 271 242 319 309 273 348]
backward,9,9,[8789],0.016763687133789062,[8192],0.015625,[269 472 845 178 729 274 840 581 269 647 667 608 580 123 584 526],[507 503 355 604 540 779 557 544 517 647 525 523 589 548 531 520]
backward,10,10,[11492],0.02191925048828125,[8192],0.015625,[256 378 631 170 636 353 806 847 271 525 777 557 542 119 536 788],[835 694 976 912 888 404 599 646 712 667 777 747 665 619 676 675]
backward,11,11,[9474],0.018070220947265625,[8192],0.015625,[159 399 735 148 677 372 826 871 242 523 747 611 633 112 490 647],[520 579 614 544 536 598 691 616 656 608 557 611 548 640 573 583]
backward,12,12,[9096],0.0173492431640625,[8192],0.015625,[331 511 608 194 536 429 697 732 319 589 665 548 593 165 578 697],[526 614 507 484 702 424 644 511 533 580 542 633 593 538 570 695]
backward,13,13,[2322],0.004428863525390625,[8192],0.015625,[245 416 841 215 654 317 752 678 309 548 619 640 538 195 601 624],[155 117 127 128 199 149 131 127 138 123 119 112 165 195 196 141]
backward,14,14,[8914],0.017002105712890625,[8192],0.015625,[254 422 822 164 579 416 848 643 273 531 676 573 570 196 558 667],[490 614 436 554 459 814 599 565 568 584 536 490 578 601 558 468]
backward,15,15,[10338],0.019718170166015625,[8192],0.015625,[283 648 499 165 477 500 586 830 348 520 675 583 695 141 468 774],[641 770 696 560 649 560 498 570 671 526 788 647 697 624 667 774]
backward,0,0,"[3636, 4096]",28.40625,"[8192, 4096]",64.0,[247 466 654 193 599 411 763 846 339 507 835 520 526 155 490 641],[247 203  87 225 176 241 257 235 168 269 256 159 331 245 254 283]
backward,1,1,"[6911, 4096]",53.9921875,"[8192, 4096]",64.0,[203 384 700 171 671 301 799 797 275 503 694 579 614 117 614 770],[466 384 289 440 436 446 393 525 286 472 378 399 511 416 422 648]
backward,2,2,"[12393, 4096]",96.8203125,"[8192, 4096]",64.0,"[  87  289  938  126  575  331  819 1091  225  355  976  614  507  127
  436  696]","[ 654  700  938  730  580 1107  883  846  974  845  631  735  608  841
  822  499]"
backward,3,3,"[2692, 4096]",21.03125,"[8192, 4096]",64.0,[225 440 730 178 637 379 770 788 259 604 912 544 484 128 554 560],[193 171 126 178 165 129 149 203 144 178 170 148 194 215 164 165]
backward,4,4,"[10025, 4096]",78.3203125,"[8192, 4096]",64.0,[176 436 580 165 560 447 767 786 302 540 888 536 702 199 459 649],[599 671 575 637 560 856 629 584 626 729 636 677 536 654 579 477]
backward,5,5,"[5908, 4096]",46.15625,"[8192, 4096]",64.0,"[ 241  446 1107  129  856  334  649  469  233  779  404  598  424  149
  814  560]",[411 301 331 379 447 334 322 414 308 274 353 372 429 317 416 500]
backward,6,6,"[12337, 4096]",96.3828125,"[8192, 4096]",64.0,[257 393 883 149 629 322 744 814 282 557 599 691 644 131 599 498],[763 799 819 770 767 649 744 763 908 840 806 826 697 752 848 586]
backward,7,7,"[12289, 4096]",96.0078125,"[8192, 4096]",64.0,[235 525 846 203 584 414 763 747 296 544 646 616 511 127 565 570],"[ 846  797 1091  788  786  469  814  747  769  581  847  871  732  678
  643  830]"
backward,8,8,"[4456, 4096]",34.8125,"[8192, 4096]",64.0,[168 286 974 144 626 308 908 769 214 517 712 656 533 138 568 671],[339 275 225 259 302 233 282 296 214 269 271 242 319 309 273 348]
backward,9,9,"[8789, 4096]",68.6640625,"[8192, 4096]",64.0,[269 472 845 178 729 274 840 581 269 647 667 608 580 123 584 526],[507 503 355 604 540 779 557 544 517 647 525 523 589 548 531 520]
backward,10,10,"[11492, 4096]",89.78125,"[8192, 4096]",64.0,[256 378 631 170 636 353 806 847 271 525 777 557 542 119 536 788],[835 694 976 912 888 404 599 646 712 667 777 747 665 619 676 675]
backward,11,11,"[9474, 4096]",74.015625,"[8192, 4096]",64.0,[159 399 735 148 677 372 826 871 242 523 747 611 633 112 490 647],[520 579 614 544 536 598 691 616 656 608 557 611 548 640 573 583]
backward,12,12,"[9096, 4096]",71.0625,"[8192, 4096]",64.0,[331 511 608 194 536 429 697 732 319 589 665 548 593 165 578 697],[526 614 507 484 702 424 644 511 533 580 542 633 593 538 570 695]
backward,13,13,"[2322, 4096]",18.140625,"[8192, 4096]",64.0,[245 416 841 215 654 317 752 678 309 548 619 640 538 195 601 624],[155 117 127 128 199 149 131 127 138 123 119 112 165 195 196 141]
backward,14,14,"[8914, 4096]",69.640625,"[8192, 4096]",64.0,[254 422 822 164 579 416 848 643 273 531 676 573 570 196 558 667],[490 614 436 554 459 814 599 565 568 584 536 490 578 601 558 468]
backward,15,15,"[10338, 4096]",80.765625,"[8192, 4096]",64.0,[283 648 499 165 477 500 586 830 348 520 675 583 695 141 468 774],[641 770 696 560 649 560 498 570 671 526 788 647 697 624 667 774]
backward,0,0,"[10438, 4096]",81.546875,"[8192, 4096]",64.0,"[ 742  362  956  577 1321   43  562   96 1056  407   95  229   20  402
  656  668]",[742 514 696 678 686 655 628 645 603 792 509 658 715 552 690 675]
backward,1,1,"[7749, 4096]",60.5390625,"[8192, 4096]",64.0,[514 412 680 717 393  51 497 380 474 591 315 651 182 945 688 702],[362 412 619 348 682 526 368 552 396 375 567 372 776 408 541 445]
backward,2,2,"[9935, 4096]",77.6171875,"[8192, 4096]",64.0,[696 619 443 726 772 119 571 163 783 673 138 406  45 546 776 716],[956 680 443 809 482 637 687 390 719 573 435 767 356 671 705 625]
backward,3,3,"[11424, 4096]",89.25,"[8192, 4096]",64.0,[678 348 809 747 658  33 636 155 871 698 129 322  29 627 655 797],[577 717 726 747 647 763 745 774 756 690 698 691 721 811 631 730]
backward,4,4,"[10911, 4096]",85.2421875,"[8192, 4096]",64.0,[686 682 482 647 738  69 482 234 727 471 301 373  58 498 973 771],"[1321  393  772  658  738  807  465  546  810  603  513  602  660  466
 1097  460]"
backward,5,5,"[1119, 4096]",8.7421875,"[8192, 4096]",64.0,[655 526 637 763 807  46 459 166 685 645 168 456  40 565 802 772],[ 43  51 119  33  69  46 101  79  38  77 128  41 107  47  71  69]
backward,6,6,"[9442, 4096]",73.765625,"[8192, 4096]",64.0,[628 368 687 745 465 101 546 195 609 613 278 703  90 678 656 830],[562 497 571 636 482 459 546 690 601 784 691 602 593 537 615 576]
backward,7,7,"[3138, 4096]",24.515625,"[8192, 4096]",64.0,[645 552 390 774 546  79 690 192 704 731 149 492  61 605 820 762],[ 96 380 163 155 234 166 195 192 186 134 191 157 182 263 152 292]
backward,8,8,"[11450, 4096]",89.453125,"[8192, 4096]",64.0,[603 396 719 756 810  38 601 186 723 522 183 518  37 641 702 757],"[1056  474  783  871  727  685  609  704  723  700  539  702  681  602
  933  661]"
backward,9,9,"[9229, 4096]",72.1015625,"[8192, 4096]",64.0,[792 375 573 690 603  77 784 134 700 500 160 622  94 552 866 670],[407 591 673 698 471 645 613 731 522 500 573 647 615 593 490 460]
backward,10,10,"[3292, 4096]",25.71875,"[8192, 4096]",64.0,[509 567 435 698 513 128 691 191 539 573 297 696 125 703 769 758],[ 95 315 138 129 301 168 278 149 183 160 297 128 172 331 141 307]
backward,11,11,"[7895, 4096]",61.6796875,"[8192, 4096]",64.0,[658 372 767 691 602  41 602 157 702 647 128 398  23 741 703 960],[229 651 406 322 373 456 703 492 518 622 696 398 393 661 331 644]
backward,12,12,"[1144, 4096]",8.9375,"[8192, 4096]",64.0,[715 776 356 721 660 107 593 182 681 615 172 393  90 593 775 763],[ 20 182  45  29  58  40  90  61  37  94 125  23  90 110  32 108]
backward,13,13,"[9888, 4096]",77.25,"[8192, 4096]",64.0,[552 408 671 811 466  47 537 263 602 593 331 661 110 673 731 736],[402 945 546 627 498 565 678 605 641 552 703 741 593 673 423 696]
backward,14,14,"[11976, 4096]",93.5625,"[8192, 4096]",64.0,"[ 690  541  705  631 1097   71  615  152  933  490  141  331   32  423
  695  645]",[656 688 776 655 973 802 656 820 702 866 769 703 775 731 695 709]
backward,15,15,"[12042, 4096]",94.078125,"[8192, 4096]",64.0,[675 445 625 730 460  69 576 292 661 460 307 644 108 696 709 735],[668 702 716 797 771 772 830 762 757 670 758 960 763 736 645 735]
backward,0,0,"[8192, 4096]",64.0,"[9333, 4096]",72.9140625,[541 591 592 561 588 595 549 576 553 578 695 450 654 615 555 640],[541 501 496 374 672 850 102 656 808 560 627 340 300 510 614 241]
backward,1,1,"[8192, 4096]",64.0,"[9482, 4096]",74.078125,[501 795 512 664 487 538 765 510 631 489 635 761 502 622 487 583],[591 795 361 582 146 567 219 766 380 566 358 479 713 443 649 577]
backward,2,2,"[8192, 4096]",64.0,"[8185, 4096]",63.9453125,[496 361 558 433 960 583 363 582 514 361 339 411 683 459 655 427],[592 512 558 495 563 618 194 608 584 679 575 405 506 551 496 256]
backward,3,3,"[8192, 4096]",64.0,"[8499, 4096]",66.3984375,[374 582 495 478 394 507 569 619 476 573 686 525 625 593 463 540],[561 664 433 478 440 586 194 667 536 613 471 414 393 736 643 363]
backward,4,4,"[8192, 4096]",64.0,"[6921, 4096]",54.0703125,[672 146 563 440 395 633 239 456 551 516 298 310 419 375 625 283],[588 487 960 394 395 503 127 542 457 565 659 456 805 329 573 352]
backward,5,5,"[8192, 4096]",64.0,"[9096, 4096]",71.0625,[850 567 618 586 503 524 508 487 592 563 496 474 541 542 766 479],[595 538 583 507 633 524 178 518 535 602 611 348 496 562 600 362]
backward,6,6,"[8192, 4096]",64.0,"[2973, 4096]",23.2265625,[102 219 194 194 127 178 198 210 181 193 259 210 206 197 142 163],[549 765 363 569 239 508 198 693 481 600 368 620 676 538 609 416]
backward,7,7,"[8192, 4096]",64.0,"[10520, 4096]",82.1875,[656 766 608 667 542 518 693 677 696 708 705 745 583 713 513 730],[576 510 582 619 456 487 210 677 616 665 471 441 553 613 418 298]
backward,8,8,"[8192, 4096]",64.0,"[8661, 4096]",67.6640625,[808 380 584 536 457 535 481 616 549 586 538 464 583 494 585 465],[553 631 514 476 551 592 181 696 549 612 391 401 518 583 582 362]
backward,9,9,"[8192, 4096]",64.0,"[10027, 4096]",78.3359375,[560 566 679 613 565 602 600 665 612 864 586 617 557 625 607 709],[578 489 361 573 516 563 193 708 586 864 374 490 495 611 533 258]
backward,10,10,"[8192, 4096]",64.0,"[7631, 4096]",59.6171875,[627 358 575 471 659 611 368 471 391 374 452 498 516 293 632 335],[695 635 339 686 298 496 259 705 538 586 452 413 475 792 552 271]
backward,11,11,"[8192, 4096]",64.0,"[7349, 4096]",57.4140625,[340 479 405 414 456 348 620 441 401 490 413 515 450 511 427 639],[450 761 411 525 310 474 210 745 464 617 498 515 474 659 644 435]
backward,12,12,"[8192, 4096]",64.0,"[8563, 4096]",66.8984375,[300 713 506 393 805 496 676 553 518 495 475 474 581 562 386 630],[654 502 683 625 419 541 206 583 583 557 516 450 581 515 485 292]
backward,13,13,"[8192, 4096]",64.0,"[9123, 4096]",71.2734375,[510 443 551 736 329 562 538 613 583 611 792 659 515 632 517 532],[615 622 459 593 375 542 197 713 494 625 293 511 562 632 547 412]
backward,14,14,"[8192, 4096]",64.0,"[9133, 4096]",71.3515625,[614 649 496 643 573 600 609 418 582 533 552 644 485 547 550 638],[555 487 655 463 625 766 142 513 585 607 632 427 386 517 550 282]
backward,15,15,"[8192, 4096]",64.0,"[5576, 4096]",43.5625,[241 577 256 363 352 362 416 298 362 258 271 435 292 412 282 399],[640 583 427 540 283 479 163 730 465 709 335 639 630 532 638 399]
backward,0,0,[9333],0.017801284790039062,[8192],0.015625,[541 501 496 374 672 850 102 656 808 560 627 340 300 510 614 241],[541 591 592 561 588 595 549 576 553 578 695 450 654 615 555 640]
backward,1,1,[9482],0.018085479736328125,[8192],0.015625,[591 795 361 582 146 567 219 766 380 566 358 479 713 443 649 577],[501 795 512 664 487 538 765 510 631 489 635 761 502 622 487 583]
backward,2,2,[8185],0.015611648559570312,[8192],0.015625,[592 512 558 495 563 618 194 608 584 679 575 405 506 551 496 256],[496 361 558 433 960 583 363 582 514 361 339 411 683 459 655 427]
backward,3,3,[8499],0.016210556030273438,[8192],0.015625,[561 664 433 478 440 586 194 667 536 613 471 414 393 736 643 363],[374 582 495 478 394 507 569 619 476 573 686 525 625 593 463 540]
backward,4,4,[6921],0.013200759887695312,[8192],0.015625,[588 487 960 394 395 503 127 542 457 565 659 456 805 329 573 352],[672 146 563 440 395 633 239 456 551 516 298 310 419 375 625 283]
backward,5,5,[9096],0.0173492431640625,[8192],0.015625,[595 538 583 507 633 524 178 518 535 602 611 348 496 562 600 362],[850 567 618 586 503 524 508 487 592 563 496 474 541 542 766 479]
backward,6,6,[2973],0.0056705474853515625,[8192],0.015625,[549 765 363 569 239 508 198 693 481 600 368 620 676 538 609 416],[102 219 194 194 127 178 198 210 181 193 259 210 206 197 142 163]
backward,7,7,[10520],0.0200653076171875,[8192],0.015625,[576 510 582 619 456 487 210 677 616 665 471 441 553 613 418 298],[656 766 608 667 542 518 693 677 696 708 705 745 583 713 513 730]
backward,8,8,[8661],0.016519546508789062,[8192],0.015625,[553 631 514 476 551 592 181 696 549 612 391 401 518 583 582 362],[808 380 584 536 457 535 481 616 549 586 538 464 583 494 585 465]
backward,9,9,[10027],0.019124984741210938,[8192],0.015625,[578 489 361 573 516 563 193 708 586 864 374 490 495 611 533 258],[560 566 679 613 565 602 600 665 612 864 586 617 557 625 607 709]
backward,10,10,[7631],0.014554977416992188,[8192],0.015625,[695 635 339 686 298 496 259 705 538 586 452 413 475 792 552 271],[627 358 575 471 659 611 368 471 391 374 452 498 516 293 632 335]
backward,11,11,[7349],0.014017105102539062,[8192],0.015625,[450 761 411 525 310 474 210 745 464 617 498 515 474 659 644 435],[340 479 405 414 456 348 620 441 401 490 413 515 450 511 427 639]
backward,12,12,[8563],0.016332626342773438,[8192],0.015625,[654 502 683 625 419 541 206 583 583 557 516 450 581 515 485 292],[300 713 506 393 805 496 676 553 518 495 475 474 581 562 386 630]
backward,13,13,[9123],0.017400741577148438,[8192],0.015625,[615 622 459 593 375 542 197 713 494 625 293 511 562 632 547 412],[510 443 551 736 329 562 538 613 583 611 792 659 515 632 517 532]
backward,14,14,[9133],0.017419815063476562,[8192],0.015625,[555 487 655 463 625 766 142 513 585 607 632 427 386 517 550 282],[614 649 496 643 573 600 609 418 582 533 552 644 485 547 550 638]
backward,15,15,[5576],0.0106353759765625,[8192],0.015625,[640 583 427 540 283 479 163 730 465 709 335 639 630 532 638 399],[241 577 256 363 352 362 416 298 362 258 271 435 292 412 282 399]
backward,0,0,"[9333, 4096]",72.9140625,"[8192, 4096]",64.0,[541 501 496 374 672 850 102 656 808 560 627 340 300 510 614 241],[541 591 592 561 588 595 549 576 553 578 695 450 654 615 555 640]
backward,1,1,"[9482, 4096]",74.078125,"[8192, 4096]",64.0,[591 795 361 582 146 567 219 766 380 566 358 479 713 443 649 577],[501 795 512 664 487 538 765 510 631 489 635 761 502 622 487 583]
backward,2,2,"[8185, 4096]",63.9453125,"[8192, 4096]",64.0,[592 512 558 495 563 618 194 608 584 679 575 405 506 551 496 256],[496 361 558 433 960 583 363 582 514 361 339 411 683 459 655 427]
backward,3,3,"[8499, 4096]",66.3984375,"[8192, 4096]",64.0,[561 664 433 478 440 586 194 667 536 613 471 414 393 736 643 363],[374 582 495 478 394 507 569 619 476 573 686 525 625 593 463 540]
backward,4,4,"[6921, 4096]",54.0703125,"[8192, 4096]",64.0,[588 487 960 394 395 503 127 542 457 565 659 456 805 329 573 352],[672 146 563 440 395 633 239 456 551 516 298 310 419 375 625 283]
backward,5,5,"[9096, 4096]",71.0625,"[8192, 4096]",64.0,[595 538 583 507 633 524 178 518 535 602 611 348 496 562 600 362],[850 567 618 586 503 524 508 487 592 563 496 474 541 542 766 479]
backward,6,6,"[2973, 4096]",23.2265625,"[8192, 4096]",64.0,[549 765 363 569 239 508 198 693 481 600 368 620 676 538 609 416],[102 219 194 194 127 178 198 210 181 193 259 210 206 197 142 163]
backward,7,7,"[10520, 4096]",82.1875,"[8192, 4096]",64.0,[576 510 582 619 456 487 210 677 616 665 471 441 553 613 418 298],[656 766 608 667 542 518 693 677 696 708 705 745 583 713 513 730]
backward,8,8,"[8661, 4096]",67.6640625,"[8192, 4096]",64.0,[553 631 514 476 551 592 181 696 549 612 391 401 518 583 582 362],[808 380 584 536 457 535 481 616 549 586 538 464 583 494 585 465]
backward,9,9,"[10027, 4096]",78.3359375,"[8192, 4096]",64.0,[578 489 361 573 516 563 193 708 586 864 374 490 495 611 533 258],[560 566 679 613 565 602 600 665 612 864 586 617 557 625 607 709]
backward,10,10,"[7631, 4096]",59.6171875,"[8192, 4096]",64.0,[695 635 339 686 298 496 259 705 538 586 452 413 475 792 552 271],[627 358 575 471 659 611 368 471 391 374 452 498 516 293 632 335]
backward,11,11,"[7349, 4096]",57.4140625,"[8192, 4096]",64.0,[450 761 411 525 310 474 210 745 464 617 498 515 474 659 644 435],[340 479 405 414 456 348 620 441 401 490 413 515 450 511 427 639]
backward,12,12,"[8563, 4096]",66.8984375,"[8192, 4096]",64.0,[654 502 683 625 419 541 206 583 583 557 516 450 581 515 485 292],[300 713 506 393 805 496 676 553 518 495 475 474 581 562 386 630]
backward,13,13,"[9123, 4096]",71.2734375,"[8192, 4096]",64.0,[615 622 459 593 375 542 197 713 494 625 293 511 562 632 547 412],[510 443 551 736 329 562 538 613 583 611 792 659 515 632 517 532]
backward,14,14,"[9133, 4096]",71.3515625,"[8192, 4096]",64.0,[555 487 655 463 625 766 142 513 585 607 632 427 386 517 550 282],[614 649 496 643 573 600 609 418 582 533 552 644 485 547 550 638]
backward,15,15,"[5576, 4096]",43.5625,"[8192, 4096]",64.0,[640 583 427 540 283 479 163 730 465 709 335 639 630 532 638 399],[241 577 256 363 352 362 416 298 362 258 271 435 292 412 282 399]
backward,0,0,"[8192, 4096]",64.0,"[10103, 4096]",78.9296875,[611 821 591 639 564 607 670 591 687 572 658 621 489 782 534 666],[611 389 716 558 369 403 646 562 397 262 568 402 611 457 571 670]
backward,1,1,"[8192, 4096]",64.0,"[8630, 4096]",67.421875,[389 747 489 595 469 479 539 527 525 473 627 613 552 619 429 558],[821 747 239 459 516 334 416 425 452 416 434 623 563 841 384 522]
backward,2,2,"[8192, 4096]",64.0,"[7735, 4096]",60.4296875,[716 239 591 496 537 477 426 524 516 474 335 546 545 352 643 318],[591 489 591 644 410 408 717 480 546 312 571 426 637 490 343 537]
backward,3,3,"[8192, 4096]",64.0,"[9831, 4096]",76.8046875,[558 459 644 565 616 668 650 605 616 817 548 472 608 719 629 657],[639 595 496 565 531 470 548 465 552 378 390 357 502 601 637 466]
backward,4,4,"[8192, 4096]",64.0,"[6866, 4096]",53.640625,[369 516 410 531 371 371 491 407 416 364 413 510 479 406 346 466],[564 469 537 616 371 334 562 414 375 345 858 522 551 795 369 510]
backward,5,5,"[8192, 4096]",64.0,"[6750, 4096]",52.734375,[403 334 408 470 334 468 406 482 445 412 466 461 400 446 379 436],[607 479 477 668 371 468 530 444 461 412 686 452 593 658 414 472]
backward,6,6,"[8192, 4096]",64.0,"[9352, 4096]",73.0625,[646 416 717 548 562 530 483 646 529 682 577 479 569 577 890 501],[670 539 426 650 491 406 483 502 550 408 385 572 698 523 414 475]
backward,7,7,"[8192, 4096]",64.0,"[7842, 4096]",61.265625,[562 425 480 465 414 444 502 553 491 523 568 450 528 515 445 477],[591 527 524 605 407 482 646 553 546 306 521 382 608 585 443 466]
backward,8,8,"[8192, 4096]",64.0,"[8009, 4096]",62.5703125,[397 452 546 552 375 461 550 546 494 571 469 560 510 514 441 571],[687 525 516 616 416 445 529 491 494 368 473 489 561 596 464 522]
backward,9,9,"[8192, 4096]",64.0,"[5643, 4096]",44.0859375,[262 416 312 378 345 412 408 306 368 318 307 476 288 382 296 369],[572 473 474 817 364 412 682 523 571 318 423 456 727 456 367 557]
backward,10,10,"[8192, 4096]",64.0,"[8223, 4096]",64.2421875,[568 434 571 390 858 686 385 521 473 423 484 436 585 327 646 436],[658 627 335 548 413 466 577 568 469 307 484 635 692 563 398 452]
backward,11,11,"[8192, 4096]",64.0,"[7612, 4096]",59.46875,[402 623 426 357 522 452 572 382 489 456 635 428 504 498 330 536],[621 613 546 472 510 461 479 450 560 476 436 428 481 658 665 336]
backward,12,12,"[8192, 4096]",64.0,"[9808, 4096]",76.625,[611 563 637 502 551 593 698 608 561 727 692 481 647 688 568 681],[489 552 545 608 479 400 569 528 510 288 585 504 647 545 417 526]
backward,13,13,"[8192, 4096]",64.0,"[9458, 4096]",73.890625,[457 841 490 601 795 658 523 585 596 456 563 658 545 570 496 624],[782 619 352 719 406 446 577 515 514 382 327 498 688 570 322 475]
backward,14,14,"[8192, 4096]",64.0,"[7041, 4096]",55.0078125,[571 384 343 637 369 414 414 443 464 367 398 665 417 322 428 405],[534 429 643 629 346 379 890 445 441 296 646 330 568 496 428 692]
backward,15,15,"[8192, 4096]",64.0,"[8169, 4096]",63.8203125,[670 522 537 466 510 472 475 466 522 557 452 336 526 475 692 491],[666 558 318 657 466 436 501 477 571 369 436 536 681 624 405 491]
backward,0,0,[10103],0.019269943237304688,[8192],0.015625,[611 389 716 558 369 403 646 562 397 262 568 402 611 457 571 670],[611 821 591 639 564 607 670 591 687 572 658 621 489 782 534 666]
backward,1,1,[8630],0.016460418701171875,[8192],0.015625,[821 747 239 459 516 334 416 425 452 416 434 623 563 841 384 522],[389 747 489 595 469 479 539 527 525 473 627 613 552 619 429 558]
backward,2,2,[7735],0.014753341674804688,[8192],0.015625,[591 489 591 644 410 408 717 480 546 312 571 426 637 490 343 537],[716 239 591 496 537 477 426 524 516 474 335 546 545 352 643 318]
backward,3,3,[9831],0.018751144409179688,[8192],0.015625,[639 595 496 565 531 470 548 465 552 378 390 357 502 601 637 466],[558 459 644 565 616 668 650 605 616 817 548 472 608 719 629 657]
backward,4,4,[6866],0.013095855712890625,[8192],0.015625,[564 469 537 616 371 334 562 414 375 345 858 522 551 795 369 510],[369 516 410 531 371 371 491 407 416 364 413 510 479 406 346 466]
backward,5,5,[6750],0.012874603271484375,[8192],0.015625,[607 479 477 668 371 468 530 444 461 412 686 452 593 658 414 472],[403 334 408 470 334 468 406 482 445 412 466 461 400 446 379 436]
backward,6,6,[9352],0.0178375244140625,[8192],0.015625,[670 539 426 650 491 406 483 502 550 408 385 572 698 523 414 475],[646 416 717 548 562 530 483 646 529 682 577 479 569 577 890 501]
backward,7,7,[7842],0.014957427978515625,[8192],0.015625,[591 527 524 605 407 482 646 553 546 306 521 382 608 585 443 466],[562 425 480 465 414 444 502 553 491 523 568 450 528 515 445 477]
backward,8,8,[8009],0.015275955200195312,[8192],0.015625,[687 525 516 616 416 445 529 491 494 368 473 489 561 596 464 522],[397 452 546 552 375 461 550 546 494 571 469 560 510 514 441 571]
backward,9,9,[5643],0.010763168334960938,[8192],0.015625,[572 473 474 817 364 412 682 523 571 318 423 456 727 456 367 557],[262 416 312 378 345 412 408 306 368 318 307 476 288 382 296 369]
backward,10,10,[8223],0.015684127807617188,[8192],0.015625,[658 627 335 548 413 466 577 568 469 307 484 635 692 563 398 452],[568 434 571 390 858 686 385 521 473 423 484 436 585 327 646 436]
backward,11,11,[7612],0.01451873779296875,[8192],0.015625,[621 613 546 472 510 461 479 450 560 476 436 428 481 658 665 336],[402 623 426 357 522 452 572 382 489 456 635 428 504 498 330 536]
backward,12,12,[9808],0.018707275390625,[8192],0.015625,[489 552 545 608 479 400 569 528 510 288 585 504 647 545 417 526],[611 563 637 502 551 593 698 608 561 727 692 481 647 688 568 681]
backward,13,13,[9458],0.018039703369140625,[8192],0.015625,[782 619 352 719 406 446 577 515 514 382 327 498 688 570 322 475],[457 841 490 601 795 658 523 585 596 456 563 658 545 570 496 624]
backward,14,14,[7041],0.013429641723632812,[8192],0.015625,[534 429 643 629 346 379 890 445 441 296 646 330 568 496 428 692],[571 384 343 637 369 414 414 443 464 367 398 665 417 322 428 405]
backward,15,15,[8169],0.015581130981445312,[8192],0.015625,[666 558 318 657 466 436 501 477 571 369 436 536 681 624 405 491],[670 522 537 466 510 472 475 466 522 557 452 336 526 475 692 491]
backward,0,0,"[10103, 4096]",78.9296875,"[8192, 4096]",64.0,[611 389 716 558 369 403 646 562 397 262 568 402 611 457 571 670],[611 821 591 639 564 607 670 591 687 572 658 621 489 782 534 666]
backward,1,1,"[8630, 4096]",67.421875,"[8192, 4096]",64.0,[821 747 239 459 516 334 416 425 452 416 434 623 563 841 384 522],[389 747 489 595 469 479 539 527 525 473 627 613 552 619 429 558]
backward,2,2,"[7735, 4096]",60.4296875,"[8192, 4096]",64.0,[591 489 591 644 410 408 717 480 546 312 571 426 637 490 343 537],[716 239 591 496 537 477 426 524 516 474 335 546 545 352 643 318]
backward,3,3,"[9831, 4096]",76.8046875,"[8192, 4096]",64.0,[639 595 496 565 531 470 548 465 552 378 390 357 502 601 637 466],[558 459 644 565 616 668 650 605 616 817 548 472 608 719 629 657]
backward,4,4,"[6866, 4096]",53.640625,"[8192, 4096]",64.0,[564 469 537 616 371 334 562 414 375 345 858 522 551 795 369 510],[369 516 410 531 371 371 491 407 416 364 413 510 479 406 346 466]
backward,5,5,"[6750, 4096]",52.734375,"[8192, 4096]",64.0,[607 479 477 668 371 468 530 444 461 412 686 452 593 658 414 472],[403 334 408 470 334 468 406 482 445 412 466 461 400 446 379 436]
backward,6,6,"[9352, 4096]",73.0625,"[8192, 4096]",64.0,[670 539 426 650 491 406 483 502 550 408 385 572 698 523 414 475],[646 416 717 548 562 530 483 646 529 682 577 479 569 577 890 501]
backward,7,7,"[7842, 4096]",61.265625,"[8192, 4096]",64.0,[591 527 524 605 407 482 646 553 546 306 521 382 608 585 443 466],[562 425 480 465 414 444 502 553 491 523 568 450 528 515 445 477]
backward,8,8,"[8009, 4096]",62.5703125,"[8192, 4096]",64.0,[687 525 516 616 416 445 529 491 494 368 473 489 561 596 464 522],[397 452 546 552 375 461 550 546 494 571 469 560 510 514 441 571]
backward,9,9,"[5643, 4096]",44.0859375,"[8192, 4096]",64.0,[572 473 474 817 364 412 682 523 571 318 423 456 727 456 367 557],[262 416 312 378 345 412 408 306 368 318 307 476 288 382 296 369]
backward,10,10,"[8223, 4096]",64.2421875,"[8192, 4096]",64.0,[658 627 335 548 413 466 577 568 469 307 484 635 692 563 398 452],[568 434 571 390 858 686 385 521 473 423 484 436 585 327 646 436]
backward,11,11,"[7612, 4096]",59.46875,"[8192, 4096]",64.0,[621 613 546 472 510 461 479 450 560 476 436 428 481 658 665 336],[402 623 426 357 522 452 572 382 489 456 635 428 504 498 330 536]
backward,12,12,"[9808, 4096]",76.625,"[8192, 4096]",64.0,[489 552 545 608 479 400 569 528 510 288 585 504 647 545 417 526],[611 563 637 502 551 593 698 608 561 727 692 481 647 688 568 681]
backward,13,13,"[9458, 4096]",73.890625,"[8192, 4096]",64.0,[782 619 352 719 406 446 577 515 514 382 327 498 688 570 322 475],[457 841 490 601 795 658 523 585 596 456 563 658 545 570 496 624]
backward,14,14,"[7041, 4096]",55.0078125,"[8192, 4096]",64.0,[534 429 643 629 346 379 890 445 441 296 646 330 568 496 428 692],[571 384 343 637 369 414 414 443 464 367 398 665 417 322 428 405]
backward,15,15,"[8169, 4096]",63.8203125,"[8192, 4096]",64.0,[666 558 318 657 466 436 501 477 571 369 436 536 681 624 405 491],[670 522 537 466 510 472 475 466 522 557 452 336 526 475 692 491]
forward,0,0,"[8192, 4096]",64.0,"[10103, 4096]",78.9296875,[611 821 591 639 564 607 670 591 687 572 658 621 489 782 534 666],[611 389 716 558 369 403 646 562 397 262 568 402 611 457 571 670]
forward,1,1,"[8192, 4096]",64.0,"[8630, 4096]",67.421875,[389 747 489 595 469 479 539 527 525 473 627 613 552 619 429 558],[821 747 239 459 516 334 416 425 452 416 434 623 563 841 384 522]
forward,2,2,"[8192, 4096]",64.0,"[7735, 4096]",60.4296875,[716 239 591 496 537 477 426 524 516 474 335 546 545 352 643 318],[591 489 591 644 410 408 717 480 546 312 571 426 637 490 343 537]
forward,3,3,"[8192, 4096]",64.0,"[9831, 4096]",76.8046875,[558 459 644 565 616 668 650 605 616 817 548 472 608 719 629 657],[639 595 496 565 531 470 548 465 552 378 390 357 502 601 637 466]
forward,4,4,"[8192, 4096]",64.0,"[6866, 4096]",53.640625,[369 516 410 531 371 371 491 407 416 364 413 510 479 406 346 466],[564 469 537 616 371 334 562 414 375 345 858 522 551 795 369 510]
forward,5,5,"[8192, 4096]",64.0,"[6750, 4096]",52.734375,[403 334 408 470 334 468 406 482 445 412 466 461 400 446 379 436],[607 479 477 668 371 468 530 444 461 412 686 452 593 658 414 472]
forward,6,6,"[8192, 4096]",64.0,"[9352, 4096]",73.0625,[646 416 717 548 562 530 483 646 529 682 577 479 569 577 890 501],[670 539 426 650 491 406 483 502 550 408 385 572 698 523 414 475]
forward,7,7,"[8192, 4096]",64.0,"[7842, 4096]",61.265625,[562 425 480 465 414 444 502 553 491 523 568 450 528 515 445 477],[591 527 524 605 407 482 646 553 546 306 521 382 608 585 443 466]
forward,8,8,"[8192, 4096]",64.0,"[8009, 4096]",62.5703125,[397 452 546 552 375 461 550 546 494 571 469 560 510 514 441 571],[687 525 516 616 416 445 529 491 494 368 473 489 561 596 464 522]
forward,9,9,"[8192, 4096]",64.0,"[5643, 4096]",44.0859375,[262 416 312 378 345 412 408 306 368 318 307 476 288 382 296 369],[572 473 474 817 364 412 682 523 571 318 423 456 727 456 367 557]
forward,10,10,"[8192, 4096]",64.0,"[8223, 4096]",64.2421875,[568 434 571 390 858 686 385 521 473 423 484 436 585 327 646 436],[658 627 335 548 413 466 577 568 469 307 484 635 692 563 398 452]
forward,11,11,"[8192, 4096]",64.0,"[7612, 4096]",59.46875,[402 623 426 357 522 452 572 382 489 456 635 428 504 498 330 536],[621 613 546 472 510 461 479 450 560 476 436 428 481 658 665 336]
forward,12,12,"[8192, 4096]",64.0,"[9808, 4096]",76.625,[611 563 637 502 551 593 698 608 561 727 692 481 647 688 568 681],[489 552 545 608 479 400 569 528 510 288 585 504 647 545 417 526]
forward,13,13,"[8192, 4096]",64.0,"[9458, 4096]",73.890625,[457 841 490 601 795 658 523 585 596 456 563 658 545 570 496 624],[782 619 352 719 406 446 577 515 514 382 327 498 688 570 322 475]
forward,14,14,"[8192, 4096]",64.0,"[7041, 4096]",55.0078125,[571 384 343 637 369 414 414 443 464 367 398 665 417 322 428 405],[534 429 643 629 346 379 890 445 441 296 646 330 568 496 428 692]
forward,15,15,"[8192, 4096]",64.0,"[8169, 4096]",63.8203125,[670 522 537 466 510 472 475 466 522 557 452 336 526 475 692 491],[666 558 318 657 466 436 501 477 571 369 436 536 681 624 405 491]
forward,0,0,[8192],0.015625,[10103],0.019269943237304688,[611 821 591 639 564 607 670 591 687 572 658 621 489 782 534 666],[611 389 716 558 369 403 646 562 397 262 568 402 611 457 571 670]
forward,1,1,[8192],0.015625,[8630],0.016460418701171875,[389 747 489 595 469 479 539 527 525 473 627 613 552 619 429 558],[821 747 239 459 516 334 416 425 452 416 434 623 563 841 384 522]
forward,2,2,[8192],0.015625,[7735],0.014753341674804688,[716 239 591 496 537 477 426 524 516 474 335 546 545 352 643 318],[591 489 591 644 410 408 717 480 546 312 571 426 637 490 343 537]
forward,3,3,[8192],0.015625,[9831],0.018751144409179688,[558 459 644 565 616 668 650 605 616 817 548 472 608 719 629 657],[639 595 496 565 531 470 548 465 552 378 390 357 502 601 637 466]
forward,4,4,[8192],0.015625,[6866],0.013095855712890625,[369 516 410 531 371 371 491 407 416 364 413 510 479 406 346 466],[564 469 537 616 371 334 562 414 375 345 858 522 551 795 369 510]
forward,5,5,[8192],0.015625,[6750],0.012874603271484375,[403 334 408 470 334 468 406 482 445 412 466 461 400 446 379 436],[607 479 477 668 371 468 530 444 461 412 686 452 593 658 414 472]
forward,6,6,[8192],0.015625,[9352],0.0178375244140625,[646 416 717 548 562 530 483 646 529 682 577 479 569 577 890 501],[670 539 426 650 491 406 483 502 550 408 385 572 698 523 414 475]
forward,7,7,[8192],0.015625,[7842],0.014957427978515625,[562 425 480 465 414 444 502 553 491 523 568 450 528 515 445 477],[591 527 524 605 407 482 646 553 546 306 521 382 608 585 443 466]
forward,8,8,[8192],0.015625,[8009],0.015275955200195312,[397 452 546 552 375 461 550 546 494 571 469 560 510 514 441 571],[687 525 516 616 416 445 529 491 494 368 473 489 561 596 464 522]
forward,9,9,[8192],0.015625,[5643],0.010763168334960938,[262 416 312 378 345 412 408 306 368 318 307 476 288 382 296 369],[572 473 474 817 364 412 682 523 571 318 423 456 727 456 367 557]
forward,10,10,[8192],0.015625,[8223],0.015684127807617188,[568 434 571 390 858 686 385 521 473 423 484 436 585 327 646 436],[658 627 335 548 413 466 577 568 469 307 484 635 692 563 398 452]
forward,11,11,[8192],0.015625,[7612],0.01451873779296875,[402 623 426 357 522 452 572 382 489 456 635 428 504 498 330 536],[621 613 546 472 510 461 479 450 560 476 436 428 481 658 665 336]
forward,12,12,[8192],0.015625,[9808],0.018707275390625,[611 563 637 502 551 593 698 608 561 727 692 481 647 688 568 681],[489 552 545 608 479 400 569 528 510 288 585 504 647 545 417 526]
forward,13,13,[8192],0.015625,[9458],0.018039703369140625,[457 841 490 601 795 658 523 585 596 456 563 658 545 570 496 624],[782 619 352 719 406 446 577 515 514 382 327 498 688 570 322 475]
forward,14,14,[8192],0.015625,[7041],0.013429641723632812,[571 384 343 637 369 414 414 443 464 367 398 665 417 322 428 405],[534 429 643 629 346 379 890 445 441 296 646 330 568 496 428 692]
forward,15,15,[8192],0.015625,[8169],0.015581130981445312,[670 522 537 466 510 472 475 466 522 557 452 336 526 475 692 491],[666 558 318 657 466 436 501 477 571 369 436 536 681 624 405 491]
forward,0,0,"[10103, 4096]",78.9296875,"[8192, 4096]",64.0,[611 389 716 558 369 403 646 562 397 262 568 402 611 457 571 670],[611 821 591 639 564 607 670 591 687 572 658 621 489 782 534 666]
forward,1,1,"[8630, 4096]",67.421875,"[8192, 4096]",64.0,[821 747 239 459 516 334 416 425 452 416 434 623 563 841 384 522],[389 747 489 595 469 479 539 527 525 473 627 613 552 619 429 558]
forward,2,2,"[7735, 4096]",60.4296875,"[8192, 4096]",64.0,[591 489 591 644 410 408 717 480 546 312 571 426 637 490 343 537],[716 239 591 496 537 477 426 524 516 474 335 546 545 352 643 318]
forward,3,3,"[9831, 4096]",76.8046875,"[8192, 4096]",64.0,[639 595 496 565 531 470 548 465 552 378 390 357 502 601 637 466],[558 459 644 565 616 668 650 605 616 817 548 472 608 719 629 657]
forward,4,4,"[6866, 4096]",53.640625,"[8192, 4096]",64.0,[564 469 537 616 371 334 562 414 375 345 858 522 551 795 369 510],[369 516 410 531 371 371 491 407 416 364 413 510 479 406 346 466]
forward,5,5,"[6750, 4096]",52.734375,"[8192, 4096]",64.0,[607 479 477 668 371 468 530 444 461 412 686 452 593 658 414 472],[403 334 408 470 334 468 406 482 445 412 466 461 400 446 379 436]
forward,6,6,"[9352, 4096]",73.0625,"[8192, 4096]",64.0,[670 539 426 650 491 406 483 502 550 408 385 572 698 523 414 475],[646 416 717 548 562 530 483 646 529 682 577 479 569 577 890 501]
forward,7,7,"[7842, 4096]",61.265625,"[8192, 4096]",64.0,[591 527 524 605 407 482 646 553 546 306 521 382 608 585 443 466],[562 425 480 465 414 444 502 553 491 523 568 450 528 515 445 477]
forward,8,8,"[8009, 4096]",62.5703125,"[8192, 4096]",64.0,[687 525 516 616 416 445 529 491 494 368 473 489 561 596 464 522],[397 452 546 552 375 461 550 546 494 571 469 560 510 514 441 571]
forward,9,9,"[5643, 4096]",44.0859375,"[8192, 4096]",64.0,[572 473 474 817 364 412 682 523 571 318 423 456 727 456 367 557],[262 416 312 378 345 412 408 306 368 318 307 476 288 382 296 369]
forward,10,10,"[8223, 4096]",64.2421875,"[8192, 4096]",64.0,[658 627 335 548 413 466 577 568 469 307 484 635 692 563 398 452],[568 434 571 390 858 686 385 521 473 423 484 436 585 327 646 436]
forward,11,11,"[7612, 4096]",59.46875,"[8192, 4096]",64.0,[621 613 546 472 510 461 479 450 560 476 436 428 481 658 665 336],[402 623 426 357 522 452 572 382 489 456 635 428 504 498 330 536]
forward,12,12,"[9808, 4096]",76.625,"[8192, 4096]",64.0,[489 552 545 608 479 400 569 528 510 288 585 504 647 545 417 526],[611 563 637 502 551 593 698 608 561 727 692 481 647 688 568 681]
forward,13,13,"[9458, 4096]",73.890625,"[8192, 4096]",64.0,[782 619 352 719 406 446 577 515 514 382 327 498 688 570 322 475],[457 841 490 601 795 658 523 585 596 456 563 658 545 570 496 624]
forward,14,14,"[7041, 4096]",55.0078125,"[8192, 4096]",64.0,[534 429 643 629 346 379 890 445 441 296 646 330 568 496 428 692],[571 384 343 637 369 414 414 443 464 367 398 665 417 322 428 405]
forward,15,15,"[8169, 4096]",63.8203125,"[8192, 4096]",64.0,[666 558 318 657 466 436 501 477 571 369 436 536 681 624 405 491],[670 522 537 466 510 472 475 466 522 557 452 336 526 475 692 491]
forward,0,0,"[8192, 4096]",64.0,"[9333, 4096]",72.9140625,[541 591 592 561 588 595 549 576 553 578 695 450 654 615 555 640],[541 501 496 374 672 850 102 656 808 560 627 340 300 510 614 241]
forward,1,1,"[8192, 4096]",64.0,"[9482, 4096]",74.078125,[501 795 512 664 487 538 765 510 631 489 635 761 502 622 487 583],[591 795 361 582 146 567 219 766 380 566 358 479 713 443 649 577]
forward,2,2,"[8192, 4096]",64.0,"[8185, 4096]",63.9453125,[496 361 558 433 960 583 363 582 514 361 339 411 683 459 655 427],[592 512 558 495 563 618 194 608 584 679 575 405 506 551 496 256]
forward,3,3,"[8192, 4096]",64.0,"[8499, 4096]",66.3984375,[374 582 495 478 394 507 569 619 476 573 686 525 625 593 463 540],[561 664 433 478 440 586 194 667 536 613 471 414 393 736 643 363]
forward,4,4,"[8192, 4096]",64.0,"[6921, 4096]",54.0703125,[672 146 563 440 395 633 239 456 551 516 298 310 419 375 625 283],[588 487 960 394 395 503 127 542 457 565 659 456 805 329 573 352]
forward,5,5,"[8192, 4096]",64.0,"[9096, 4096]",71.0625,[850 567 618 586 503 524 508 487 592 563 496 474 541 542 766 479],[595 538 583 507 633 524 178 518 535 602 611 348 496 562 600 362]
forward,6,6,"[8192, 4096]",64.0,"[2973, 4096]",23.2265625,[102 219 194 194 127 178 198 210 181 193 259 210 206 197 142 163],[549 765 363 569 239 508 198 693 481 600 368 620 676 538 609 416]
forward,7,7,"[8192, 4096]",64.0,"[10520, 4096]",82.1875,[656 766 608 667 542 518 693 677 696 708 705 745 583 713 513 730],[576 510 582 619 456 487 210 677 616 665 471 441 553 613 418 298]
forward,8,8,"[8192, 4096]",64.0,"[8661, 4096]",67.6640625,[808 380 584 536 457 535 481 616 549 586 538 464 583 494 585 465],[553 631 514 476 551 592 181 696 549 612 391 401 518 583 582 362]
forward,9,9,"[8192, 4096]",64.0,"[10027, 4096]",78.3359375,[560 566 679 613 565 602 600 665 612 864 586 617 557 625 607 709],[578 489 361 573 516 563 193 708 586 864 374 490 495 611 533 258]
forward,10,10,"[8192, 4096]",64.0,"[7631, 4096]",59.6171875,[627 358 575 471 659 611 368 471 391 374 452 498 516 293 632 335],[695 635 339 686 298 496 259 705 538 586 452 413 475 792 552 271]
forward,11,11,"[8192, 4096]",64.0,"[7349, 4096]",57.4140625,[340 479 405 414 456 348 620 441 401 490 413 515 450 511 427 639],[450 761 411 525 310 474 210 745 464 617 498 515 474 659 644 435]
forward,12,12,"[8192, 4096]",64.0,"[8563, 4096]",66.8984375,[300 713 506 393 805 496 676 553 518 495 475 474 581 562 386 630],[654 502 683 625 419 541 206 583 583 557 516 450 581 515 485 292]
forward,13,13,"[8192, 4096]",64.0,"[9123, 4096]",71.2734375,[510 443 551 736 329 562 538 613 583 611 792 659 515 632 517 532],[615 622 459 593 375 542 197 713 494 625 293 511 562 632 547 412]
forward,14,14,"[8192, 4096]",64.0,"[9133, 4096]",71.3515625,[614 649 496 643 573 600 609 418 582 533 552 644 485 547 550 638],[555 487 655 463 625 766 142 513 585 607 632 427 386 517 550 282]
forward,15,15,"[8192, 4096]",64.0,"[5576, 4096]",43.5625,[241 577 256 363 352 362 416 298 362 258 271 435 292 412 282 399],[640 583 427 540 283 479 163 730 465 709 335 639 630 532 638 399]
forward,0,0,[8192],0.015625,[9333],0.017801284790039062,[541 591 592 561 588 595 549 576 553 578 695 450 654 615 555 640],[541 501 496 374 672 850 102 656 808 560 627 340 300 510 614 241]
forward,1,1,[8192],0.015625,[9482],0.018085479736328125,[501 795 512 664 487 538 765 510 631 489 635 761 502 622 487 583],[591 795 361 582 146 567 219 766 380 566 358 479 713 443 649 577]
forward,2,2,[8192],0.015625,[8185],0.015611648559570312,[496 361 558 433 960 583 363 582 514 361 339 411 683 459 655 427],[592 512 558 495 563 618 194 608 584 679 575 405 506 551 496 256]
forward,3,3,[8192],0.015625,[8499],0.016210556030273438,[374 582 495 478 394 507 569 619 476 573 686 525 625 593 463 540],[561 664 433 478 440 586 194 667 536 613 471 414 393 736 643 363]
forward,4,4,[8192],0.015625,[6921],0.013200759887695312,[672 146 563 440 395 633 239 456 551 516 298 310 419 375 625 283],[588 487 960 394 395 503 127 542 457 565 659 456 805 329 573 352]
forward,5,5,[8192],0.015625,[9096],0.0173492431640625,[850 567 618 586 503 524 508 487 592 563 496 474 541 542 766 479],[595 538 583 507 633 524 178 518 535 602 611 348 496 562 600 362]
forward,6,6,[8192],0.015625,[2973],0.0056705474853515625,[102 219 194 194 127 178 198 210 181 193 259 210 206 197 142 163],[549 765 363 569 239 508 198 693 481 600 368 620 676 538 609 416]
forward,7,7,[8192],0.015625,[10520],0.0200653076171875,[656 766 608 667 542 518 693 677 696 708 705 745 583 713 513 730],[576 510 582 619 456 487 210 677 616 665 471 441 553 613 418 298]
forward,8,8,[8192],0.015625,[8661],0.016519546508789062,[808 380 584 536 457 535 481 616 549 586 538 464 583 494 585 465],[553 631 514 476 551 592 181 696 549 612 391 401 518 583 582 362]
forward,9,9,[8192],0.015625,[10027],0.019124984741210938,[560 566 679 613 565 602 600 665 612 864 586 617 557 625 607 709],[578 489 361 573 516 563 193 708 586 864 374 490 495 611 533 258]
forward,10,10,[8192],0.015625,[7631],0.014554977416992188,[627 358 575 471 659 611 368 471 391 374 452 498 516 293 632 335],[695 635 339 686 298 496 259 705 538 586 452 413 475 792 552 271]
forward,11,11,[8192],0.015625,[7349],0.014017105102539062,[340 479 405 414 456 348 620 441 401 490 413 515 450 511 427 639],[450 761 411 525 310 474 210 745 464 617 498 515 474 659 644 435]
forward,12,12,[8192],0.015625,[8563],0.016332626342773438,[300 713 506 393 805 496 676 553 518 495 475 474 581 562 386 630],[654 502 683 625 419 541 206 583 583 557 516 450 581 515 485 292]
forward,13,13,[8192],0.015625,[9123],0.017400741577148438,[510 443 551 736 329 562 538 613 583 611 792 659 515 632 517 532],[615 622 459 593 375 542 197 713 494 625 293 511 562 632 547 412]
forward,14,14,[8192],0.015625,[9133],0.017419815063476562,[614 649 496 643 573 600 609 418 582 533 552 644 485 547 550 638],[555 487 655 463 625 766 142 513 585 607 632 427 386 517 550 282]
forward,15,15,[8192],0.015625,[5576],0.0106353759765625,[241 577 256 363 352 362 416 298 362 258 271 435 292 412 282 399],[640 583 427 540 283 479 163 730 465 709 335 639 630 532 638 399]
forward,0,0,"[9333, 4096]",72.9140625,"[8192, 4096]",64.0,[541 501 496 374 672 850 102 656 808 560 627 340 300 510 614 241],[541 591 592 561 588 595 549 576 553 578 695 450 654 615 555 640]
forward,1,1,"[9482, 4096]",74.078125,"[8192, 4096]",64.0,[591 795 361 582 146 567 219 766 380 566 358 479 713 443 649 577],[501 795 512 664 487 538 765 510 631 489 635 761 502 622 487 583]
forward,2,2,"[8185, 4096]",63.9453125,"[8192, 4096]",64.0,[592 512 558 495 563 618 194 608 584 679 575 405 506 551 496 256],[496 361 558 433 960 583 363 582 514 361 339 411 683 459 655 427]
forward,3,3,"[8499, 4096]",66.3984375,"[8192, 4096]",64.0,[561 664 433 478 440 586 194 667 536 613 471 414 393 736 643 363],[374 582 495 478 394 507 569 619 476 573 686 525 625 593 463 540]
forward,4,4,"[6921, 4096]",54.0703125,"[8192, 4096]",64.0,[588 487 960 394 395 503 127 542 457 565 659 456 805 329 573 352],[672 146 563 440 395 633 239 456 551 516 298 310 419 375 625 283]
forward,5,5,"[9096, 4096]",71.0625,"[8192, 4096]",64.0,[595 538 583 507 633 524 178 518 535 602 611 348 496 562 600 362],[850 567 618 586 503 524 508 487 592 563 496 474 541 542 766 479]
forward,6,6,"[2973, 4096]",23.2265625,"[8192, 4096]",64.0,[549 765 363 569 239 508 198 693 481 600 368 620 676 538 609 416],[102 219 194 194 127 178 198 210 181 193 259 210 206 197 142 163]
forward,7,7,"[10520, 4096]",82.1875,"[8192, 4096]",64.0,[576 510 582 619 456 487 210 677 616 665 471 441 553 613 418 298],[656 766 608 667 542 518 693 677 696 708 705 745 583 713 513 730]
forward,8,8,"[8661, 4096]",67.6640625,"[8192, 4096]",64.0,[553 631 514 476 551 592 181 696 549 612 391 401 518 583 582 362],[808 380 584 536 457 535 481 616 549 586 538 464 583 494 585 465]
forward,9,9,"[10027, 4096]",78.3359375,"[8192, 4096]",64.0,[578 489 361 573 516 563 193 708 586 864 374 490 495 611 533 258],[560 566 679 613 565 602 600 665 612 864 586 617 557 625 607 709]
forward,10,10,"[7631, 4096]",59.6171875,"[8192, 4096]",64.0,[695 635 339 686 298 496 259 705 538 586 452 413 475 792 552 271],[627 358 575 471 659 611 368 471 391 374 452 498 516 293 632 335]
forward,11,11,"[7349, 4096]",57.4140625,"[8192, 4096]",64.0,[450 761 411 525 310 474 210 745 464 617 498 515 474 659 644 435],[340 479 405 414 456 348 620 441 401 490 413 515 450 511 427 639]
forward,12,12,"[8563, 4096]",66.8984375,"[8192, 4096]",64.0,[654 502 683 625 419 541 206 583 583 557 516 450 581 515 485 292],[300 713 506 393 805 496 676 553 518 495 475 474 581 562 386 630]
forward,13,13,"[9123, 4096]",71.2734375,"[8192, 4096]",64.0,[615 622 459 593 375 542 197 713 494 625 293 511 562 632 547 412],[510 443 551 736 329 562 538 613 583 611 792 659 515 632 517 532]
forward,14,14,"[9133, 4096]",71.3515625,"[8192, 4096]",64.0,[555 487 655 463 625 766 142 513 585 607 632 427 386 517 550 282],[614 649 496 643 573 600 609 418 582 533 552 644 485 547 550 638]
forward,15,15,"[5576, 4096]",43.5625,"[8192, 4096]",64.0,[640 583 427 540 283 479 163 730 465 709 335 639 630 532 638 399],[241 577 256 363 352 362 416 298 362 258 271 435 292 412 282 399]
forward,0,0,"[8192, 4096]",64.0,"[10438, 4096]",81.546875,[742 514 696 678 686 655 628 645 603 792 509 658 715 552 690 675],"[ 742  362  956  577 1321   43  562   96 1056  407   95  229   20  402
  656  668]"
forward,1,1,"[8192, 4096]",64.0,"[7749, 4096]",60.5390625,[362 412 619 348 682 526 368 552 396 375 567 372 776 408 541 445],[514 412 680 717 393  51 497 380 474 591 315 651 182 945 688 702]
forward,2,2,"[8192, 4096]",64.0,"[9935, 4096]",77.6171875,[956 680 443 809 482 637 687 390 719 573 435 767 356 671 705 625],[696 619 443 726 772 119 571 163 783 673 138 406  45 546 776 716]
forward,3,3,"[8192, 4096]",64.0,"[11424, 4096]",89.25,[577 717 726 747 647 763 745 774 756 690 698 691 721 811 631 730],[678 348 809 747 658  33 636 155 871 698 129 322  29 627 655 797]
forward,4,4,"[8192, 4096]",64.0,"[10911, 4096]",85.2421875,"[1321  393  772  658  738  807  465  546  810  603  513  602  660  466
 1097  460]",[686 682 482 647 738  69 482 234 727 471 301 373  58 498 973 771]
forward,5,5,"[8192, 4096]",64.0,"[1119, 4096]",8.7421875,[ 43  51 119  33  69  46 101  79  38  77 128  41 107  47  71  69],[655 526 637 763 807  46 459 166 685 645 168 456  40 565 802 772]
forward,6,6,"[8192, 4096]",64.0,"[9442, 4096]",73.765625,[562 497 571 636 482 459 546 690 601 784 691 602 593 537 615 576],[628 368 687 745 465 101 546 195 609 613 278 703  90 678 656 830]
forward,7,7,"[8192, 4096]",64.0,"[3138, 4096]",24.515625,[ 96 380 163 155 234 166 195 192 186 134 191 157 182 263 152 292],[645 552 390 774 546  79 690 192 704 731 149 492  61 605 820 762]
forward,8,8,"[8192, 4096]",64.0,"[11450, 4096]",89.453125,"[1056  474  783  871  727  685  609  704  723  700  539  702  681  602
  933  661]",[603 396 719 756 810  38 601 186 723 522 183 518  37 641 702 757]
forward,9,9,"[8192, 4096]",64.0,"[9229, 4096]",72.1015625,[407 591 673 698 471 645 613 731 522 500 573 647 615 593 490 460],[792 375 573 690 603  77 784 134 700 500 160 622  94 552 866 670]
forward,10,10,"[8192, 4096]",64.0,"[3292, 4096]",25.71875,[ 95 315 138 129 301 168 278 149 183 160 297 128 172 331 141 307],[509 567 435 698 513 128 691 191 539 573 297 696 125 703 769 758]
forward,11,11,"[8192, 4096]",64.0,"[7895, 4096]",61.6796875,[229 651 406 322 373 456 703 492 518 622 696 398 393 661 331 644],[658 372 767 691 602  41 602 157 702 647 128 398  23 741 703 960]
forward,12,12,"[8192, 4096]",64.0,"[1144, 4096]",8.9375,[ 20 182  45  29  58  40  90  61  37  94 125  23  90 110  32 108],[715 776 356 721 660 107 593 182 681 615 172 393  90 593 775 763]
forward,13,13,"[8192, 4096]",64.0,"[9888, 4096]",77.25,[402 945 546 627 498 565 678 605 641 552 703 741 593 673 423 696],[552 408 671 811 466  47 537 263 602 593 331 661 110 673 731 736]
forward,14,14,"[8192, 4096]",64.0,"[11976, 4096]",93.5625,[656 688 776 655 973 802 656 820 702 866 769 703 775 731 695 709],"[ 690  541  705  631 1097   71  615  152  933  490  141  331   32  423
  695  645]"
forward,15,15,"[8192, 4096]",64.0,"[12042, 4096]",94.078125,[668 702 716 797 771 772 830 762 757 670 758 960 763 736 645 735],[675 445 625 730 460  69 576 292 661 460 307 644 108 696 709 735]
forward,0,0,[8192],0.015625,[10438],0.019908905029296875,[742 514 696 678 686 655 628 645 603 792 509 658 715 552 690 675],"[ 742  362  956  577 1321   43  562   96 1056  407   95  229   20  402
  656  668]"
forward,1,1,[8192],0.015625,[7749],0.014780044555664062,[362 412 619 348 682 526 368 552 396 375 567 372 776 408 541 445],[514 412 680 717 393  51 497 380 474 591 315 651 182 945 688 702]
forward,2,2,[8192],0.015625,[9935],0.018949508666992188,[956 680 443 809 482 637 687 390 719 573 435 767 356 671 705 625],[696 619 443 726 772 119 571 163 783 673 138 406  45 546 776 716]
forward,3,3,[8192],0.015625,[11424],0.02178955078125,[577 717 726 747 647 763 745 774 756 690 698 691 721 811 631 730],[678 348 809 747 658  33 636 155 871 698 129 322  29 627 655 797]
forward,4,4,[8192],0.015625,[10911],0.020811080932617188,"[1321  393  772  658  738  807  465  546  810  603  513  602  660  466
 1097  460]",[686 682 482 647 738  69 482 234 727 471 301 373  58 498 973 771]
forward,5,5,[8192],0.015625,[1119],0.0021343231201171875,[ 43  51 119  33  69  46 101  79  38  77 128  41 107  47  71  69],[655 526 637 763 807  46 459 166 685 645 168 456  40 565 802 772]
forward,6,6,[8192],0.015625,[9442],0.018009185791015625,[562 497 571 636 482 459 546 690 601 784 691 602 593 537 615 576],[628 368 687 745 465 101 546 195 609 613 278 703  90 678 656 830]
forward,7,7,[8192],0.015625,[3138],0.005985260009765625,[ 96 380 163 155 234 166 195 192 186 134 191 157 182 263 152 292],[645 552 390 774 546  79 690 192 704 731 149 492  61 605 820 762]
forward,8,8,[8192],0.015625,[11450],0.021839141845703125,"[1056  474  783  871  727  685  609  704  723  700  539  702  681  602
  933  661]",[603 396 719 756 810  38 601 186 723 522 183 518  37 641 702 757]
forward,9,9,[8192],0.015625,[9229],0.017602920532226562,[407 591 673 698 471 645 613 731 522 500 573 647 615 593 490 460],[792 375 573 690 603  77 784 134 700 500 160 622  94 552 866 670]
forward,10,10,[8192],0.015625,[3292],0.00627899169921875,[ 95 315 138 129 301 168 278 149 183 160 297 128 172 331 141 307],[509 567 435 698 513 128 691 191 539 573 297 696 125 703 769 758]
forward,11,11,[8192],0.015625,[7895],0.015058517456054688,[229 651 406 322 373 456 703 492 518 622 696 398 393 661 331 644],[658 372 767 691 602  41 602 157 702 647 128 398  23 741 703 960]
forward,12,12,[8192],0.015625,[1144],0.0021820068359375,[ 20 182  45  29  58  40  90  61  37  94 125  23  90 110  32 108],[715 776 356 721 660 107 593 182 681 615 172 393  90 593 775 763]
forward,13,13,[8192],0.015625,[9888],0.01885986328125,[402 945 546 627 498 565 678 605 641 552 703 741 593 673 423 696],[552 408 671 811 466  47 537 263 602 593 331 661 110 673 731 736]
forward,14,14,[8192],0.015625,[11976],0.0228424072265625,[656 688 776 655 973 802 656 820 702 866 769 703 775 731 695 709],"[ 690  541  705  631 1097   71  615  152  933  490  141  331   32  423
  695  645]"
forward,15,15,[8192],0.015625,[12042],0.022968292236328125,[668 702 716 797 771 772 830 762 757 670 758 960 763 736 645 735],[675 445 625 730 460  69 576 292 661 460 307 644 108 696 709 735]
forward,0,0,"[10438, 4096]",81.546875,"[8192, 4096]",64.0,"[ 742  362  956  577 1321   43  562   96 1056  407   95  229   20  402
  656  668]",[742 514 696 678 686 655 628 645 603 792 509 658 715 552 690 675]
forward,1,1,"[7749, 4096]",60.5390625,"[8192, 4096]",64.0,[514 412 680 717 393  51 497 380 474 591 315 651 182 945 688 702],[362 412 619 348 682 526 368 552 396 375 567 372 776 408 541 445]
forward,2,2,"[9935, 4096]",77.6171875,"[8192, 4096]",64.0,[696 619 443 726 772 119 571 163 783 673 138 406  45 546 776 716],[956 680 443 809 482 637 687 390 719 573 435 767 356 671 705 625]
forward,3,3,"[11424, 4096]",89.25,"[8192, 4096]",64.0,[678 348 809 747 658  33 636 155 871 698 129 322  29 627 655 797],[577 717 726 747 647 763 745 774 756 690 698 691 721 811 631 730]
forward,4,4,"[10911, 4096]",85.2421875,"[8192, 4096]",64.0,[686 682 482 647 738  69 482 234 727 471 301 373  58 498 973 771],"[1321  393  772  658  738  807  465  546  810  603  513  602  660  466
 1097  460]"
forward,5,5,"[1119, 4096]",8.7421875,"[8192, 4096]",64.0,[655 526 637 763 807  46 459 166 685 645 168 456  40 565 802 772],[ 43  51 119  33  69  46 101  79  38  77 128  41 107  47  71  69]
forward,6,6,"[9442, 4096]",73.765625,"[8192, 4096]",64.0,[628 368 687 745 465 101 546 195 609 613 278 703  90 678 656 830],[562 497 571 636 482 459 546 690 601 784 691 602 593 537 615 576]
forward,7,7,"[3138, 4096]",24.515625,"[8192, 4096]",64.0,[645 552 390 774 546  79 690 192 704 731 149 492  61 605 820 762],[ 96 380 163 155 234 166 195 192 186 134 191 157 182 263 152 292]
forward,8,8,"[11450, 4096]",89.453125,"[8192, 4096]",64.0,[603 396 719 756 810  38 601 186 723 522 183 518  37 641 702 757],"[1056  474  783  871  727  685  609  704  723  700  539  702  681  602
  933  661]"
forward,9,9,"[9229, 4096]",72.1015625,"[8192, 4096]",64.0,[792 375 573 690 603  77 784 134 700 500 160 622  94 552 866 670],[407 591 673 698 471 645 613 731 522 500 573 647 615 593 490 460]
forward,10,10,"[3292, 4096]",25.71875,"[8192, 4096]",64.0,[509 567 435 698 513 128 691 191 539 573 297 696 125 703 769 758],[ 95 315 138 129 301 168 278 149 183 160 297 128 172 331 141 307]
forward,11,11,"[7895, 4096]",61.6796875,"[8192, 4096]",64.0,[658 372 767 691 602  41 602 157 702 647 128 398  23 741 703 960],[229 651 406 322 373 456 703 492 518 622 696 398 393 661 331 644]
forward,12,12,"[1144, 4096]",8.9375,"[8192, 4096]",64.0,[715 776 356 721 660 107 593 182 681 615 172 393  90 593 775 763],[ 20 182  45  29  58  40  90  61  37  94 125  23  90 110  32 108]
forward,13,13,"[9888, 4096]",77.25,"[8192, 4096]",64.0,[552 408 671 811 466  47 537 263 602 593 331 661 110 673 731 736],[402 945 546 627 498 565 678 605 641 552 703 741 593 673 423 696]
forward,14,14,"[11976, 4096]",93.5625,"[8192, 4096]",64.0,"[ 690  541  705  631 1097   71  615  152  933  490  141  331   32  423
  695  645]",[656 688 776 655 973 802 656 820 702 866 769 703 775 731 695 709]
forward,15,15,"[12042, 4096]",94.078125,"[8192, 4096]",64.0,[675 445 625 730 460  69 576 292 661 460 307 644 108 696 709 735],[668 702 716 797 771 772 830 762 757 670 758 960 763 736 645 735]
backward,0,0,"[8192, 4096]",64.0,"[10438, 4096]",81.546875,[742 514 696 678 686 655 628 645 603 792 509 658 715 552 690 675],"[ 742  362  956  577 1321   43  562   96 1056  407   95  229   20  402
  656  668]"
backward,1,1,"[8192, 4096]",64.0,"[7749, 4096]",60.5390625,[362 412 619 348 682 526 368 552 396 375 567 372 776 408 541 445],[514 412 680 717 393  51 497 380 474 591 315 651 182 945 688 702]
backward,2,2,"[8192, 4096]",64.0,"[9935, 4096]",77.6171875,[956 680 443 809 482 637 687 390 719 573 435 767 356 671 705 625],[696 619 443 726 772 119 571 163 783 673 138 406  45 546 776 716]
backward,3,3,"[8192, 4096]",64.0,"[11424, 4096]",89.25,[577 717 726 747 647 763 745 774 756 690 698 691 721 811 631 730],[678 348 809 747 658  33 636 155 871 698 129 322  29 627 655 797]
backward,4,4,"[8192, 4096]",64.0,"[10911, 4096]",85.2421875,"[1321  393  772  658  738  807  465  546  810  603  513  602  660  466
 1097  460]",[686 682 482 647 738  69 482 234 727 471 301 373  58 498 973 771]
backward,5,5,"[8192, 4096]",64.0,"[1119, 4096]",8.7421875,[ 43  51 119  33  69  46 101  79  38  77 128  41 107  47  71  69],[655 526 637 763 807  46 459 166 685 645 168 456  40 565 802 772]
backward,6,6,"[8192, 4096]",64.0,"[9442, 4096]",73.765625,[562 497 571 636 482 459 546 690 601 784 691 602 593 537 615 576],[628 368 687 745 465 101 546 195 609 613 278 703  90 678 656 830]
backward,7,7,"[8192, 4096]",64.0,"[3138, 4096]",24.515625,[ 96 380 163 155 234 166 195 192 186 134 191 157 182 263 152 292],[645 552 390 774 546  79 690 192 704 731 149 492  61 605 820 762]
backward,8,8,"[8192, 4096]",64.0,"[11450, 4096]",89.453125,"[1056  474  783  871  727  685  609  704  723  700  539  702  681  602
  933  661]",[603 396 719 756 810  38 601 186 723 522 183 518  37 641 702 757]
backward,9,9,"[8192, 4096]",64.0,"[9229, 4096]",72.1015625,[407 591 673 698 471 645 613 731 522 500 573 647 615 593 490 460],[792 375 573 690 603  77 784 134 700 500 160 622  94 552 866 670]
backward,10,10,"[8192, 4096]",64.0,"[3292, 4096]",25.71875,[ 95 315 138 129 301 168 278 149 183 160 297 128 172 331 141 307],[509 567 435 698 513 128 691 191 539 573 297 696 125 703 769 758]
backward,11,11,"[8192, 4096]",64.0,"[7895, 4096]",61.6796875,[229 651 406 322 373 456 703 492 518 622 696 398 393 661 331 644],[658 372 767 691 602  41 602 157 702 647 128 398  23 741 703 960]
backward,12,12,"[8192, 4096]",64.0,"[1144, 4096]",8.9375,[ 20 182  45  29  58  40  90  61  37  94 125  23  90 110  32 108],[715 776 356 721 660 107 593 182 681 615 172 393  90 593 775 763]
backward,13,13,"[8192, 4096]",64.0,"[9888, 4096]",77.25,[402 945 546 627 498 565 678 605 641 552 703 741 593 673 423 696],[552 408 671 811 466  47 537 263 602 593 331 661 110 673 731 736]
backward,14,14,"[8192, 4096]",64.0,"[11976, 4096]",93.5625,[656 688 776 655 973 802 656 820 702 866 769 703 775 731 695 709],"[ 690  541  705  631 1097   71  615  152  933  490  141  331   32  423
  695  645]"
backward,15,15,"[8192, 4096]",64.0,"[12042, 4096]",94.078125,[668 702 716 797 771 772 830 762 757 670 758 960 763 736 645 735],[675 445 625 730 460  69 576 292 661 460 307 644 108 696 709 735]
forward,0,0,"[8192, 4096]",64.0,"[9224, 4096]",72.0625,[504 663 620 673 517 619 466 588 624 658 568 494 648 607 531 444],[504 491 525 551 507 361 635 483 543 336 547 458 668 492 579 512]
forward,1,1,"[8192, 4096]",64.0,"[8607, 4096]",67.2421875,[491 514 597 446 478 485 451 637 593 606 479 476 637 586 634 497],[663 514 531 620 457 453 639 450 524 405 479 486 529 563 425 454]
forward,2,2,"[8192, 4096]",64.0,"[7885, 4096]",61.6015625,[525 531 466 456 635 494 544 443 446 471 518 416 355 503 424 658],[620 597 466 578 472 430 482 456 464 385 556 501 599 587 432 567]
forward,3,3,"[8192, 4096]",64.0,"[9672, 4096]",75.5625,[551 620 578 626 590 679 627 479 624 635 567 696 606 600 567 627],[673 446 456 626 334 383 745 588 512 268 506 479 671 436 415 654]
forward,4,4,"[8192, 4096]",64.0,"[7096, 4096]",55.4375,[507 457 472 334 345 310 468 558 504 431 477 398 444 421 522 448],[517 478 635 590 345 468 807 437 452 246 674 366 503 621 387 666]
forward,5,5,"[8192, 4096]",64.0,"[6537, 4096]",51.0703125,[361 453 430 383 468 440 391 424 480 432 326 327 456 467 364 335],[619 485 494 679 310 440 718 520 448 231 491 475 620 544 480 638]
forward,6,6,"[8192, 4096]",64.0,"[9884, 4096]",77.21875,[635 639 482 745 807 718 669 418 602 548 642 616 540 666 503 654],[466 451 544 627 468 391 669 471 513 279 671 424 699 630 396 493]
forward,7,7,"[8192, 4096]",64.0,"[7445, 4096]",58.1640625,[483 450 456 588 437 520 471 354 498 483 442 460 442 405 495 461],[588 637 443 479 558 424 418 354 554 362 613 520 547 750 503 442]
forward,8,8,"[8192, 4096]",64.0,"[8054, 4096]",62.921875,[543 524 464 512 452 448 513 554 482 528 482 504 546 518 512 472],[624 593 446 624 504 480 602 498 482 437 456 440 532 577 421 476]
forward,9,9,"[8192, 4096]",64.0,"[5282, 4096]",41.265625,[336 405 385 268 246 231 279 362 437 364 348 276 441 372 329 203],[658 606 471 635 431 432 548 483 528 364 572 504 503 575 418 464]
forward,10,10,"[8192, 4096]",64.0,"[9154, 4096]",71.515625,[547 479 556 506 674 491 671 613 456 572 686 638 424 417 679 745],[568 479 518 567 477 326 642 442 482 348 686 486 705 507 427 532]
forward,11,11,"[8192, 4096]",64.0,"[7781, 4096]",60.7890625,[458 486 501 479 366 475 424 520 440 504 486 509 491 471 599 572],[494 476 416 696 398 327 616 460 504 276 638 509 786 594 425 577]
forward,12,12,"[8192, 4096]",64.0,"[9790, 4096]",76.484375,[668 529 599 671 503 620 699 547 532 503 705 786 591 526 641 670],[648 637 355 606 444 456 540 442 546 441 424 491 591 694 467 410]
forward,13,13,"[8192, 4096]",64.0,"[9312, 4096]",72.75,[492 563 587 436 621 544 630 750 577 575 507 594 694 648 558 536],[607 586 503 600 421 467 666 405 518 372 417 471 526 648 527 458]
forward,14,14,"[8192, 4096]",64.0,"[7131, 4096]",55.7109375,[579 425 432 415 387 480 396 503 421 418 427 425 467 527 440 389],[531 634 424 567 522 364 503 495 512 329 679 599 641 558 440 394]
forward,15,15,"[8192, 4096]",64.0,"[8218, 4096]",64.203125,[512 454 567 654 666 638 493 442 476 464 532 577 410 458 394 481],[444 497 658 627 448 335 654 461 472 203 745 572 670 536 389 481]
forward,0,0,[8192],0.015625,[9224],0.0175933837890625,[504 663 620 673 517 619 466 588 624 658 568 494 648 607 531 444],[504 491 525 551 507 361 635 483 543 336 547 458 668 492 579 512]
forward,1,1,[8192],0.015625,[8607],0.016416549682617188,[491 514 597 446 478 485 451 637 593 606 479 476 637 586 634 497],[663 514 531 620 457 453 639 450 524 405 479 486 529 563 425 454]
forward,2,2,[8192],0.015625,[7885],0.015039443969726562,[525 531 466 456 635 494 544 443 446 471 518 416 355 503 424 658],[620 597 466 578 472 430 482 456 464 385 556 501 599 587 432 567]
forward,3,3,[8192],0.015625,[9672],0.0184478759765625,[551 620 578 626 590 679 627 479 624 635 567 696 606 600 567 627],[673 446 456 626 334 383 745 588 512 268 506 479 671 436 415 654]
forward,4,4,[8192],0.015625,[7096],0.0135345458984375,[507 457 472 334 345 310 468 558 504 431 477 398 444 421 522 448],[517 478 635 590 345 468 807 437 452 246 674 366 503 621 387 666]
forward,5,5,[8192],0.015625,[6537],0.012468338012695312,[361 453 430 383 468 440 391 424 480 432 326 327 456 467 364 335],[619 485 494 679 310 440 718 520 448 231 491 475 620 544 480 638]
forward,6,6,[8192],0.015625,[9884],0.01885223388671875,[635 639 482 745 807 718 669 418 602 548 642 616 540 666 503 654],[466 451 544 627 468 391 669 471 513 279 671 424 699 630 396 493]
forward,7,7,[8192],0.015625,[7445],0.014200210571289062,[483 450 456 588 437 520 471 354 498 483 442 460 442 405 495 461],[588 637 443 479 558 424 418 354 554 362 613 520 547 750 503 442]
forward,8,8,[8192],0.015625,[8054],0.015361785888671875,[543 524 464 512 452 448 513 554 482 528 482 504 546 518 512 472],[624 593 446 624 504 480 602 498 482 437 456 440 532 577 421 476]
forward,9,9,[8192],0.015625,[5282],0.010074615478515625,[336 405 385 268 246 231 279 362 437 364 348 276 441 372 329 203],[658 606 471 635 431 432 548 483 528 364 572 504 503 575 418 464]
forward,10,10,[8192],0.015625,[9154],0.017459869384765625,[547 479 556 506 674 491 671 613 456 572 686 638 424 417 679 745],[568 479 518 567 477 326 642 442 482 348 686 486 705 507 427 532]
forward,11,11,[8192],0.015625,[7781],0.014841079711914062,[458 486 501 479 366 475 424 520 440 504 486 509 491 471 599 572],[494 476 416 696 398 327 616 460 504 276 638 509 786 594 425 577]
forward,12,12,[8192],0.015625,[9790],0.018672943115234375,[668 529 599 671 503 620 699 547 532 503 705 786 591 526 641 670],[648 637 355 606 444 456 540 442 546 441 424 491 591 694 467 410]
forward,13,13,[8192],0.015625,[9312],0.01776123046875,[492 563 587 436 621 544 630 750 577 575 507 594 694 648 558 536],[607 586 503 600 421 467 666 405 518 372 417 471 526 648 527 458]
forward,14,14,[8192],0.015625,[7131],0.013601303100585938,[579 425 432 415 387 480 396 503 421 418 427 425 467 527 440 389],[531 634 424 567 522 364 503 495 512 329 679 599 641 558 440 394]
forward,15,15,[8192],0.015625,[8218],0.015674591064453125,[512 454 567 654 666 638 493 442 476 464 532 577 410 458 394 481],[444 497 658 627 448 335 654 461 472 203 745 572 670 536 389 481]
forward,0,0,"[9224, 4096]",72.0625,"[8192, 4096]",64.0,[504 491 525 551 507 361 635 483 543 336 547 458 668 492 579 512],[504 663 620 673 517 619 466 588 624 658 568 494 648 607 531 444]
forward,1,1,"[8607, 4096]",67.2421875,"[8192, 4096]",64.0,[663 514 531 620 457 453 639 450 524 405 479 486 529 563 425 454],[491 514 597 446 478 485 451 637 593 606 479 476 637 586 634 497]
forward,2,2,"[7885, 4096]",61.6015625,"[8192, 4096]",64.0,[620 597 466 578 472 430 482 456 464 385 556 501 599 587 432 567],[525 531 466 456 635 494 544 443 446 471 518 416 355 503 424 658]
forward,3,3,"[9672, 4096]",75.5625,"[8192, 4096]",64.0,[673 446 456 626 334 383 745 588 512 268 506 479 671 436 415 654],[551 620 578 626 590 679 627 479 624 635 567 696 606 600 567 627]
forward,4,4,"[7096, 4096]",55.4375,"[8192, 4096]",64.0,[517 478 635 590 345 468 807 437 452 246 674 366 503 621 387 666],[507 457 472 334 345 310 468 558 504 431 477 398 444 421 522 448]
forward,5,5,"[6537, 4096]",51.0703125,"[8192, 4096]",64.0,[619 485 494 679 310 440 718 520 448 231 491 475 620 544 480 638],[361 453 430 383 468 440 391 424 480 432 326 327 456 467 364 335]
forward,6,6,"[9884, 4096]",77.21875,"[8192, 4096]",64.0,[466 451 544 627 468 391 669 471 513 279 671 424 699 630 396 493],[635 639 482 745 807 718 669 418 602 548 642 616 540 666 503 654]
forward,7,7,"[7445, 4096]",58.1640625,"[8192, 4096]",64.0,[588 637 443 479 558 424 418 354 554 362 613 520 547 750 503 442],[483 450 456 588 437 520 471 354 498 483 442 460 442 405 495 461]
forward,8,8,"[8054, 4096]",62.921875,"[8192, 4096]",64.0,[624 593 446 624 504 480 602 498 482 437 456 440 532 577 421 476],[543 524 464 512 452 448 513 554 482 528 482 504 546 518 512 472]
forward,9,9,"[5282, 4096]",41.265625,"[8192, 4096]",64.0,[658 606 471 635 431 432 548 483 528 364 572 504 503 575 418 464],[336 405 385 268 246 231 279 362 437 364 348 276 441 372 329 203]
forward,10,10,"[9154, 4096]",71.515625,"[8192, 4096]",64.0,[568 479 518 567 477 326 642 442 482 348 686 486 705 507 427 532],[547 479 556 506 674 491 671 613 456 572 686 638 424 417 679 745]
forward,11,11,"[7781, 4096]",60.7890625,"[8192, 4096]",64.0,[494 476 416 696 398 327 616 460 504 276 638 509 786 594 425 577],[458 486 501 479 366 475 424 520 440 504 486 509 491 471 599 572]
forward,12,12,"[9790, 4096]",76.484375,"[8192, 4096]",64.0,[648 637 355 606 444 456 540 442 546 441 424 491 591 694 467 410],[668 529 599 671 503 620 699 547 532 503 705 786 591 526 641 670]
forward,13,13,"[9312, 4096]",72.75,"[8192, 4096]",64.0,[607 586 503 600 421 467 666 405 518 372 417 471 526 648 527 458],[492 563 587 436 621 544 630 750 577 575 507 594 694 648 558 536]
forward,14,14,"[7131, 4096]",55.7109375,"[8192, 4096]",64.0,[531 634 424 567 522 364 503 495 512 329 679 599 641 558 440 394],[579 425 432 415 387 480 396 503 421 418 427 425 467 527 440 389]
forward,15,15,"[8218, 4096]",64.203125,"[8192, 4096]",64.0,[444 497 658 627 448 335 654 461 472 203 745 572 670 536 389 481],[512 454 567 654 666 638 493 442 476 464 532 577 410 458 394 481]
forward,0,0,"[8192, 4096]",64.0,"[9395, 4096]",73.3984375,[554 507 549 516 627 701 610 602 671 526 619 641 587 542 540 603],[554 597 442 615 325 515 237 624 487 627 639 528 502 584 611 305]
forward,1,1,"[8192, 4096]",64.0,"[8904, 4096]",69.5625,[597 589 550 565 444 586 500 599 598 558 556 504 655 598 574 431],[507 589 545 452 398 537 169 656 478 652 409 566 645 486 673 430]
forward,2,2,"[8192, 4096]",64.0,"[8727, 4096]",68.1796875,[442 545 571 511 797 562 670 548 548 502 533 534 442 465 580 477],[549 550 571 584 392 537 273 655 501 582 438 482 644 605 495 334]
forward,3,3,"[8192, 4096]",64.0,"[8879, 4096]",69.3671875,[615 452 584 515 500 498 576 520 501 542 634 582 611 544 655 550],[516 565 511 515 399 773 150 621 530 727 599 504 490 487 533 272]
forward,4,4,"[8192, 4096]",64.0,"[6601, 4096]",51.5703125,[325 398 392 399 615 524 370 336 455 420 375 354 287 438 322 591],[627 444 797 500 615 737 166 483 547 675 625 286 381 562 487 260]
forward,5,5,"[8192, 4096]",64.0,"[8819, 4096]",68.8984375,[515 537 537 773 737 820 510 393 530 469 552 497 486 556 379 528],[701 586 562 498 524 820 128 516 597 614 461 414 364 546 575 286]
forward,6,6,"[8192, 4096]",64.0,"[3176, 4096]",24.8125,[237 169 273 150 166 128 188 265 290 183 247 130 195 213 239 103],[610 500 670 576 370 510 188 553 558 603 478 578 630 533 564 271]
forward,7,7,"[8192, 4096]",64.0,"[10086, 4096]",78.796875,[624 656 655 621 483 516 553 760 531 665 630 613 639 613 722 805],[602 599 548 520 336 393 265 760 410 574 537 512 603 547 612 374]
forward,8,8,"[8192, 4096]",64.0,"[8239, 4096]",64.3671875,[487 478 501 530 547 597 558 410 534 514 503 520 427 499 489 645],[671 598 548 501 455 530 290 531 534 493 415 429 621 538 634 404]
forward,9,9,"[8192, 4096]",64.0,"[10069, 4096]",78.6640625,[627 652 582 727 675 614 603 574 493 633 628 680 716 627 576 662],[526 558 502 542 420 469 183 665 514 633 506 523 572 562 636 381]
forward,10,10,"[8192, 4096]",64.0,"[8342, 4096]",65.171875,[639 409 438 599 625 461 478 537 415 506 708 566 331 402 559 669],[619 556 533 634 375 552 247 630 503 628 708 398 557 418 558 276]
forward,11,11,"[8192, 4096]",64.0,"[7680, 4096]",60.0,[528 566 482 504 286 414 578 512 429 523 398 597 530 452 514 367],[641 504 534 582 354 497 130 613 520 680 566 597 581 455 621 317]
forward,12,12,"[8192, 4096]",64.0,"[8847, 4096]",69.1171875,[502 645 644 490 381 364 630 603 621 572 557 581 629 524 709 395],[587 655 442 611 287 486 195 639 427 716 331 530 629 582 652 423]
forward,13,13,"[8192, 4096]",64.0,"[8435, 4096]",65.8984375,[584 486 605 487 562 546 533 547 538 562 418 455 582 675 449 406],[542 598 465 544 438 556 213 613 499 627 402 452 524 675 644 400]
forward,14,14,"[8192, 4096]",64.0,"[9532, 4096]",74.46875,[611 673 495 533 487 575 564 612 634 636 558 621 652 644 548 689],[540 574 580 655 322 379 239 722 489 576 559 514 709 449 548 337]
forward,15,15,"[8192, 4096]",64.0,"[5341, 4096]",41.7265625,[305 430 334 272 260 286 271 374 404 381 276 317 423 400 337 271],[603 431 477 550 591 528 103 805 645 662 669 367 395 406 689 271]
forward,0,0,[8192],0.015625,[9395],0.017919540405273438,[554 507 549 516 627 701 610 602 671 526 619 641 587 542 540 603],[554 597 442 615 325 515 237 624 487 627 639 528 502 584 611 305]
forward,1,1,[8192],0.015625,[8904],0.0169830322265625,[597 589 550 565 444 586 500 599 598 558 556 504 655 598 574 431],[507 589 545 452 398 537 169 656 478 652 409 566 645 486 673 430]
forward,2,2,[8192],0.015625,[8727],0.016645431518554688,[442 545 571 511 797 562 670 548 548 502 533 534 442 465 580 477],[549 550 571 584 392 537 273 655 501 582 438 482 644 605 495 334]
forward,3,3,[8192],0.015625,[8879],0.016935348510742188,[615 452 584 515 500 498 576 520 501 542 634 582 611 544 655 550],[516 565 511 515 399 773 150 621 530 727 599 504 490 487 533 272]
forward,4,4,[8192],0.015625,[6601],0.012590408325195312,[325 398 392 399 615 524 370 336 455 420 375 354 287 438 322 591],[627 444 797 500 615 737 166 483 547 675 625 286 381 562 487 260]
forward,5,5,[8192],0.015625,[8819],0.016820907592773438,[515 537 537 773 737 820 510 393 530 469 552 497 486 556 379 528],[701 586 562 498 524 820 128 516 597 614 461 414 364 546 575 286]
forward,6,6,[8192],0.015625,[3176],0.0060577392578125,[237 169 273 150 166 128 188 265 290 183 247 130 195 213 239 103],[610 500 670 576 370 510 188 553 558 603 478 578 630 533 564 271]
forward,7,7,[8192],0.015625,[10086],0.019237518310546875,[624 656 655 621 483 516 553 760 531 665 630 613 639 613 722 805],[602 599 548 520 336 393 265 760 410 574 537 512 603 547 612 374]
forward,8,8,[8192],0.015625,[8239],0.015714645385742188,[487 478 501 530 547 597 558 410 534 514 503 520 427 499 489 645],[671 598 548 501 455 530 290 531 534 493 415 429 621 538 634 404]
forward,9,9,[8192],0.015625,[10069],0.019205093383789062,[627 652 582 727 675 614 603 574 493 633 628 680 716 627 576 662],[526 558 502 542 420 469 183 665 514 633 506 523 572 562 636 381]
forward,10,10,[8192],0.015625,[8342],0.015911102294921875,[639 409 438 599 625 461 478 537 415 506 708 566 331 402 559 669],[619 556 533 634 375 552 247 630 503 628 708 398 557 418 558 276]
forward,11,11,[8192],0.015625,[7680],0.0146484375,[528 566 482 504 286 414 578 512 429 523 398 597 530 452 514 367],[641 504 534 582 354 497 130 613 520 680 566 597 581 455 621 317]
forward,12,12,[8192],0.015625,[8847],0.016874313354492188,[502 645 644 490 381 364 630 603 621 572 557 581 629 524 709 395],[587 655 442 611 287 486 195 639 427 716 331 530 629 582 652 423]
forward,13,13,[8192],0.015625,[8435],0.016088485717773438,[584 486 605 487 562 546 533 547 538 562 418 455 582 675 449 406],[542 598 465 544 438 556 213 613 499 627 402 452 524 675 644 400]
forward,14,14,[8192],0.015625,[9532],0.01818084716796875,[611 673 495 533 487 575 564 612 634 636 558 621 652 644 548 689],[540 574 580 655 322 379 239 722 489 576 559 514 709 449 548 337]
forward,15,15,[8192],0.015625,[5341],0.010187149047851562,[305 430 334 272 260 286 271 374 404 381 276 317 423 400 337 271],[603 431 477 550 591 528 103 805 645 662 669 367 395 406 689 271]
forward,0,0,"[9395, 4096]",73.3984375,"[8192, 4096]",64.0,[554 597 442 615 325 515 237 624 487 627 639 528 502 584 611 305],[554 507 549 516 627 701 610 602 671 526 619 641 587 542 540 603]
forward,1,1,"[8904, 4096]",69.5625,"[8192, 4096]",64.0,[507 589 545 452 398 537 169 656 478 652 409 566 645 486 673 430],[597 589 550 565 444 586 500 599 598 558 556 504 655 598 574 431]
forward,2,2,"[8727, 4096]",68.1796875,"[8192, 4096]",64.0,[549 550 571 584 392 537 273 655 501 582 438 482 644 605 495 334],[442 545 571 511 797 562 670 548 548 502 533 534 442 465 580 477]
forward,3,3,"[8879, 4096]",69.3671875,"[8192, 4096]",64.0,[516 565 511 515 399 773 150 621 530 727 599 504 490 487 533 272],[615 452 584 515 500 498 576 520 501 542 634 582 611 544 655 550]
forward,4,4,"[6601, 4096]",51.5703125,"[8192, 4096]",64.0,[627 444 797 500 615 737 166 483 547 675 625 286 381 562 487 260],[325 398 392 399 615 524 370 336 455 420 375 354 287 438 322 591]
forward,5,5,"[8819, 4096]",68.8984375,"[8192, 4096]",64.0,[701 586 562 498 524 820 128 516 597 614 461 414 364 546 575 286],[515 537 537 773 737 820 510 393 530 469 552 497 486 556 379 528]
forward,6,6,"[3176, 4096]",24.8125,"[8192, 4096]",64.0,[610 500 670 576 370 510 188 553 558 603 478 578 630 533 564 271],[237 169 273 150 166 128 188 265 290 183 247 130 195 213 239 103]
forward,7,7,"[10086, 4096]",78.796875,"[8192, 4096]",64.0,[602 599 548 520 336 393 265 760 410 574 537 512 603 547 612 374],[624 656 655 621 483 516 553 760 531 665 630 613 639 613 722 805]
forward,8,8,"[8239, 4096]",64.3671875,"[8192, 4096]",64.0,[671 598 548 501 455 530 290 531 534 493 415 429 621 538 634 404],[487 478 501 530 547 597 558 410 534 514 503 520 427 499 489 645]
forward,9,9,"[10069, 4096]",78.6640625,"[8192, 4096]",64.0,[526 558 502 542 420 469 183 665 514 633 506 523 572 562 636 381],[627 652 582 727 675 614 603 574 493 633 628 680 716 627 576 662]
forward,10,10,"[8342, 4096]",65.171875,"[8192, 4096]",64.0,[619 556 533 634 375 552 247 630 503 628 708 398 557 418 558 276],[639 409 438 599 625 461 478 537 415 506 708 566 331 402 559 669]
forward,11,11,"[7680, 4096]",60.0,"[8192, 4096]",64.0,[641 504 534 582 354 497 130 613 520 680 566 597 581 455 621 317],[528 566 482 504 286 414 578 512 429 523 398 597 530 452 514 367]
forward,12,12,"[8847, 4096]",69.1171875,"[8192, 4096]",64.0,[587 655 442 611 287 486 195 639 427 716 331 530 629 582 652 423],[502 645 644 490 381 364 630 603 621 572 557 581 629 524 709 395]
forward,13,13,"[8435, 4096]",65.8984375,"[8192, 4096]",64.0,[542 598 465 544 438 556 213 613 499 627 402 452 524 675 644 400],[584 486 605 487 562 546 533 547 538 562 418 455 582 675 449 406]
forward,14,14,"[9532, 4096]",74.46875,"[8192, 4096]",64.0,[540 574 580 655 322 379 239 722 489 576 559 514 709 449 548 337],[611 673 495 533 487 575 564 612 634 636 558 621 652 644 548 689]
forward,15,15,"[5341, 4096]",41.7265625,"[8192, 4096]",64.0,[603 431 477 550 591 528 103 805 645 662 669 367 395 406 689 271],[305 430 334 272 260 286 271 374 404 381 276 317 423 400 337 271]
forward,0,0,"[8192, 4096]",64.0,"[10784, 4096]",84.25,[689 656 558 831 685 654 639 537 551 648 694 807 708 580 734 813],[689 599 562 588 805 163 709 178 726 641 178 394  78 543 636 703]
forward,1,1,"[8192, 4096]",64.0,"[9215, 4096]",71.9921875,[599 371 580 506 511 457 579 616 498 466 787 857 380 418 948 642],[656 371 703 735 658  41 577 232 742 559 223 503  79 595 739 779]
forward,2,2,"[8192, 4096]",64.0,"[8471, 4096]",66.1796875,[562 703 386 757 504 847 422 423 495 586 501 399 603 617 219 447],[558 580 386 787 596  76 625 201 665 721 226 498  84 707 743 739]
forward,3,3,"[8192, 4096]",64.0,"[10898, 4096]",85.140625,[588 735 787 592 715 673 790 684 725 688 609 618 738 740 650 566],[831 506 757 592 838  73 713 150 701 423 269 448  74 475 634 708]
forward,4,4,"[8192, 4096]",64.0,"[11512, 4096]",89.9375,"[ 805  658  596  838  909  982  624  546  528  631  833  713  458  589
  628 1174]",[685 511 504 715 909  29 679 148 754 624 125 414  27 485 922 661]
forward,5,5,"[8192, 4096]",64.0,"[1594, 4096]",12.453125,[163  41  76  73  29  30  56 187  72  44 231 147  37  43 233 132],[654 457 847 673 982  30 653 141 791 484 188 420  27 453 696 696]
forward,6,6,"[8192, 4096]",64.0,"[9360, 4096]",73.125,[709 577 625 713 679 653 521 445 574 630 586 523 479 561 563 522],[639 579 422 790 624  56 521 143 749 757 256 567  84 481 840 684]
forward,7,7,"[8192, 4096]",64.0,"[3107, 4096]",24.2734375,[178 232 201 150 148 141 143 232 195 225 196 231 250 227 200 158],[537 616 423 684 546 187 445 232 722 673 238 514  88 740 716 831]
forward,8,8,"[8192, 4096]",64.0,"[11495, 4096]",89.8046875,[726 742 665 701 754 791 749 722 641 626 756 694 631 727 656 914],[551 498 495 725 528  72 574 195 641 809 224 559  86 689 809 737]
forward,9,9,"[8192, 4096]",64.0,"[9610, 4096]",75.078125,[641 559 721 423 624 484 757 673 809 545 612 503 571 633 577 478],[648 466 586 688 631  44 630 225 626 545 220 602  76 649 751 805]
forward,10,10,"[8192, 4096]",64.0,"[3399, 4096]",26.5546875,[178 223 226 269 125 188 256 238 224 220 178 231 288 219 181 155],[694 787 501 609 833 231 586 196 756 612 178 340  35 470 645 719]
forward,11,11,"[8192, 4096]",64.0,"[7463, 4096]",58.3046875,[394 503 498 448 414 420 567 514 559 602 340 435 654 512 350 253],[807 857 399 618 713 147 523 231 694 503 231 435 101 474 722 737]
forward,12,12,"[8192, 4096]",64.0,"[1087, 4096]",8.4921875,[ 78  79  84  74  27  27  84  88  86  76  35 101  58  55 113  22],[708 380 603 738 458  37 479 250 631 571 288 654  58 734 751 852]
forward,13,13,"[8192, 4096]",64.0,"[9258, 4096]",72.328125,[543 595 707 475 485 453 481 740 689 649 470 474 734 702 662 399],[580 418 617 740 589  43 561 227 727 633 219 512  55 702 799 770]
forward,14,14,"[8192, 4096]",64.0,"[11851, 4096]",92.5859375,[636 739 743 634 922 696 840 716 809 751 645 722 751 799 713 735],[734 948 219 650 628 233 563 200 656 577 181 350 113 662 713 765]
forward,15,15,"[8192, 4096]",64.0,"[11968, 4096]",93.5,[703 779 739 708 661 696 684 831 737 805 719 737 852 770 765 782],"[ 813  642  447  566 1174  132  522  158  914  478  155  253   22  399
  735  782]"
forward,0,0,[8192],0.015625,[10784],0.02056884765625,[689 656 558 831 685 654 639 537 551 648 694 807 708 580 734 813],[689 599 562 588 805 163 709 178 726 641 178 394  78 543 636 703]
forward,1,1,[8192],0.015625,[9215],0.017576217651367188,[599 371 580 506 511 457 579 616 498 466 787 857 380 418 948 642],[656 371 703 735 658  41 577 232 742 559 223 503  79 595 739 779]
forward,2,2,[8192],0.015625,[8471],0.016157150268554688,[562 703 386 757 504 847 422 423 495 586 501 399 603 617 219 447],[558 580 386 787 596  76 625 201 665 721 226 498  84 707 743 739]
forward,3,3,[8192],0.015625,[10898],0.020786285400390625,[588 735 787 592 715 673 790 684 725 688 609 618 738 740 650 566],[831 506 757 592 838  73 713 150 701 423 269 448  74 475 634 708]
forward,4,4,[8192],0.015625,[11512],0.0219573974609375,"[ 805  658  596  838  909  982  624  546  528  631  833  713  458  589
  628 1174]",[685 511 504 715 909  29 679 148 754 624 125 414  27 485 922 661]
forward,5,5,[8192],0.015625,[1594],0.003040313720703125,[163  41  76  73  29  30  56 187  72  44 231 147  37  43 233 132],[654 457 847 673 982  30 653 141 791 484 188 420  27 453 696 696]
forward,6,6,[8192],0.015625,[9360],0.017852783203125,[709 577 625 713 679 653 521 445 574 630 586 523 479 561 563 522],[639 579 422 790 624  56 521 143 749 757 256 567  84 481 840 684]
forward,7,7,[8192],0.015625,[3107],0.0059261322021484375,[178 232 201 150 148 141 143 232 195 225 196 231 250 227 200 158],[537 616 423 684 546 187 445 232 722 673 238 514  88 740 716 831]
forward,8,8,[8192],0.015625,[11495],0.021924972534179688,[726 742 665 701 754 791 749 722 641 626 756 694 631 727 656 914],[551 498 495 725 528  72 574 195 641 809 224 559  86 689 809 737]
forward,9,9,[8192],0.015625,[9610],0.018329620361328125,[641 559 721 423 624 484 757 673 809 545 612 503 571 633 577 478],[648 466 586 688 631  44 630 225 626 545 220 602  76 649 751 805]
forward,10,10,[8192],0.015625,[3399],0.0064830780029296875,[178 223 226 269 125 188 256 238 224 220 178 231 288 219 181 155],[694 787 501 609 833 231 586 196 756 612 178 340  35 470 645 719]
forward,11,11,[8192],0.015625,[7463],0.014234542846679688,[394 503 498 448 414 420 567 514 559 602 340 435 654 512 350 253],[807 857 399 618 713 147 523 231 694 503 231 435 101 474 722 737]
forward,12,12,[8192],0.015625,[1087],0.0020732879638671875,[ 78  79  84  74  27  27  84  88  86  76  35 101  58  55 113  22],[708 380 603 738 458  37 479 250 631 571 288 654  58 734 751 852]
forward,13,13,[8192],0.015625,[9258],0.017658233642578125,[543 595 707 475 485 453 481 740 689 649 470 474 734 702 662 399],[580 418 617 740 589  43 561 227 727 633 219 512  55 702 799 770]
forward,14,14,[8192],0.015625,[11851],0.022603988647460938,[636 739 743 634 922 696 840 716 809 751 645 722 751 799 713 735],[734 948 219 650 628 233 563 200 656 577 181 350 113 662 713 765]
forward,15,15,[8192],0.015625,[11968],0.0228271484375,[703 779 739 708 661 696 684 831 737 805 719 737 852 770 765 782],"[ 813  642  447  566 1174  132  522  158  914  478  155  253   22  399
  735  782]"
forward,0,0,"[10784, 4096]",84.25,"[8192, 4096]",64.0,[689 599 562 588 805 163 709 178 726 641 178 394  78 543 636 703],[689 656 558 831 685 654 639 537 551 648 694 807 708 580 734 813]
forward,1,1,"[9215, 4096]",71.9921875,"[8192, 4096]",64.0,[656 371 703 735 658  41 577 232 742 559 223 503  79 595 739 779],[599 371 580 506 511 457 579 616 498 466 787 857 380 418 948 642]
forward,2,2,"[8471, 4096]",66.1796875,"[8192, 4096]",64.0,[558 580 386 787 596  76 625 201 665 721 226 498  84 707 743 739],[562 703 386 757 504 847 422 423 495 586 501 399 603 617 219 447]
forward,3,3,"[10898, 4096]",85.140625,"[8192, 4096]",64.0,[831 506 757 592 838  73 713 150 701 423 269 448  74 475 634 708],[588 735 787 592 715 673 790 684 725 688 609 618 738 740 650 566]
forward,4,4,"[11512, 4096]",89.9375,"[8192, 4096]",64.0,[685 511 504 715 909  29 679 148 754 624 125 414  27 485 922 661],"[ 805  658  596  838  909  982  624  546  528  631  833  713  458  589
  628 1174]"
forward,5,5,"[1594, 4096]",12.453125,"[8192, 4096]",64.0,[654 457 847 673 982  30 653 141 791 484 188 420  27 453 696 696],[163  41  76  73  29  30  56 187  72  44 231 147  37  43 233 132]
forward,6,6,"[9360, 4096]",73.125,"[8192, 4096]",64.0,[639 579 422 790 624  56 521 143 749 757 256 567  84 481 840 684],[709 577 625 713 679 653 521 445 574 630 586 523 479 561 563 522]
forward,7,7,"[3107, 4096]",24.2734375,"[8192, 4096]",64.0,[537 616 423 684 546 187 445 232 722 673 238 514  88 740 716 831],[178 232 201 150 148 141 143 232 195 225 196 231 250 227 200 158]
forward,8,8,"[11495, 4096]",89.8046875,"[8192, 4096]",64.0,[551 498 495 725 528  72 574 195 641 809 224 559  86 689 809 737],[726 742 665 701 754 791 749 722 641 626 756 694 631 727 656 914]
forward,9,9,"[9610, 4096]",75.078125,"[8192, 4096]",64.0,[648 466 586 688 631  44 630 225 626 545 220 602  76 649 751 805],[641 559 721 423 624 484 757 673 809 545 612 503 571 633 577 478]
forward,10,10,"[3399, 4096]",26.5546875,"[8192, 4096]",64.0,[694 787 501 609 833 231 586 196 756 612 178 340  35 470 645 719],[178 223 226 269 125 188 256 238 224 220 178 231 288 219 181 155]
forward,11,11,"[7463, 4096]",58.3046875,"[8192, 4096]",64.0,[807 857 399 618 713 147 523 231 694 503 231 435 101 474 722 737],[394 503 498 448 414 420 567 514 559 602 340 435 654 512 350 253]
forward,12,12,"[1087, 4096]",8.4921875,"[8192, 4096]",64.0,[708 380 603 738 458  37 479 250 631 571 288 654  58 734 751 852],[ 78  79  84  74  27  27  84  88  86  76  35 101  58  55 113  22]
forward,13,13,"[9258, 4096]",72.328125,"[8192, 4096]",64.0,[580 418 617 740 589  43 561 227 727 633 219 512  55 702 799 770],[543 595 707 475 485 453 481 740 689 649 470 474 734 702 662 399]
forward,14,14,"[11851, 4096]",92.5859375,"[8192, 4096]",64.0,[734 948 219 650 628 233 563 200 656 577 181 350 113 662 713 765],[636 739 743 634 922 696 840 716 809 751 645 722 751 799 713 735]
forward,15,15,"[11968, 4096]",93.5,"[8192, 4096]",64.0,"[ 813  642  447  566 1174  132  522  158  914  478  155  253   22  399
  735  782]",[703 779 739 708 661 696 684 831 737 805 719 737 852 770 765 782]
backward,0,0,"[8192, 4096]",64.0,"[10784, 4096]",84.25,[689 656 558 831 685 654 639 537 551 648 694 807 708 580 734 813],[689 599 562 588 805 163 709 178 726 641 178 394  78 543 636 703]
backward,1,1,"[8192, 4096]",64.0,"[9215, 4096]",71.9921875,[599 371 580 506 511 457 579 616 498 466 787 857 380 418 948 642],[656 371 703 735 658  41 577 232 742 559 223 503  79 595 739 779]
backward,2,2,"[8192, 4096]",64.0,"[8471, 4096]",66.1796875,[562 703 386 757 504 847 422 423 495 586 501 399 603 617 219 447],[558 580 386 787 596  76 625 201 665 721 226 498  84 707 743 739]
backward,3,3,"[8192, 4096]",64.0,"[10898, 4096]",85.140625,[588 735 787 592 715 673 790 684 725 688 609 618 738 740 650 566],[831 506 757 592 838  73 713 150 701 423 269 448  74 475 634 708]
backward,4,4,"[8192, 4096]",64.0,"[11512, 4096]",89.9375,"[ 805  658  596  838  909  982  624  546  528  631  833  713  458  589
  628 1174]",[685 511 504 715 909  29 679 148 754 624 125 414  27 485 922 661]
backward,5,5,"[8192, 4096]",64.0,"[1594, 4096]",12.453125,[163  41  76  73  29  30  56 187  72  44 231 147  37  43 233 132],[654 457 847 673 982  30 653 141 791 484 188 420  27 453 696 696]
backward,6,6,"[8192, 4096]",64.0,"[9360, 4096]",73.125,[709 577 625 713 679 653 521 445 574 630 586 523 479 561 563 522],[639 579 422 790 624  56 521 143 749 757 256 567  84 481 840 684]
backward,7,7,"[8192, 4096]",64.0,"[3107, 4096]",24.2734375,[178 232 201 150 148 141 143 232 195 225 196 231 250 227 200 158],[537 616 423 684 546 187 445 232 722 673 238 514  88 740 716 831]
backward,8,8,"[8192, 4096]",64.0,"[11495, 4096]",89.8046875,[726 742 665 701 754 791 749 722 641 626 756 694 631 727 656 914],[551 498 495 725 528  72 574 195 641 809 224 559  86 689 809 737]
backward,9,9,"[8192, 4096]",64.0,"[9610, 4096]",75.078125,[641 559 721 423 624 484 757 673 809 545 612 503 571 633 577 478],[648 466 586 688 631  44 630 225 626 545 220 602  76 649 751 805]
backward,10,10,"[8192, 4096]",64.0,"[3399, 4096]",26.5546875,[178 223 226 269 125 188 256 238 224 220 178 231 288 219 181 155],[694 787 501 609 833 231 586 196 756 612 178 340  35 470 645 719]
backward,11,11,"[8192, 4096]",64.0,"[7463, 4096]",58.3046875,[394 503 498 448 414 420 567 514 559 602 340 435 654 512 350 253],[807 857 399 618 713 147 523 231 694 503 231 435 101 474 722 737]
backward,12,12,"[8192, 4096]",64.0,"[1087, 4096]",8.4921875,[ 78  79  84  74  27  27  84  88  86  76  35 101  58  55 113  22],[708 380 603 738 458  37 479 250 631 571 288 654  58 734 751 852]
backward,13,13,"[8192, 4096]",64.0,"[9258, 4096]",72.328125,[543 595 707 475 485 453 481 740 689 649 470 474 734 702 662 399],[580 418 617 740 589  43 561 227 727 633 219 512  55 702 799 770]
backward,14,14,"[8192, 4096]",64.0,"[11851, 4096]",92.5859375,[636 739 743 634 922 696 840 716 809 751 645 722 751 799 713 735],[734 948 219 650 628 233 563 200 656 577 181 350 113 662 713 765]
backward,15,15,"[8192, 4096]",64.0,"[11968, 4096]",93.5,[703 779 739 708 661 696 684 831 737 805 719 737 852 770 765 782],"[ 813  642  447  566 1174  132  522  158  914  478  155  253   22  399
  735  782]"
backward,0,0,[10784],0.02056884765625,[8192],0.015625,[689 599 562 588 805 163 709 178 726 641 178 394  78 543 636 703],[689 656 558 831 685 654 639 537 551 648 694 807 708 580 734 813]
backward,1,1,[9215],0.017576217651367188,[8192],0.015625,[656 371 703 735 658  41 577 232 742 559 223 503  79 595 739 779],[599 371 580 506 511 457 579 616 498 466 787 857 380 418 948 642]
backward,2,2,[8471],0.016157150268554688,[8192],0.015625,[558 580 386 787 596  76 625 201 665 721 226 498  84 707 743 739],[562 703 386 757 504 847 422 423 495 586 501 399 603 617 219 447]
backward,3,3,[10898],0.020786285400390625,[8192],0.015625,[831 506 757 592 838  73 713 150 701 423 269 448  74 475 634 708],[588 735 787 592 715 673 790 684 725 688 609 618 738 740 650 566]
backward,4,4,[11512],0.0219573974609375,[8192],0.015625,[685 511 504 715 909  29 679 148 754 624 125 414  27 485 922 661],"[ 805  658  596  838  909  982  624  546  528  631  833  713  458  589
  628 1174]"
backward,5,5,[1594],0.003040313720703125,[8192],0.015625,[654 457 847 673 982  30 653 141 791 484 188 420  27 453 696 696],[163  41  76  73  29  30  56 187  72  44 231 147  37  43 233 132]
backward,6,6,[9360],0.017852783203125,[8192],0.015625,[639 579 422 790 624  56 521 143 749 757 256 567  84 481 840 684],[709 577 625 713 679 653 521 445 574 630 586 523 479 561 563 522]
backward,7,7,[3107],0.0059261322021484375,[8192],0.015625,[537 616 423 684 546 187 445 232 722 673 238 514  88 740 716 831],[178 232 201 150 148 141 143 232 195 225 196 231 250 227 200 158]
backward,8,8,[11495],0.021924972534179688,[8192],0.015625,[551 498 495 725 528  72 574 195 641 809 224 559  86 689 809 737],[726 742 665 701 754 791 749 722 641 626 756 694 631 727 656 914]
backward,9,9,[9610],0.018329620361328125,[8192],0.015625,[648 466 586 688 631  44 630 225 626 545 220 602  76 649 751 805],[641 559 721 423 624 484 757 673 809 545 612 503 571 633 577 478]
backward,10,10,[3399],0.0064830780029296875,[8192],0.015625,[694 787 501 609 833 231 586 196 756 612 178 340  35 470 645 719],[178 223 226 269 125 188 256 238 224 220 178 231 288 219 181 155]
backward,11,11,[7463],0.014234542846679688,[8192],0.015625,[807 857 399 618 713 147 523 231 694 503 231 435 101 474 722 737],[394 503 498 448 414 420 567 514 559 602 340 435 654 512 350 253]
backward,12,12,[1087],0.0020732879638671875,[8192],0.015625,[708 380 603 738 458  37 479 250 631 571 288 654  58 734 751 852],[ 78  79  84  74  27  27  84  88  86  76  35 101  58  55 113  22]
backward,13,13,[9258],0.017658233642578125,[8192],0.015625,[580 418 617 740 589  43 561 227 727 633 219 512  55 702 799 770],[543 595 707 475 485 453 481 740 689 649 470 474 734 702 662 399]
backward,14,14,[11851],0.022603988647460938,[8192],0.015625,[734 948 219 650 628 233 563 200 656 577 181 350 113 662 713 765],[636 739 743 634 922 696 840 716 809 751 645 722 751 799 713 735]
backward,15,15,[11968],0.0228271484375,[8192],0.015625,"[ 813  642  447  566 1174  132  522  158  914  478  155  253   22  399
  735  782]",[703 779 739 708 661 696 684 831 737 805 719 737 852 770 765 782]
backward,0,0,"[10784, 4096]",84.25,"[8192, 4096]",64.0,[689 599 562 588 805 163 709 178 726 641 178 394  78 543 636 703],[689 656 558 831 685 654 639 537 551 648 694 807 708 580 734 813]
backward,1,1,"[9215, 4096]",71.9921875,"[8192, 4096]",64.0,[656 371 703 735 658  41 577 232 742 559 223 503  79 595 739 779],[599 371 580 506 511 457 579 616 498 466 787 857 380 418 948 642]
backward,2,2,"[8471, 4096]",66.1796875,"[8192, 4096]",64.0,[558 580 386 787 596  76 625 201 665 721 226 498  84 707 743 739],[562 703 386 757 504 847 422 423 495 586 501 399 603 617 219 447]
backward,3,3,"[10898, 4096]",85.140625,"[8192, 4096]",64.0,[831 506 757 592 838  73 713 150 701 423 269 448  74 475 634 708],[588 735 787 592 715 673 790 684 725 688 609 618 738 740 650 566]
backward,4,4,"[11512, 4096]",89.9375,"[8192, 4096]",64.0,[685 511 504 715 909  29 679 148 754 624 125 414  27 485 922 661],"[ 805  658  596  838  909  982  624  546  528  631  833  713  458  589
  628 1174]"
backward,5,5,"[1594, 4096]",12.453125,"[8192, 4096]",64.0,[654 457 847 673 982  30 653 141 791 484 188 420  27 453 696 696],[163  41  76  73  29  30  56 187  72  44 231 147  37  43 233 132]
backward,6,6,"[9360, 4096]",73.125,"[8192, 4096]",64.0,[639 579 422 790 624  56 521 143 749 757 256 567  84 481 840 684],[709 577 625 713 679 653 521 445 574 630 586 523 479 561 563 522]
backward,7,7,"[3107, 4096]",24.2734375,"[8192, 4096]",64.0,[537 616 423 684 546 187 445 232 722 673 238 514  88 740 716 831],[178 232 201 150 148 141 143 232 195 225 196 231 250 227 200 158]
backward,8,8,"[11495, 4096]",89.8046875,"[8192, 4096]",64.0,[551 498 495 725 528  72 574 195 641 809 224 559  86 689 809 737],[726 742 665 701 754 791 749 722 641 626 756 694 631 727 656 914]
backward,9,9,"[9610, 4096]",75.078125,"[8192, 4096]",64.0,[648 466 586 688 631  44 630 225 626 545 220 602  76 649 751 805],[641 559 721 423 624 484 757 673 809 545 612 503 571 633 577 478]
backward,10,10,"[3399, 4096]",26.5546875,"[8192, 4096]",64.0,[694 787 501 609 833 231 586 196 756 612 178 340  35 470 645 719],[178 223 226 269 125 188 256 238 224 220 178 231 288 219 181 155]
backward,11,11,"[7463, 4096]",58.3046875,"[8192, 4096]",64.0,[807 857 399 618 713 147 523 231 694 503 231 435 101 474 722 737],[394 503 498 448 414 420 567 514 559 602 340 435 654 512 350 253]
backward,12,12,"[1087, 4096]",8.4921875,"[8192, 4096]",64.0,[708 380 603 738 458  37 479 250 631 571 288 654  58 734 751 852],[ 78  79  84  74  27  27  84  88  86  76  35 101  58  55 113  22]
backward,13,13,"[9258, 4096]",72.328125,"[8192, 4096]",64.0,[580 418 617 740 589  43 561 227 727 633 219 512  55 702 799 770],[543 595 707 475 485 453 481 740 689 649 470 474 734 702 662 399]
backward,14,14,"[11851, 4096]",92.5859375,"[8192, 4096]",64.0,[734 948 219 650 628 233 563 200 656 577 181 350 113 662 713 765],[636 739 743 634 922 696 840 716 809 751 645 722 751 799 713 735]
backward,15,15,"[11968, 4096]",93.5,"[8192, 4096]",64.0,"[ 813  642  447  566 1174  132  522  158  914  478  155  253   22  399
  735  782]",[703 779 739 708 661 696 684 831 737 805 719 737 852 770 765 782]
backward,0,0,"[8192, 4096]",64.0,"[9395, 4096]",73.3984375,[554 507 549 516 627 701 610 602 671 526 619 641 587 542 540 603],[554 597 442 615 325 515 237 624 487 627 639 528 502 584 611 305]
backward,1,1,"[8192, 4096]",64.0,"[8904, 4096]",69.5625,[597 589 550 565 444 586 500 599 598 558 556 504 655 598 574 431],[507 589 545 452 398 537 169 656 478 652 409 566 645 486 673 430]
backward,2,2,"[8192, 4096]",64.0,"[8727, 4096]",68.1796875,[442 545 571 511 797 562 670 548 548 502 533 534 442 465 580 477],[549 550 571 584 392 537 273 655 501 582 438 482 644 605 495 334]
backward,3,3,"[8192, 4096]",64.0,"[8879, 4096]",69.3671875,[615 452 584 515 500 498 576 520 501 542 634 582 611 544 655 550],[516 565 511 515 399 773 150 621 530 727 599 504 490 487 533 272]
backward,4,4,"[8192, 4096]",64.0,"[6601, 4096]",51.5703125,[325 398 392 399 615 524 370 336 455 420 375 354 287 438 322 591],[627 444 797 500 615 737 166 483 547 675 625 286 381 562 487 260]
backward,5,5,"[8192, 4096]",64.0,"[8819, 4096]",68.8984375,[515 537 537 773 737 820 510 393 530 469 552 497 486 556 379 528],[701 586 562 498 524 820 128 516 597 614 461 414 364 546 575 286]
backward,6,6,"[8192, 4096]",64.0,"[3176, 4096]",24.8125,[237 169 273 150 166 128 188 265 290 183 247 130 195 213 239 103],[610 500 670 576 370 510 188 553 558 603 478 578 630 533 564 271]
backward,7,7,"[8192, 4096]",64.0,"[10086, 4096]",78.796875,[624 656 655 621 483 516 553 760 531 665 630 613 639 613 722 805],[602 599 548 520 336 393 265 760 410 574 537 512 603 547 612 374]
backward,8,8,"[8192, 4096]",64.0,"[8239, 4096]",64.3671875,[487 478 501 530 547 597 558 410 534 514 503 520 427 499 489 645],[671 598 548 501 455 530 290 531 534 493 415 429 621 538 634 404]
backward,9,9,"[8192, 4096]",64.0,"[10069, 4096]",78.6640625,[627 652 582 727 675 614 603 574 493 633 628 680 716 627 576 662],[526 558 502 542 420 469 183 665 514 633 506 523 572 562 636 381]
backward,10,10,"[8192, 4096]",64.0,"[8342, 4096]",65.171875,[639 409 438 599 625 461 478 537 415 506 708 566 331 402 559 669],[619 556 533 634 375 552 247 630 503 628 708 398 557 418 558 276]
backward,11,11,"[8192, 4096]",64.0,"[7680, 4096]",60.0,[528 566 482 504 286 414 578 512 429 523 398 597 530 452 514 367],[641 504 534 582 354 497 130 613 520 680 566 597 581 455 621 317]
backward,12,12,"[8192, 4096]",64.0,"[8847, 4096]",69.1171875,[502 645 644 490 381 364 630 603 621 572 557 581 629 524 709 395],[587 655 442 611 287 486 195 639 427 716 331 530 629 582 652 423]
backward,13,13,"[8192, 4096]",64.0,"[8435, 4096]",65.8984375,[584 486 605 487 562 546 533 547 538 562 418 455 582 675 449 406],[542 598 465 544 438 556 213 613 499 627 402 452 524 675 644 400]
backward,14,14,"[8192, 4096]",64.0,"[9532, 4096]",74.46875,[611 673 495 533 487 575 564 612 634 636 558 621 652 644 548 689],[540 574 580 655 322 379 239 722 489 576 559 514 709 449 548 337]
backward,15,15,"[8192, 4096]",64.0,"[5341, 4096]",41.7265625,[305 430 334 272 260 286 271 374 404 381 276 317 423 400 337 271],[603 431 477 550 591 528 103 805 645 662 669 367 395 406 689 271]
backward,0,0,[9395],0.017919540405273438,[8192],0.015625,[554 597 442 615 325 515 237 624 487 627 639 528 502 584 611 305],[554 507 549 516 627 701 610 602 671 526 619 641 587 542 540 603]
backward,1,1,[8904],0.0169830322265625,[8192],0.015625,[507 589 545 452 398 537 169 656 478 652 409 566 645 486 673 430],[597 589 550 565 444 586 500 599 598 558 556 504 655 598 574 431]
backward,2,2,[8727],0.016645431518554688,[8192],0.015625,[549 550 571 584 392 537 273 655 501 582 438 482 644 605 495 334],[442 545 571 511 797 562 670 548 548 502 533 534 442 465 580 477]
backward,3,3,[8879],0.016935348510742188,[8192],0.015625,[516 565 511 515 399 773 150 621 530 727 599 504 490 487 533 272],[615 452 584 515 500 498 576 520 501 542 634 582 611 544 655 550]
backward,4,4,[6601],0.012590408325195312,[8192],0.015625,[627 444 797 500 615 737 166 483 547 675 625 286 381 562 487 260],[325 398 392 399 615 524 370 336 455 420 375 354 287 438 322 591]
backward,5,5,[8819],0.016820907592773438,[8192],0.015625,[701 586 562 498 524 820 128 516 597 614 461 414 364 546 575 286],[515 537 537 773 737 820 510 393 530 469 552 497 486 556 379 528]
backward,6,6,[3176],0.0060577392578125,[8192],0.015625,[610 500 670 576 370 510 188 553 558 603 478 578 630 533 564 271],[237 169 273 150 166 128 188 265 290 183 247 130 195 213 239 103]
backward,7,7,[10086],0.019237518310546875,[8192],0.015625,[602 599 548 520 336 393 265 760 410 574 537 512 603 547 612 374],[624 656 655 621 483 516 553 760 531 665 630 613 639 613 722 805]
backward,8,8,[8239],0.015714645385742188,[8192],0.015625,[671 598 548 501 455 530 290 531 534 493 415 429 621 538 634 404],[487 478 501 530 547 597 558 410 534 514 503 520 427 499 489 645]
backward,9,9,[10069],0.019205093383789062,[8192],0.015625,[526 558 502 542 420 469 183 665 514 633 506 523 572 562 636 381],[627 652 582 727 675 614 603 574 493 633 628 680 716 627 576 662]
backward,10,10,[8342],0.015911102294921875,[8192],0.015625,[619 556 533 634 375 552 247 630 503 628 708 398 557 418 558 276],[639 409 438 599 625 461 478 537 415 506 708 566 331 402 559 669]
backward,11,11,[7680],0.0146484375,[8192],0.015625,[641 504 534 582 354 497 130 613 520 680 566 597 581 455 621 317],[528 566 482 504 286 414 578 512 429 523 398 597 530 452 514 367]
backward,12,12,[8847],0.016874313354492188,[8192],0.015625,[587 655 442 611 287 486 195 639 427 716 331 530 629 582 652 423],[502 645 644 490 381 364 630 603 621 572 557 581 629 524 709 395]
backward,13,13,[8435],0.016088485717773438,[8192],0.015625,[542 598 465 544 438 556 213 613 499 627 402 452 524 675 644 400],[584 486 605 487 562 546 533 547 538 562 418 455 582 675 449 406]
backward,14,14,[9532],0.01818084716796875,[8192],0.015625,[540 574 580 655 322 379 239 722 489 576 559 514 709 449 548 337],[611 673 495 533 487 575 564 612 634 636 558 621 652 644 548 689]
backward,15,15,[5341],0.010187149047851562,[8192],0.015625,[603 431 477 550 591 528 103 805 645 662 669 367 395 406 689 271],[305 430 334 272 260 286 271 374 404 381 276 317 423 400 337 271]
backward,0,0,"[9395, 4096]",73.3984375,"[8192, 4096]",64.0,[554 597 442 615 325 515 237 624 487 627 639 528 502 584 611 305],[554 507 549 516 627 701 610 602 671 526 619 641 587 542 540 603]
backward,1,1,"[8904, 4096]",69.5625,"[8192, 4096]",64.0,[507 589 545 452 398 537 169 656 478 652 409 566 645 486 673 430],[597 589 550 565 444 586 500 599 598 558 556 504 655 598 574 431]
backward,2,2,"[8727, 4096]",68.1796875,"[8192, 4096]",64.0,[549 550 571 584 392 537 273 655 501 582 438 482 644 605 495 334],[442 545 571 511 797 562 670 548 548 502 533 534 442 465 580 477]
backward,3,3,"[8879, 4096]",69.3671875,"[8192, 4096]",64.0,[516 565 511 515 399 773 150 621 530 727 599 504 490 487 533 272],[615 452 584 515 500 498 576 520 501 542 634 582 611 544 655 550]
backward,4,4,"[6601, 4096]",51.5703125,"[8192, 4096]",64.0,[627 444 797 500 615 737 166 483 547 675 625 286 381 562 487 260],[325 398 392 399 615 524 370 336 455 420 375 354 287 438 322 591]
backward,5,5,"[8819, 4096]",68.8984375,"[8192, 4096]",64.0,[701 586 562 498 524 820 128 516 597 614 461 414 364 546 575 286],[515 537 537 773 737 820 510 393 530 469 552 497 486 556 379 528]
backward,6,6,"[3176, 4096]",24.8125,"[8192, 4096]",64.0,[610 500 670 576 370 510 188 553 558 603 478 578 630 533 564 271],[237 169 273 150 166 128 188 265 290 183 247 130 195 213 239 103]
backward,7,7,"[10086, 4096]",78.796875,"[8192, 4096]",64.0,[602 599 548 520 336 393 265 760 410 574 537 512 603 547 612 374],[624 656 655 621 483 516 553 760 531 665 630 613 639 613 722 805]
backward,8,8,"[8239, 4096]",64.3671875,"[8192, 4096]",64.0,[671 598 548 501 455 530 290 531 534 493 415 429 621 538 634 404],[487 478 501 530 547 597 558 410 534 514 503 520 427 499 489 645]
backward,9,9,"[10069, 4096]",78.6640625,"[8192, 4096]",64.0,[526 558 502 542 420 469 183 665 514 633 506 523 572 562 636 381],[627 652 582 727 675 614 603 574 493 633 628 680 716 627 576 662]
backward,10,10,"[8342, 4096]",65.171875,"[8192, 4096]",64.0,[619 556 533 634 375 552 247 630 503 628 708 398 557 418 558 276],[639 409 438 599 625 461 478 537 415 506 708 566 331 402 559 669]
backward,11,11,"[7680, 4096]",60.0,"[8192, 4096]",64.0,[641 504 534 582 354 497 130 613 520 680 566 597 581 455 621 317],[528 566 482 504 286 414 578 512 429 523 398 597 530 452 514 367]
backward,12,12,"[8847, 4096]",69.1171875,"[8192, 4096]",64.0,[587 655 442 611 287 486 195 639 427 716 331 530 629 582 652 423],[502 645 644 490 381 364 630 603 621 572 557 581 629 524 709 395]
backward,13,13,"[8435, 4096]",65.8984375,"[8192, 4096]",64.0,[542 598 465 544 438 556 213 613 499 627 402 452 524 675 644 400],[584 486 605 487 562 546 533 547 538 562 418 455 582 675 449 406]
backward,14,14,"[9532, 4096]",74.46875,"[8192, 4096]",64.0,[540 574 580 655 322 379 239 722 489 576 559 514 709 449 548 337],[611 673 495 533 487 575 564 612 634 636 558 621 652 644 548 689]
backward,15,15,"[5341, 4096]",41.7265625,"[8192, 4096]",64.0,[603 431 477 550 591 528 103 805 645 662 669 367 395 406 689 271],[305 430 334 272 260 286 271 374 404 381 276 317 423 400 337 271]
backward,0,0,"[8192, 4096]",64.0,"[9224, 4096]",72.0625,[504 663 620 673 517 619 466 588 624 658 568 494 648 607 531 444],[504 491 525 551 507 361 635 483 543 336 547 458 668 492 579 512]
backward,1,1,"[8192, 4096]",64.0,"[8607, 4096]",67.2421875,[491 514 597 446 478 485 451 637 593 606 479 476 637 586 634 497],[663 514 531 620 457 453 639 450 524 405 479 486 529 563 425 454]
backward,2,2,"[8192, 4096]",64.0,"[7885, 4096]",61.6015625,[525 531 466 456 635 494 544 443 446 471 518 416 355 503 424 658],[620 597 466 578 472 430 482 456 464 385 556 501 599 587 432 567]
backward,3,3,"[8192, 4096]",64.0,"[9672, 4096]",75.5625,[551 620 578 626 590 679 627 479 624 635 567 696 606 600 567 627],[673 446 456 626 334 383 745 588 512 268 506 479 671 436 415 654]
backward,4,4,"[8192, 4096]",64.0,"[7096, 4096]",55.4375,[507 457 472 334 345 310 468 558 504 431 477 398 444 421 522 448],[517 478 635 590 345 468 807 437 452 246 674 366 503 621 387 666]
backward,5,5,"[8192, 4096]",64.0,"[6537, 4096]",51.0703125,[361 453 430 383 468 440 391 424 480 432 326 327 456 467 364 335],[619 485 494 679 310 440 718 520 448 231 491 475 620 544 480 638]
backward,6,6,"[8192, 4096]",64.0,"[9884, 4096]",77.21875,[635 639 482 745 807 718 669 418 602 548 642 616 540 666 503 654],[466 451 544 627 468 391 669 471 513 279 671 424 699 630 396 493]
backward,7,7,"[8192, 4096]",64.0,"[7445, 4096]",58.1640625,[483 450 456 588 437 520 471 354 498 483 442 460 442 405 495 461],[588 637 443 479 558 424 418 354 554 362 613 520 547 750 503 442]
backward,8,8,"[8192, 4096]",64.0,"[8054, 4096]",62.921875,[543 524 464 512 452 448 513 554 482 528 482 504 546 518 512 472],[624 593 446 624 504 480 602 498 482 437 456 440 532 577 421 476]
backward,9,9,"[8192, 4096]",64.0,"[5282, 4096]",41.265625,[336 405 385 268 246 231 279 362 437 364 348 276 441 372 329 203],[658 606 471 635 431 432 548 483 528 364 572 504 503 575 418 464]
backward,10,10,"[8192, 4096]",64.0,"[9154, 4096]",71.515625,[547 479 556 506 674 491 671 613 456 572 686 638 424 417 679 745],[568 479 518 567 477 326 642 442 482 348 686 486 705 507 427 532]
backward,11,11,"[8192, 4096]",64.0,"[7781, 4096]",60.7890625,[458 486 501 479 366 475 424 520 440 504 486 509 491 471 599 572],[494 476 416 696 398 327 616 460 504 276 638 509 786 594 425 577]
backward,12,12,"[8192, 4096]",64.0,"[9790, 4096]",76.484375,[668 529 599 671 503 620 699 547 532 503 705 786 591 526 641 670],[648 637 355 606 444 456 540 442 546 441 424 491 591 694 467 410]
backward,13,13,"[8192, 4096]",64.0,"[9312, 4096]",72.75,[492 563 587 436 621 544 630 750 577 575 507 594 694 648 558 536],[607 586 503 600 421 467 666 405 518 372 417 471 526 648 527 458]
backward,14,14,"[8192, 4096]",64.0,"[7131, 4096]",55.7109375,[579 425 432 415 387 480 396 503 421 418 427 425 467 527 440 389],[531 634 424 567 522 364 503 495 512 329 679 599 641 558 440 394]
backward,15,15,"[8192, 4096]",64.0,"[8218, 4096]",64.203125,[512 454 567 654 666 638 493 442 476 464 532 577 410 458 394 481],[444 497 658 627 448 335 654 461 472 203 745 572 670 536 389 481]
backward,0,0,[9224],0.0175933837890625,[8192],0.015625,[504 491 525 551 507 361 635 483 543 336 547 458 668 492 579 512],[504 663 620 673 517 619 466 588 624 658 568 494 648 607 531 444]
backward,1,1,[8607],0.016416549682617188,[8192],0.015625,[663 514 531 620 457 453 639 450 524 405 479 486 529 563 425 454],[491 514 597 446 478 485 451 637 593 606 479 476 637 586 634 497]
backward,2,2,[7885],0.015039443969726562,[8192],0.015625,[620 597 466 578 472 430 482 456 464 385 556 501 599 587 432 567],[525 531 466 456 635 494 544 443 446 471 518 416 355 503 424 658]
backward,3,3,[9672],0.0184478759765625,[8192],0.015625,[673 446 456 626 334 383 745 588 512 268 506 479 671 436 415 654],[551 620 578 626 590 679 627 479 624 635 567 696 606 600 567 627]
backward,4,4,[7096],0.0135345458984375,[8192],0.015625,[517 478 635 590 345 468 807 437 452 246 674 366 503 621 387 666],[507 457 472 334 345 310 468 558 504 431 477 398 444 421 522 448]
backward,5,5,[6537],0.012468338012695312,[8192],0.015625,[619 485 494 679 310 440 718 520 448 231 491 475 620 544 480 638],[361 453 430 383 468 440 391 424 480 432 326 327 456 467 364 335]
backward,6,6,[9884],0.01885223388671875,[8192],0.015625,[466 451 544 627 468 391 669 471 513 279 671 424 699 630 396 493],[635 639 482 745 807 718 669 418 602 548 642 616 540 666 503 654]
backward,7,7,[7445],0.014200210571289062,[8192],0.015625,[588 637 443 479 558 424 418 354 554 362 613 520 547 750 503 442],[483 450 456 588 437 520 471 354 498 483 442 460 442 405 495 461]
backward,8,8,[8054],0.015361785888671875,[8192],0.015625,[624 593 446 624 504 480 602 498 482 437 456 440 532 577 421 476],[543 524 464 512 452 448 513 554 482 528 482 504 546 518 512 472]
backward,9,9,[5282],0.010074615478515625,[8192],0.015625,[658 606 471 635 431 432 548 483 528 364 572 504 503 575 418 464],[336 405 385 268 246 231 279 362 437 364 348 276 441 372 329 203]
backward,10,10,[9154],0.017459869384765625,[8192],0.015625,[568 479 518 567 477 326 642 442 482 348 686 486 705 507 427 532],[547 479 556 506 674 491 671 613 456 572 686 638 424 417 679 745]
backward,11,11,[7781],0.014841079711914062,[8192],0.015625,[494 476 416 696 398 327 616 460 504 276 638 509 786 594 425 577],[458 486 501 479 366 475 424 520 440 504 486 509 491 471 599 572]
backward,12,12,[9790],0.018672943115234375,[8192],0.015625,[648 637 355 606 444 456 540 442 546 441 424 491 591 694 467 410],[668 529 599 671 503 620 699 547 532 503 705 786 591 526 641 670]
backward,13,13,[9312],0.01776123046875,[8192],0.015625,[607 586 503 600 421 467 666 405 518 372 417 471 526 648 527 458],[492 563 587 436 621 544 630 750 577 575 507 594 694 648 558 536]
backward,14,14,[7131],0.013601303100585938,[8192],0.015625,[531 634 424 567 522 364 503 495 512 329 679 599 641 558 440 394],[579 425 432 415 387 480 396 503 421 418 427 425 467 527 440 389]
backward,15,15,[8218],0.015674591064453125,[8192],0.015625,[444 497 658 627 448 335 654 461 472 203 745 572 670 536 389 481],[512 454 567 654 666 638 493 442 476 464 532 577 410 458 394 481]
backward,0,0,"[9224, 4096]",72.0625,"[8192, 4096]",64.0,[504 491 525 551 507 361 635 483 543 336 547 458 668 492 579 512],[504 663 620 673 517 619 466 588 624 658 568 494 648 607 531 444]
backward,1,1,"[8607, 4096]",67.2421875,"[8192, 4096]",64.0,[663 514 531 620 457 453 639 450 524 405 479 486 529 563 425 454],[491 514 597 446 478 485 451 637 593 606 479 476 637 586 634 497]
backward,2,2,"[7885, 4096]",61.6015625,"[8192, 4096]",64.0,[620 597 466 578 472 430 482 456 464 385 556 501 599 587 432 567],[525 531 466 456 635 494 544 443 446 471 518 416 355 503 424 658]
backward,3,3,"[9672, 4096]",75.5625,"[8192, 4096]",64.0,[673 446 456 626 334 383 745 588 512 268 506 479 671 436 415 654],[551 620 578 626 590 679 627 479 624 635 567 696 606 600 567 627]
backward,4,4,"[7096, 4096]",55.4375,"[8192, 4096]",64.0,[517 478 635 590 345 468 807 437 452 246 674 366 503 621 387 666],[507 457 472 334 345 310 468 558 504 431 477 398 444 421 522 448]
backward,5,5,"[6537, 4096]",51.0703125,"[8192, 4096]",64.0,[619 485 494 679 310 440 718 520 448 231 491 475 620 544 480 638],[361 453 430 383 468 440 391 424 480 432 326 327 456 467 364 335]
backward,6,6,"[9884, 4096]",77.21875,"[8192, 4096]",64.0,[466 451 544 627 468 391 669 471 513 279 671 424 699 630 396 493],[635 639 482 745 807 718 669 418 602 548 642 616 540 666 503 654]
backward,7,7,"[7445, 4096]",58.1640625,"[8192, 4096]",64.0,[588 637 443 479 558 424 418 354 554 362 613 520 547 750 503 442],[483 450 456 588 437 520 471 354 498 483 442 460 442 405 495 461]
backward,8,8,"[8054, 4096]",62.921875,"[8192, 4096]",64.0,[624 593 446 624 504 480 602 498 482 437 456 440 532 577 421 476],[543 524 464 512 452 448 513 554 482 528 482 504 546 518 512 472]
backward,9,9,"[5282, 4096]",41.265625,"[8192, 4096]",64.0,[658 606 471 635 431 432 548 483 528 364 572 504 503 575 418 464],[336 405 385 268 246 231 279 362 437 364 348 276 441 372 329 203]
backward,10,10,"[9154, 4096]",71.515625,"[8192, 4096]",64.0,[568 479 518 567 477 326 642 442 482 348 686 486 705 507 427 532],[547 479 556 506 674 491 671 613 456 572 686 638 424 417 679 745]
backward,11,11,"[7781, 4096]",60.7890625,"[8192, 4096]",64.0,[494 476 416 696 398 327 616 460 504 276 638 509 786 594 425 577],[458 486 501 479 366 475 424 520 440 504 486 509 491 471 599 572]
backward,12,12,"[9790, 4096]",76.484375,"[8192, 4096]",64.0,[648 637 355 606 444 456 540 442 546 441 424 491 591 694 467 410],[668 529 599 671 503 620 699 547 532 503 705 786 591 526 641 670]
backward,13,13,"[9312, 4096]",72.75,"[8192, 4096]",64.0,[607 586 503 600 421 467 666 405 518 372 417 471 526 648 527 458],[492 563 587 436 621 544 630 750 577 575 507 594 694 648 558 536]
backward,14,14,"[7131, 4096]",55.7109375,"[8192, 4096]",64.0,[531 634 424 567 522 364 503 495 512 329 679 599 641 558 440 394],[579 425 432 415 387 480 396 503 421 418 427 425 467 527 440 389]
backward,15,15,"[8218, 4096]",64.203125,"[8192, 4096]",64.0,[444 497 658 627 448 335 654 461 472 203 745 572 670 536 389 481],[512 454 567 654 666 638 493 442 476 464 532 577 410 458 394 481]
forward,0,0,"[8192, 4096]",64.0,"[9495, 4096]",74.1796875,[607 504 682 544 603 500 543 535 669 573 728 652 575 545 570 665],[607 412 707 640 412 422 653 520 458 178 604 373 560 451 505 690]
forward,1,1,"[8192, 4096]",64.0,"[8063, 4096]",62.9921875,[412 449 532 449 659 514 567 452 546 445 652 540 381 434 454 577],[504 449 528 537 399 418 800 636 486 262 583 411 640 472 516 551]
forward,2,2,"[8192, 4096]",64.0,"[8049, 4096]",62.8828125,[707 528 387 629 477 475 486 450 459 529 421 387 471 564 614 465],[682 532 387 687 366 500 723 523 413 272 487 451 646 538 395 590]
forward,3,3,"[8192, 4096]",64.0,"[9786, 4096]",76.453125,[640 537 687 656 491 609 539 643 667 621 576 683 629 640 596 572],[544 449 629 656 333 419 784 584 489 203 611 385 665 417 418 606]
forward,4,4,"[8192, 4096]",64.0,"[6442, 4096]",50.328125,[412 399 366 333 512 353 396 389 396 395 449 450 374 372 430 416],[603 659 477 491 512 390 519 435 459 390 525 573 627 551 420 561]
forward,5,5,"[8192, 4096]",64.0,"[6189, 4096]",48.3515625,[422 418 500 419 390 345 397 434 392 374 236 327 356 410 380 389],[500 514 475 609 353 345 821 506 443 306 660 502 707 518 345 588]
forward,6,6,"[8192, 4096]",64.0,"[10926, 4096]",85.359375,[653 800 723 784 519 821 649 805 630 712 342 401 841 869 714 663],[543 567 486 539 396 397 649 516 448 336 628 446 573 584 546 538]
forward,7,7,"[8192, 4096]",64.0,"[8030, 4096]",62.734375,[520 636 523 584 435 506 516 524 473 528 362 378 569 513 494 469],[535 452 450 643 389 434 805 524 531 246 617 404 602 591 448 521]
forward,8,8,"[8192, 4096]",64.0,"[7824, 4096]",61.125,[458 486 413 489 459 443 448 531 502 494 582 550 509 473 515 472],[669 546 459 667 396 392 630 473 502 359 517 450 607 552 457 516]
forward,9,9,"[8192, 4096]",64.0,"[4788, 4096]",37.40625,[178 262 272 203 390 306 336 246 359 288 387 352 243 271 326 369],[573 445 529 621 395 374 712 528 494 288 565 409 601 590 480 588]
forward,10,10,"[8192, 4096]",64.0,"[9093, 4096]",71.0390625,[604 583 487 611 525 660 628 617 517 565 522 613 618 511 621 411],[728 652 421 576 449 236 342 362 582 387 522 675 679 673 376 532]
forward,11,11,"[8192, 4096]",64.0,"[7397, 4096]",57.7890625,[373 411 451 385 573 502 446 404 450 409 675 558 433 399 440 488],[652 540 387 683 450 327 401 378 550 352 613 558 630 769 355 547]
forward,12,12,"[8192, 4096]",64.0,"[10252, 4096]",80.09375,[560 640 646 665 627 707 573 602 607 601 679 630 754 630 732 599],[575 381 471 629 374 356 841 569 509 243 618 433 754 433 378 628]
forward,13,13,"[8192, 4096]",64.0,"[8670, 4096]",67.734375,[451 472 538 417 551 518 584 591 552 590 673 769 433 471 470 590],[545 434 564 640 372 410 869 513 473 271 511 399 630 471 444 646]
forward,14,14,"[8192, 4096]",64.0,"[6905, 4096]",53.9453125,[505 516 395 418 420 345 546 448 457 480 376 355 378 444 366 456],[570 454 614 596 430 380 714 494 515 326 621 440 732 470 366 470]
forward,15,15,"[8192, 4096]",64.0,"[9163, 4096]",71.5859375,[690 551 590 606 561 588 538 521 516 588 532 547 628 646 470 591],[665 577 465 572 416 389 663 469 472 369 411 488 599 590 456 591]
forward,0,0,[8192],0.015625,[9495],0.018110275268554688,[607 504 682 544 603 500 543 535 669 573 728 652 575 545 570 665],[607 412 707 640 412 422 653 520 458 178 604 373 560 451 505 690]
forward,1,1,[8192],0.015625,[8063],0.015378952026367188,[412 449 532 449 659 514 567 452 546 445 652 540 381 434 454 577],[504 449 528 537 399 418 800 636 486 262 583 411 640 472 516 551]
forward,2,2,[8192],0.015625,[8049],0.015352249145507812,[707 528 387 629 477 475 486 450 459 529 421 387 471 564 614 465],[682 532 387 687 366 500 723 523 413 272 487 451 646 538 395 590]
forward,3,3,[8192],0.015625,[9786],0.018665313720703125,[640 537 687 656 491 609 539 643 667 621 576 683 629 640 596 572],[544 449 629 656 333 419 784 584 489 203 611 385 665 417 418 606]
forward,4,4,[8192],0.015625,[6442],0.012287139892578125,[412 399 366 333 512 353 396 389 396 395 449 450 374 372 430 416],[603 659 477 491 512 390 519 435 459 390 525 573 627 551 420 561]
forward,5,5,[8192],0.015625,[6189],0.011804580688476562,[422 418 500 419 390 345 397 434 392 374 236 327 356 410 380 389],[500 514 475 609 353 345 821 506 443 306 660 502 707 518 345 588]
forward,6,6,[8192],0.015625,[10926],0.020839691162109375,[653 800 723 784 519 821 649 805 630 712 342 401 841 869 714 663],[543 567 486 539 396 397 649 516 448 336 628 446 573 584 546 538]
forward,7,7,[8192],0.015625,[8030],0.015316009521484375,[520 636 523 584 435 506 516 524 473 528 362 378 569 513 494 469],[535 452 450 643 389 434 805 524 531 246 617 404 602 591 448 521]
forward,8,8,[8192],0.015625,[7824],0.014923095703125,[458 486 413 489 459 443 448 531 502 494 582 550 509 473 515 472],[669 546 459 667 396 392 630 473 502 359 517 450 607 552 457 516]
forward,9,9,[8192],0.015625,[4788],0.00913238525390625,[178 262 272 203 390 306 336 246 359 288 387 352 243 271 326 369],[573 445 529 621 395 374 712 528 494 288 565 409 601 590 480 588]
forward,10,10,[8192],0.015625,[9093],0.017343521118164062,[604 583 487 611 525 660 628 617 517 565 522 613 618 511 621 411],[728 652 421 576 449 236 342 362 582 387 522 675 679 673 376 532]
forward,11,11,[8192],0.015625,[7397],0.014108657836914062,[373 411 451 385 573 502 446 404 450 409 675 558 433 399 440 488],[652 540 387 683 450 327 401 378 550 352 613 558 630 769 355 547]
forward,12,12,[8192],0.015625,[10252],0.01955413818359375,[560 640 646 665 627 707 573 602 607 601 679 630 754 630 732 599],[575 381 471 629 374 356 841 569 509 243 618 433 754 433 378 628]
forward,13,13,[8192],0.015625,[8670],0.016536712646484375,[451 472 538 417 551 518 584 591 552 590 673 769 433 471 470 590],[545 434 564 640 372 410 869 513 473 271 511 399 630 471 444 646]
forward,14,14,[8192],0.015625,[6905],0.013170242309570312,[505 516 395 418 420 345 546 448 457 480 376 355 378 444 366 456],[570 454 614 596 430 380 714 494 515 326 621 440 732 470 366 470]
forward,15,15,[8192],0.015625,[9163],0.017477035522460938,[690 551 590 606 561 588 538 521 516 588 532 547 628 646 470 591],[665 577 465 572 416 389 663 469 472 369 411 488 599 590 456 591]
forward,0,0,"[9495, 4096]",74.1796875,"[8192, 4096]",64.0,[607 412 707 640 412 422 653 520 458 178 604 373 560 451 505 690],[607 504 682 544 603 500 543 535 669 573 728 652 575 545 570 665]
forward,1,1,"[8063, 4096]",62.9921875,"[8192, 4096]",64.0,[504 449 528 537 399 418 800 636 486 262 583 411 640 472 516 551],[412 449 532 449 659 514 567 452 546 445 652 540 381 434 454 577]
forward,2,2,"[8049, 4096]",62.8828125,"[8192, 4096]",64.0,[682 532 387 687 366 500 723 523 413 272 487 451 646 538 395 590],[707 528 387 629 477 475 486 450 459 529 421 387 471 564 614 465]
forward,3,3,"[9786, 4096]",76.453125,"[8192, 4096]",64.0,[544 449 629 656 333 419 784 584 489 203 611 385 665 417 418 606],[640 537 687 656 491 609 539 643 667 621 576 683 629 640 596 572]
forward,4,4,"[6442, 4096]",50.328125,"[8192, 4096]",64.0,[603 659 477 491 512 390 519 435 459 390 525 573 627 551 420 561],[412 399 366 333 512 353 396 389 396 395 449 450 374 372 430 416]
forward,5,5,"[6189, 4096]",48.3515625,"[8192, 4096]",64.0,[500 514 475 609 353 345 821 506 443 306 660 502 707 518 345 588],[422 418 500 419 390 345 397 434 392 374 236 327 356 410 380 389]
forward,6,6,"[10926, 4096]",85.359375,"[8192, 4096]",64.0,[543 567 486 539 396 397 649 516 448 336 628 446 573 584 546 538],[653 800 723 784 519 821 649 805 630 712 342 401 841 869 714 663]
forward,7,7,"[8030, 4096]",62.734375,"[8192, 4096]",64.0,[535 452 450 643 389 434 805 524 531 246 617 404 602 591 448 521],[520 636 523 584 435 506 516 524 473 528 362 378 569 513 494 469]
forward,8,8,"[7824, 4096]",61.125,"[8192, 4096]",64.0,[669 546 459 667 396 392 630 473 502 359 517 450 607 552 457 516],[458 486 413 489 459 443 448 531 502 494 582 550 509 473 515 472]
forward,9,9,"[4788, 4096]",37.40625,"[8192, 4096]",64.0,[573 445 529 621 395 374 712 528 494 288 565 409 601 590 480 588],[178 262 272 203 390 306 336 246 359 288 387 352 243 271 326 369]
forward,10,10,"[9093, 4096]",71.0390625,"[8192, 4096]",64.0,[728 652 421 576 449 236 342 362 582 387 522 675 679 673 376 532],[604 583 487 611 525 660 628 617 517 565 522 613 618 511 621 411]
forward,11,11,"[7397, 4096]",57.7890625,"[8192, 4096]",64.0,[652 540 387 683 450 327 401 378 550 352 613 558 630 769 355 547],[373 411 451 385 573 502 446 404 450 409 675 558 433 399 440 488]
forward,12,12,"[10252, 4096]",80.09375,"[8192, 4096]",64.0,[575 381 471 629 374 356 841 569 509 243 618 433 754 433 378 628],[560 640 646 665 627 707 573 602 607 601 679 630 754 630 732 599]
forward,13,13,"[8670, 4096]",67.734375,"[8192, 4096]",64.0,[545 434 564 640 372 410 869 513 473 271 511 399 630 471 444 646],[451 472 538 417 551 518 584 591 552 590 673 769 433 471 470 590]
forward,14,14,"[6905, 4096]",53.9453125,"[8192, 4096]",64.0,[570 454 614 596 430 380 714 494 515 326 621 440 732 470 366 470],[505 516 395 418 420 345 546 448 457 480 376 355 378 444 366 456]
forward,15,15,"[9163, 4096]",71.5859375,"[8192, 4096]",64.0,[665 577 465 572 416 389 663 469 472 369 411 488 599 590 456 591],[690 551 590 606 561 588 538 521 516 588 532 547 628 646 470 591]
forward,0,0,"[8192, 4096]",64.0,"[9456, 4096]",73.875,[612 567 672 593 636 598 637 579 552 590 617 546 567 591 511 588],[612 410 578 474 674 802 124 483 755 566 589 340 479 474 602 230]
forward,1,1,"[8192, 4096]",64.0,"[8669, 4096]",67.7265625,[410 554 508 497 632 475 594 466 614 569 723 535 484 521 489 598],[567 554 473 469 481 673 180 661 685 648 664 426 361 572 554 224]
forward,2,2,"[8192, 4096]",64.0,"[8889, 4096]",69.4453125,[578 473 592 591 468 648 602 551 501 473 420 723 570 573 631 495],[672 508 592 534 535 718 214 537 592 560 358 346 421 734 575 296]
forward,3,3,"[8192, 4096]",64.0,"[8074, 4096]",63.078125,[474 469 534 444 622 570 481 505 493 471 583 467 558 425 486 492],[593 497 591 444 585 811 125 623 709 629 609 419 345 531 484 197]
forward,4,4,"[8192, 4096]",64.0,"[7394, 4096]",57.765625,[674 481 535 585 318 476 509 522 489 605  88 217 567 526 414 388],[636 632 468 622 318 547 294 642 488 475 540 501 609 492 543 385]
forward,5,5,"[8192, 4096]",64.0,"[10643, 4096]",83.1484375,[802 673 718 811 547 681 677 573 638 734 445 475 789 808 616 656],[598 475 648 570 476 681 196 546 521 638 523 450 523 535 493 319]
forward,6,6,"[8192, 4096]",64.0,"[2682, 4096]",20.953125,[124 180 214 125 294 196 207 179 160 105 130 121 174 149 157 167],[637 594 602 481 509 677 207 561 595 566 593 335 358 624 547 306]
forward,7,7,"[8192, 4096]",64.0,"[9699, 4096]",75.7734375,[483 661 537 623 642 546 561 636 675 524 724 641 569 543 679 655],[579 466 551 505 522 573 179 636 579 668 582 450 410 628 588 276]
forward,8,8,"[8192, 4096]",64.0,"[9318, 4096]",72.796875,[755 685 592 709 488 521 595 579 551 664 357 336 659 666 628 533],[552 614 501 493 489 638 160 675 551 677 470 410 399 541 660 362]
forward,9,9,"[8192, 4096]",64.0,"[9747, 4096]",76.1484375,[566 648 560 629 475 638 566 668 677 637 624 686 590 589 635 559],[590 569 473 471 605 734 105 524 664 637 545 403 372 583 682 235]
forward,10,10,"[8192, 4096]",64.0,"[8489, 4096]",66.3203125,[589 664 358 609 540 523 593 582 470 545 439 450 627 514 603 383],[617 723 420 583  88 445 130 724 357 624 439 787 839 318 614 484]
forward,11,11,"[8192, 4096]",64.0,"[7511, 4096]",58.6796875,[340 426 346 419 501 450 335 450 410 403 787 741 372 464 539 528],[546 535 723 467 217 475 121 641 336 686 450 741 806 387 626 435]
forward,12,12,"[8192, 4096]",64.0,"[7796, 4096]",60.90625,[479 361 421 345 609 523 358 410 399 372 839 806 407 397 566 504],[567 484 570 558 567 789 174 569 659 590 627 372 407 562 462 235]
forward,13,13,"[8192, 4096]",64.0,"[8668, 4096]",67.71875,[474 572 734 531 492 535 624 628 541 583 318 387 562 587 556 544],[591 521 573 425 526 808 149 543 666 589 514 464 397 587 577 262]
forward,14,14,"[8192, 4096]",64.0,"[9092, 4096]",71.03125,[602 554 575 484 543 493 547 588 660 682 614 626 462 577 397 688],[511 489 631 486 414 616 157 679 628 635 603 539 566 556 397 285]
forward,15,15,"[8192, 4096]",64.0,"[4945, 4096]",38.6328125,[230 224 296 197 385 319 306 276 362 235 484 435 235 262 285 414],[588 598 495 492 388 656 167 655 533 559 383 528 504 544 688 414]
forward,0,0,[8192],0.015625,[9456],0.018035888671875,[612 567 672 593 636 598 637 579 552 590 617 546 567 591 511 588],[612 410 578 474 674 802 124 483 755 566 589 340 479 474 602 230]
forward,1,1,[8192],0.015625,[8669],0.016534805297851562,[410 554 508 497 632 475 594 466 614 569 723 535 484 521 489 598],[567 554 473 469 481 673 180 661 685 648 664 426 361 572 554 224]
forward,2,2,[8192],0.015625,[8889],0.016954421997070312,[578 473 592 591 468 648 602 551 501 473 420 723 570 573 631 495],[672 508 592 534 535 718 214 537 592 560 358 346 421 734 575 296]
forward,3,3,[8192],0.015625,[8074],0.015399932861328125,[474 469 534 444 622 570 481 505 493 471 583 467 558 425 486 492],[593 497 591 444 585 811 125 623 709 629 609 419 345 531 484 197]
forward,4,4,[8192],0.015625,[7394],0.014102935791015625,[674 481 535 585 318 476 509 522 489 605  88 217 567 526 414 388],[636 632 468 622 318 547 294 642 488 475 540 501 609 492 543 385]
forward,5,5,[8192],0.015625,[10643],0.020299911499023438,[802 673 718 811 547 681 677 573 638 734 445 475 789 808 616 656],[598 475 648 570 476 681 196 546 521 638 523 450 523 535 493 319]
forward,6,6,[8192],0.015625,[2682],0.005115509033203125,[124 180 214 125 294 196 207 179 160 105 130 121 174 149 157 167],[637 594 602 481 509 677 207 561 595 566 593 335 358 624 547 306]
forward,7,7,[8192],0.015625,[9699],0.018499374389648438,[483 661 537 623 642 546 561 636 675 524 724 641 569 543 679 655],[579 466 551 505 522 573 179 636 579 668 582 450 410 628 588 276]
forward,8,8,[8192],0.015625,[9318],0.017772674560546875,[755 685 592 709 488 521 595 579 551 664 357 336 659 666 628 533],[552 614 501 493 489 638 160 675 551 677 470 410 399 541 660 362]
forward,9,9,[8192],0.015625,[9747],0.018590927124023438,[566 648 560 629 475 638 566 668 677 637 624 686 590 589 635 559],[590 569 473 471 605 734 105 524 664 637 545 403 372 583 682 235]
forward,10,10,[8192],0.015625,[8489],0.016191482543945312,[589 664 358 609 540 523 593 582 470 545 439 450 627 514 603 383],[617 723 420 583  88 445 130 724 357 624 439 787 839 318 614 484]
forward,11,11,[8192],0.015625,[7511],0.014326095581054688,[340 426 346 419 501 450 335 450 410 403 787 741 372 464 539 528],[546 535 723 467 217 475 121 641 336 686 450 741 806 387 626 435]
forward,12,12,[8192],0.015625,[7796],0.01486968994140625,[479 361 421 345 609 523 358 410 399 372 839 806 407 397 566 504],[567 484 570 558 567 789 174 569 659 590 627 372 407 562 462 235]
forward,13,13,[8192],0.015625,[8668],0.01653289794921875,[474 572 734 531 492 535 624 628 541 583 318 387 562 587 556 544],[591 521 573 425 526 808 149 543 666 589 514 464 397 587 577 262]
forward,14,14,[8192],0.015625,[9092],0.01734161376953125,[602 554 575 484 543 493 547 588 660 682 614 626 462 577 397 688],[511 489 631 486 414 616 157 679 628 635 603 539 566 556 397 285]
forward,15,15,[8192],0.015625,[4945],0.009431838989257812,[230 224 296 197 385 319 306 276 362 235 484 435 235 262 285 414],[588 598 495 492 388 656 167 655 533 559 383 528 504 544 688 414]
forward,0,0,"[9456, 4096]",73.875,"[8192, 4096]",64.0,[612 410 578 474 674 802 124 483 755 566 589 340 479 474 602 230],[612 567 672 593 636 598 637 579 552 590 617 546 567 591 511 588]
forward,1,1,"[8669, 4096]",67.7265625,"[8192, 4096]",64.0,[567 554 473 469 481 673 180 661 685 648 664 426 361 572 554 224],[410 554 508 497 632 475 594 466 614 569 723 535 484 521 489 598]
forward,2,2,"[8889, 4096]",69.4453125,"[8192, 4096]",64.0,[672 508 592 534 535 718 214 537 592 560 358 346 421 734 575 296],[578 473 592 591 468 648 602 551 501 473 420 723 570 573 631 495]
forward,3,3,"[8074, 4096]",63.078125,"[8192, 4096]",64.0,[593 497 591 444 585 811 125 623 709 629 609 419 345 531 484 197],[474 469 534 444 622 570 481 505 493 471 583 467 558 425 486 492]
forward,4,4,"[7394, 4096]",57.765625,"[8192, 4096]",64.0,[636 632 468 622 318 547 294 642 488 475 540 501 609 492 543 385],[674 481 535 585 318 476 509 522 489 605  88 217 567 526 414 388]
forward,5,5,"[10643, 4096]",83.1484375,"[8192, 4096]",64.0,[598 475 648 570 476 681 196 546 521 638 523 450 523 535 493 319],[802 673 718 811 547 681 677 573 638 734 445 475 789 808 616 656]
forward,6,6,"[2682, 4096]",20.953125,"[8192, 4096]",64.0,[637 594 602 481 509 677 207 561 595 566 593 335 358 624 547 306],[124 180 214 125 294 196 207 179 160 105 130 121 174 149 157 167]
forward,7,7,"[9699, 4096]",75.7734375,"[8192, 4096]",64.0,[579 466 551 505 522 573 179 636 579 668 582 450 410 628 588 276],[483 661 537 623 642 546 561 636 675 524 724 641 569 543 679 655]
forward,8,8,"[9318, 4096]",72.796875,"[8192, 4096]",64.0,[552 614 501 493 489 638 160 675 551 677 470 410 399 541 660 362],[755 685 592 709 488 521 595 579 551 664 357 336 659 666 628 533]
forward,9,9,"[9747, 4096]",76.1484375,"[8192, 4096]",64.0,[590 569 473 471 605 734 105 524 664 637 545 403 372 583 682 235],[566 648 560 629 475 638 566 668 677 637 624 686 590 589 635 559]
forward,10,10,"[8489, 4096]",66.3203125,"[8192, 4096]",64.0,[617 723 420 583  88 445 130 724 357 624 439 787 839 318 614 484],[589 664 358 609 540 523 593 582 470 545 439 450 627 514 603 383]
forward,11,11,"[7511, 4096]",58.6796875,"[8192, 4096]",64.0,[546 535 723 467 217 475 121 641 336 686 450 741 806 387 626 435],[340 426 346 419 501 450 335 450 410 403 787 741 372 464 539 528]
forward,12,12,"[7796, 4096]",60.90625,"[8192, 4096]",64.0,[567 484 570 558 567 789 174 569 659 590 627 372 407 562 462 235],[479 361 421 345 609 523 358 410 399 372 839 806 407 397 566 504]
forward,13,13,"[8668, 4096]",67.71875,"[8192, 4096]",64.0,[591 521 573 425 526 808 149 543 666 589 514 464 397 587 577 262],[474 572 734 531 492 535 624 628 541 583 318 387 562 587 556 544]
forward,14,14,"[9092, 4096]",71.03125,"[8192, 4096]",64.0,[511 489 631 486 414 616 157 679 628 635 603 539 566 556 397 285],[602 554 575 484 543 493 547 588 660 682 614 626 462 577 397 688]
forward,15,15,"[4945, 4096]",38.6328125,"[8192, 4096]",64.0,[588 598 495 492 388 656 167 655 533 559 383 528 504 544 688 414],[230 224 296 197 385 319 306 276 362 235 484 435 235 262 285 414]
forward,0,0,"[8192, 4096]",64.0,"[10882, 4096]",85.015625,[761 770 544 756 586 610 631 672 705 730 728 700 726 734 681 548],"[ 761  584  651  615 1131   55  507  124 1109  499  128  316   48  397
  667  600]"
forward,1,1,"[8192, 4096]",64.0,"[8578, 4096]",67.015625,[584 610 440 572 737 662 525 488 403 384 448 413 709 505 725 373],[770 610 672 676 974 107 672 158 825 475 135 272  39 397 718 692]
forward,2,2,"[8192, 4096]",64.0,"[9832, 4096]",76.8125,[651 672 621 620 419 439 698 616 758 824 552 506 541 771 439 705],[544 440 621 720 788  27 688 155 741 622 266 548  45 534 792 661]
forward,3,3,"[8192, 4096]",64.0,"[10774, 4096]",84.171875,[615 676 720 657 745 676 675 758 686 667 636 619 644 622 654 724],"[ 756  572  620  657 1101   96  641  147  889  470  140  291   34  411
  767  600]"
forward,4,4,"[8192, 4096]",64.0,"[13326, 4096]",104.109375,"[1131  974  788 1101  538  778  919  823  821  982  438  467 1006 1032
  837  691]",[586 737 419 745 538 193 496 225 667 697 214 434 104 770 665 702]
forward,5,5,"[8192, 4096]",64.0,"[1260, 4096]",9.84375,[ 55 107  27  96 193  61  58  67  57  39 129  81 108  41  91  50],[610 662 439 676 778  61 729 174 664 582 243 496  74 548 820 636]
forward,6,6,"[8192, 4096]",64.0,"[9673, 4096]",75.5703125,[507 672 688 641 496 729 644 584 630 617 282 481 714 709 677 602],[631 525 698 675 919  58 644 227 730 511 174 368  73 515 741 703]
forward,7,7,"[8192, 4096]",64.0,"[3051, 4096]",23.8359375,[124 158 155 147 225 174 227 120 236 135 391 300 155 106 175 223],[672 488 616 758 823  67 584 120 798 487 197 511  44 510 821 696]
forward,8,8,"[8192, 4096]",64.0,"[12151, 4096]",94.9296875,"[1109  825  741  889  667  664  730  798  703  885  580  556  678  884
  639  803]",[705 403 758 686 821  57 630 236 703 561 186 375  33 549 767 722]
forward,9,9,"[8192, 4096]",64.0,"[8625, 4096]",67.3828125,[499 475 622 470 697 582 511 487 561 514 539 474 525 539 565 565],[730 384 824 667 982  39 617 135 885 514 157 345  34 408 712 759]
forward,10,10,"[8192, 4096]",64.0,"[3531, 4096]",27.5859375,[128 135 266 140 214 243 174 197 186 157 459 483 158 152 158 281],[728 448 552 636 438 129 282 391 580 539 459 503 145 828 614 920]
forward,11,11,"[8192, 4096]",64.0,"[6665, 4096]",52.0703125,[316 272 548 291 434 496 368 511 375 345 503 578 397 315 441 475],[700 413 506 619 467  81 481 300 556 474 483 578 126 669 894 845]
forward,12,12,"[8192, 4096]",64.0,"[1018, 4096]",7.953125,[ 48  39  45  34 104  74  73  44  33  34 145 126  72  35  61  51],"[ 726  709  541  644 1006  108  714  155  678  525  158  397   72  417
  726  616]"
forward,13,13,"[8192, 4096]",64.0,"[8507, 4096]",66.4609375,[397 397 534 411 770 548 515 510 549 408 828 669 417 413 522 619],"[ 734  505  771  622 1032   41  709  106  884  539  152  315   35  413
  709  625]"
forward,14,14,"[8192, 4096]",64.0,"[11998, 4096]",93.734375,[667 718 792 767 665 820 741 821 767 712 614 894 726 709 868 717],[681 725 439 654 837  91 677 175 639 565 158 441  61 522 868 659]
forward,15,15,"[8192, 4096]",64.0,"[11201, 4096]",87.5078125,[600 692 661 600 702 636 703 696 722 759 920 845 616 625 659 765],[548 373 705 724 691  50 602 223 803 565 281 475  51 619 717 765]
forward,0,0,[8192],0.015625,[10882],0.020755767822265625,[761 770 544 756 586 610 631 672 705 730 728 700 726 734 681 548],"[ 761  584  651  615 1131   55  507  124 1109  499  128  316   48  397
  667  600]"
forward,1,1,[8192],0.015625,[8578],0.016361236572265625,[584 610 440 572 737 662 525 488 403 384 448 413 709 505 725 373],[770 610 672 676 974 107 672 158 825 475 135 272  39 397 718 692]
forward,2,2,[8192],0.015625,[9832],0.0187530517578125,[651 672 621 620 419 439 698 616 758 824 552 506 541 771 439 705],[544 440 621 720 788  27 688 155 741 622 266 548  45 534 792 661]
forward,3,3,[8192],0.015625,[10774],0.020549774169921875,[615 676 720 657 745 676 675 758 686 667 636 619 644 622 654 724],"[ 756  572  620  657 1101   96  641  147  889  470  140  291   34  411
  767  600]"
forward,4,4,[8192],0.015625,[13326],0.025417327880859375,"[1131  974  788 1101  538  778  919  823  821  982  438  467 1006 1032
  837  691]",[586 737 419 745 538 193 496 225 667 697 214 434 104 770 665 702]
forward,5,5,[8192],0.015625,[1260],0.00240325927734375,[ 55 107  27  96 193  61  58  67  57  39 129  81 108  41  91  50],[610 662 439 676 778  61 729 174 664 582 243 496  74 548 820 636]
forward,6,6,[8192],0.015625,[9673],0.018449783325195312,[507 672 688 641 496 729 644 584 630 617 282 481 714 709 677 602],[631 525 698 675 919  58 644 227 730 511 174 368  73 515 741 703]
forward,7,7,[8192],0.015625,[3051],0.0058193206787109375,[124 158 155 147 225 174 227 120 236 135 391 300 155 106 175 223],[672 488 616 758 823  67 584 120 798 487 197 511  44 510 821 696]
forward,8,8,[8192],0.015625,[12151],0.023176193237304688,"[1109  825  741  889  667  664  730  798  703  885  580  556  678  884
  639  803]",[705 403 758 686 821  57 630 236 703 561 186 375  33 549 767 722]
forward,9,9,[8192],0.015625,[8625],0.016450881958007812,[499 475 622 470 697 582 511 487 561 514 539 474 525 539 565 565],[730 384 824 667 982  39 617 135 885 514 157 345  34 408 712 759]
forward,10,10,[8192],0.015625,[3531],0.0067348480224609375,[128 135 266 140 214 243 174 197 186 157 459 483 158 152 158 281],[728 448 552 636 438 129 282 391 580 539 459 503 145 828 614 920]
forward,11,11,[8192],0.015625,[6665],0.012712478637695312,[316 272 548 291 434 496 368 511 375 345 503 578 397 315 441 475],[700 413 506 619 467  81 481 300 556 474 483 578 126 669 894 845]
forward,12,12,[8192],0.015625,[1018],0.001941680908203125,[ 48  39  45  34 104  74  73  44  33  34 145 126  72  35  61  51],"[ 726  709  541  644 1006  108  714  155  678  525  158  397   72  417
  726  616]"
forward,13,13,[8192],0.015625,[8507],0.016225814819335938,[397 397 534 411 770 548 515 510 549 408 828 669 417 413 522 619],"[ 734  505  771  622 1032   41  709  106  884  539  152  315   35  413
  709  625]"
forward,14,14,[8192],0.015625,[11998],0.022884368896484375,[667 718 792 767 665 820 741 821 767 712 614 894 726 709 868 717],[681 725 439 654 837  91 677 175 639 565 158 441  61 522 868 659]
forward,15,15,[8192],0.015625,[11201],0.021364212036132812,[600 692 661 600 702 636 703 696 722 759 920 845 616 625 659 765],[548 373 705 724 691  50 602 223 803 565 281 475  51 619 717 765]
forward,0,0,"[10882, 4096]",85.015625,"[8192, 4096]",64.0,"[ 761  584  651  615 1131   55  507  124 1109  499  128  316   48  397
  667  600]",[761 770 544 756 586 610 631 672 705 730 728 700 726 734 681 548]
forward,1,1,"[8578, 4096]",67.015625,"[8192, 4096]",64.0,[770 610 672 676 974 107 672 158 825 475 135 272  39 397 718 692],[584 610 440 572 737 662 525 488 403 384 448 413 709 505 725 373]
forward,2,2,"[9832, 4096]",76.8125,"[8192, 4096]",64.0,[544 440 621 720 788  27 688 155 741 622 266 548  45 534 792 661],[651 672 621 620 419 439 698 616 758 824 552 506 541 771 439 705]
forward,3,3,"[10774, 4096]",84.171875,"[8192, 4096]",64.0,"[ 756  572  620  657 1101   96  641  147  889  470  140  291   34  411
  767  600]",[615 676 720 657 745 676 675 758 686 667 636 619 644 622 654 724]
forward,4,4,"[13326, 4096]",104.109375,"[8192, 4096]",64.0,[586 737 419 745 538 193 496 225 667 697 214 434 104 770 665 702],"[1131  974  788 1101  538  778  919  823  821  982  438  467 1006 1032
  837  691]"
forward,5,5,"[1260, 4096]",9.84375,"[8192, 4096]",64.0,[610 662 439 676 778  61 729 174 664 582 243 496  74 548 820 636],[ 55 107  27  96 193  61  58  67  57  39 129  81 108  41  91  50]
forward,6,6,"[9673, 4096]",75.5703125,"[8192, 4096]",64.0,[631 525 698 675 919  58 644 227 730 511 174 368  73 515 741 703],[507 672 688 641 496 729 644 584 630 617 282 481 714 709 677 602]
forward,7,7,"[3051, 4096]",23.8359375,"[8192, 4096]",64.0,[672 488 616 758 823  67 584 120 798 487 197 511  44 510 821 696],[124 158 155 147 225 174 227 120 236 135 391 300 155 106 175 223]
forward,8,8,"[12151, 4096]",94.9296875,"[8192, 4096]",64.0,[705 403 758 686 821  57 630 236 703 561 186 375  33 549 767 722],"[1109  825  741  889  667  664  730  798  703  885  580  556  678  884
  639  803]"
forward,9,9,"[8625, 4096]",67.3828125,"[8192, 4096]",64.0,[730 384 824 667 982  39 617 135 885 514 157 345  34 408 712 759],[499 475 622 470 697 582 511 487 561 514 539 474 525 539 565 565]
forward,10,10,"[3531, 4096]",27.5859375,"[8192, 4096]",64.0,[728 448 552 636 438 129 282 391 580 539 459 503 145 828 614 920],[128 135 266 140 214 243 174 197 186 157 459 483 158 152 158 281]
forward,11,11,"[6665, 4096]",52.0703125,"[8192, 4096]",64.0,[700 413 506 619 467  81 481 300 556 474 483 578 126 669 894 845],[316 272 548 291 434 496 368 511 375 345 503 578 397 315 441 475]
forward,12,12,"[1018, 4096]",7.953125,"[8192, 4096]",64.0,"[ 726  709  541  644 1006  108  714  155  678  525  158  397   72  417
  726  616]",[ 48  39  45  34 104  74  73  44  33  34 145 126  72  35  61  51]
forward,13,13,"[8507, 4096]",66.4609375,"[8192, 4096]",64.0,"[ 734  505  771  622 1032   41  709  106  884  539  152  315   35  413
  709  625]",[397 397 534 411 770 548 515 510 549 408 828 669 417 413 522 619]
forward,14,14,"[11998, 4096]",93.734375,"[8192, 4096]",64.0,[681 725 439 654 837  91 677 175 639 565 158 441  61 522 868 659],[667 718 792 767 665 820 741 821 767 712 614 894 726 709 868 717]
forward,15,15,"[11201, 4096]",87.5078125,"[8192, 4096]",64.0,[548 373 705 724 691  50 602 223 803 565 281 475  51 619 717 765],[600 692 661 600 702 636 703 696 722 759 920 845 616 625 659 765]
backward,0,0,"[8192, 4096]",64.0,"[10882, 4096]",85.015625,[761 770 544 756 586 610 631 672 705 730 728 700 726 734 681 548],"[ 761  584  651  615 1131   55  507  124 1109  499  128  316   48  397
  667  600]"
backward,1,1,"[8192, 4096]",64.0,"[8578, 4096]",67.015625,[584 610 440 572 737 662 525 488 403 384 448 413 709 505 725 373],[770 610 672 676 974 107 672 158 825 475 135 272  39 397 718 692]
backward,2,2,"[8192, 4096]",64.0,"[9832, 4096]",76.8125,[651 672 621 620 419 439 698 616 758 824 552 506 541 771 439 705],[544 440 621 720 788  27 688 155 741 622 266 548  45 534 792 661]
backward,3,3,"[8192, 4096]",64.0,"[10774, 4096]",84.171875,[615 676 720 657 745 676 675 758 686 667 636 619 644 622 654 724],"[ 756  572  620  657 1101   96  641  147  889  470  140  291   34  411
  767  600]"
backward,4,4,"[8192, 4096]",64.0,"[13326, 4096]",104.109375,"[1131  974  788 1101  538  778  919  823  821  982  438  467 1006 1032
  837  691]",[586 737 419 745 538 193 496 225 667 697 214 434 104 770 665 702]
backward,5,5,"[8192, 4096]",64.0,"[1260, 4096]",9.84375,[ 55 107  27  96 193  61  58  67  57  39 129  81 108  41  91  50],[610 662 439 676 778  61 729 174 664 582 243 496  74 548 820 636]
backward,6,6,"[8192, 4096]",64.0,"[9673, 4096]",75.5703125,[507 672 688 641 496 729 644 584 630 617 282 481 714 709 677 602],[631 525 698 675 919  58 644 227 730 511 174 368  73 515 741 703]
backward,7,7,"[8192, 4096]",64.0,"[3051, 4096]",23.8359375,[124 158 155 147 225 174 227 120 236 135 391 300 155 106 175 223],[672 488 616 758 823  67 584 120 798 487 197 511  44 510 821 696]
backward,8,8,"[8192, 4096]",64.0,"[12151, 4096]",94.9296875,"[1109  825  741  889  667  664  730  798  703  885  580  556  678  884
  639  803]",[705 403 758 686 821  57 630 236 703 561 186 375  33 549 767 722]
backward,9,9,"[8192, 4096]",64.0,"[8625, 4096]",67.3828125,[499 475 622 470 697 582 511 487 561 514 539 474 525 539 565 565],[730 384 824 667 982  39 617 135 885 514 157 345  34 408 712 759]
backward,10,10,"[8192, 4096]",64.0,"[3531, 4096]",27.5859375,[128 135 266 140 214 243 174 197 186 157 459 483 158 152 158 281],[728 448 552 636 438 129 282 391 580 539 459 503 145 828 614 920]
backward,11,11,"[8192, 4096]",64.0,"[6665, 4096]",52.0703125,[316 272 548 291 434 496 368 511 375 345 503 578 397 315 441 475],[700 413 506 619 467  81 481 300 556 474 483 578 126 669 894 845]
backward,12,12,"[8192, 4096]",64.0,"[1018, 4096]",7.953125,[ 48  39  45  34 104  74  73  44  33  34 145 126  72  35  61  51],"[ 726  709  541  644 1006  108  714  155  678  525  158  397   72  417
  726  616]"
backward,13,13,"[8192, 4096]",64.0,"[8507, 4096]",66.4609375,[397 397 534 411 770 548 515 510 549 408 828 669 417 413 522 619],"[ 734  505  771  622 1032   41  709  106  884  539  152  315   35  413
  709  625]"
backward,14,14,"[8192, 4096]",64.0,"[11998, 4096]",93.734375,[667 718 792 767 665 820 741 821 767 712 614 894 726 709 868 717],[681 725 439 654 837  91 677 175 639 565 158 441  61 522 868 659]
backward,15,15,"[8192, 4096]",64.0,"[11201, 4096]",87.5078125,[600 692 661 600 702 636 703 696 722 759 920 845 616 625 659 765],[548 373 705 724 691  50 602 223 803 565 281 475  51 619 717 765]
backward,0,0,[10882],0.020755767822265625,[8192],0.015625,"[ 761  584  651  615 1131   55  507  124 1109  499  128  316   48  397
  667  600]",[761 770 544 756 586 610 631 672 705 730 728 700 726 734 681 548]
backward,1,1,[8578],0.016361236572265625,[8192],0.015625,[770 610 672 676 974 107 672 158 825 475 135 272  39 397 718 692],[584 610 440 572 737 662 525 488 403 384 448 413 709 505 725 373]
backward,2,2,[9832],0.0187530517578125,[8192],0.015625,[544 440 621 720 788  27 688 155 741 622 266 548  45 534 792 661],[651 672 621 620 419 439 698 616 758 824 552 506 541 771 439 705]
backward,3,3,[10774],0.020549774169921875,[8192],0.015625,"[ 756  572  620  657 1101   96  641  147  889  470  140  291   34  411
  767  600]",[615 676 720 657 745 676 675 758 686 667 636 619 644 622 654 724]
backward,4,4,[13326],0.025417327880859375,[8192],0.015625,[586 737 419 745 538 193 496 225 667 697 214 434 104 770 665 702],"[1131  974  788 1101  538  778  919  823  821  982  438  467 1006 1032
  837  691]"
backward,5,5,[1260],0.00240325927734375,[8192],0.015625,[610 662 439 676 778  61 729 174 664 582 243 496  74 548 820 636],[ 55 107  27  96 193  61  58  67  57  39 129  81 108  41  91  50]
backward,6,6,[9673],0.018449783325195312,[8192],0.015625,[631 525 698 675 919  58 644 227 730 511 174 368  73 515 741 703],[507 672 688 641 496 729 644 584 630 617 282 481 714 709 677 602]
backward,7,7,[3051],0.0058193206787109375,[8192],0.015625,[672 488 616 758 823  67 584 120 798 487 197 511  44 510 821 696],[124 158 155 147 225 174 227 120 236 135 391 300 155 106 175 223]
backward,8,8,[12151],0.023176193237304688,[8192],0.015625,[705 403 758 686 821  57 630 236 703 561 186 375  33 549 767 722],"[1109  825  741  889  667  664  730  798  703  885  580  556  678  884
  639  803]"
backward,9,9,[8625],0.016450881958007812,[8192],0.015625,[730 384 824 667 982  39 617 135 885 514 157 345  34 408 712 759],[499 475 622 470 697 582 511 487 561 514 539 474 525 539 565 565]
backward,10,10,[3531],0.0067348480224609375,[8192],0.015625,[728 448 552 636 438 129 282 391 580 539 459 503 145 828 614 920],[128 135 266 140 214 243 174 197 186 157 459 483 158 152 158 281]
backward,11,11,[6665],0.012712478637695312,[8192],0.015625,[700 413 506 619 467  81 481 300 556 474 483 578 126 669 894 845],[316 272 548 291 434 496 368 511 375 345 503 578 397 315 441 475]
backward,12,12,[1018],0.001941680908203125,[8192],0.015625,"[ 726  709  541  644 1006  108  714  155  678  525  158  397   72  417
  726  616]",[ 48  39  45  34 104  74  73  44  33  34 145 126  72  35  61  51]
backward,13,13,[8507],0.016225814819335938,[8192],0.015625,"[ 734  505  771  622 1032   41  709  106  884  539  152  315   35  413
  709  625]",[397 397 534 411 770 548 515 510 549 408 828 669 417 413 522 619]
backward,14,14,[11998],0.022884368896484375,[8192],0.015625,[681 725 439 654 837  91 677 175 639 565 158 441  61 522 868 659],[667 718 792 767 665 820 741 821 767 712 614 894 726 709 868 717]
backward,15,15,[11201],0.021364212036132812,[8192],0.015625,[548 373 705 724 691  50 602 223 803 565 281 475  51 619 717 765],[600 692 661 600 702 636 703 696 722 759 920 845 616 625 659 765]
backward,0,0,"[10882, 4096]",85.015625,"[8192, 4096]",64.0,"[ 761  584  651  615 1131   55  507  124 1109  499  128  316   48  397
  667  600]",[761 770 544 756 586 610 631 672 705 730 728 700 726 734 681 548]
backward,1,1,"[8578, 4096]",67.015625,"[8192, 4096]",64.0,[770 610 672 676 974 107 672 158 825 475 135 272  39 397 718 692],[584 610 440 572 737 662 525 488 403 384 448 413 709 505 725 373]
backward,2,2,"[9832, 4096]",76.8125,"[8192, 4096]",64.0,[544 440 621 720 788  27 688 155 741 622 266 548  45 534 792 661],[651 672 621 620 419 439 698 616 758 824 552 506 541 771 439 705]
backward,3,3,"[10774, 4096]",84.171875,"[8192, 4096]",64.0,"[ 756  572  620  657 1101   96  641  147  889  470  140  291   34  411
  767  600]",[615 676 720 657 745 676 675 758 686 667 636 619 644 622 654 724]
backward,4,4,"[13326, 4096]",104.109375,"[8192, 4096]",64.0,[586 737 419 745 538 193 496 225 667 697 214 434 104 770 665 702],"[1131  974  788 1101  538  778  919  823  821  982  438  467 1006 1032
  837  691]"
backward,5,5,"[1260, 4096]",9.84375,"[8192, 4096]",64.0,[610 662 439 676 778  61 729 174 664 582 243 496  74 548 820 636],[ 55 107  27  96 193  61  58  67  57  39 129  81 108  41  91  50]
backward,6,6,"[9673, 4096]",75.5703125,"[8192, 4096]",64.0,[631 525 698 675 919  58 644 227 730 511 174 368  73 515 741 703],[507 672 688 641 496 729 644 584 630 617 282 481 714 709 677 602]
backward,7,7,"[3051, 4096]",23.8359375,"[8192, 4096]",64.0,[672 488 616 758 823  67 584 120 798 487 197 511  44 510 821 696],[124 158 155 147 225 174 227 120 236 135 391 300 155 106 175 223]
backward,8,8,"[12151, 4096]",94.9296875,"[8192, 4096]",64.0,[705 403 758 686 821  57 630 236 703 561 186 375  33 549 767 722],"[1109  825  741  889  667  664  730  798  703  885  580  556  678  884
  639  803]"
backward,9,9,"[8625, 4096]",67.3828125,"[8192, 4096]",64.0,[730 384 824 667 982  39 617 135 885 514 157 345  34 408 712 759],[499 475 622 470 697 582 511 487 561 514 539 474 525 539 565 565]
backward,10,10,"[3531, 4096]",27.5859375,"[8192, 4096]",64.0,[728 448 552 636 438 129 282 391 580 539 459 503 145 828 614 920],[128 135 266 140 214 243 174 197 186 157 459 483 158 152 158 281]
backward,11,11,"[6665, 4096]",52.0703125,"[8192, 4096]",64.0,[700 413 506 619 467  81 481 300 556 474 483 578 126 669 894 845],[316 272 548 291 434 496 368 511 375 345 503 578 397 315 441 475]
backward,12,12,"[1018, 4096]",7.953125,"[8192, 4096]",64.0,"[ 726  709  541  644 1006  108  714  155  678  525  158  397   72  417
  726  616]",[ 48  39  45  34 104  74  73  44  33  34 145 126  72  35  61  51]
backward,13,13,"[8507, 4096]",66.4609375,"[8192, 4096]",64.0,"[ 734  505  771  622 1032   41  709  106  884  539  152  315   35  413
  709  625]",[397 397 534 411 770 548 515 510 549 408 828 669 417 413 522 619]
backward,14,14,"[11998, 4096]",93.734375,"[8192, 4096]",64.0,[681 725 439 654 837  91 677 175 639 565 158 441  61 522 868 659],[667 718 792 767 665 820 741 821 767 712 614 894 726 709 868 717]
backward,15,15,"[11201, 4096]",87.5078125,"[8192, 4096]",64.0,[548 373 705 724 691  50 602 223 803 565 281 475  51 619 717 765],[600 692 661 600 702 636 703 696 722 759 920 845 616 625 659 765]
backward,0,0,"[8192, 4096]",64.0,"[9456, 4096]",73.875,[612 567 672 593 636 598 637 579 552 590 617 546 567 591 511 588],[612 410 578 474 674 802 124 483 755 566 589 340 479 474 602 230]
backward,1,1,"[8192, 4096]",64.0,"[8669, 4096]",67.7265625,[410 554 508 497 632 475 594 466 614 569 723 535 484 521 489 598],[567 554 473 469 481 673 180 661 685 648 664 426 361 572 554 224]
backward,2,2,"[8192, 4096]",64.0,"[8889, 4096]",69.4453125,[578 473 592 591 468 648 602 551 501 473 420 723 570 573 631 495],[672 508 592 534 535 718 214 537 592 560 358 346 421 734 575 296]
backward,3,3,"[8192, 4096]",64.0,"[8074, 4096]",63.078125,[474 469 534 444 622 570 481 505 493 471 583 467 558 425 486 492],[593 497 591 444 585 811 125 623 709 629 609 419 345 531 484 197]
backward,4,4,"[8192, 4096]",64.0,"[7394, 4096]",57.765625,[674 481 535 585 318 476 509 522 489 605  88 217 567 526 414 388],[636 632 468 622 318 547 294 642 488 475 540 501 609 492 543 385]
backward,5,5,"[8192, 4096]",64.0,"[10643, 4096]",83.1484375,[802 673 718 811 547 681 677 573 638 734 445 475 789 808 616 656],[598 475 648 570 476 681 196 546 521 638 523 450 523 535 493 319]
backward,6,6,"[8192, 4096]",64.0,"[2682, 4096]",20.953125,[124 180 214 125 294 196 207 179 160 105 130 121 174 149 157 167],[637 594 602 481 509 677 207 561 595 566 593 335 358 624 547 306]
backward,7,7,"[8192, 4096]",64.0,"[9699, 4096]",75.7734375,[483 661 537 623 642 546 561 636 675 524 724 641 569 543 679 655],[579 466 551 505 522 573 179 636 579 668 582 450 410 628 588 276]
backward,8,8,"[8192, 4096]",64.0,"[9318, 4096]",72.796875,[755 685 592 709 488 521 595 579 551 664 357 336 659 666 628 533],[552 614 501 493 489 638 160 675 551 677 470 410 399 541 660 362]
backward,9,9,"[8192, 4096]",64.0,"[9747, 4096]",76.1484375,[566 648 560 629 475 638 566 668 677 637 624 686 590 589 635 559],[590 569 473 471 605 734 105 524 664 637 545 403 372 583 682 235]
backward,10,10,"[8192, 4096]",64.0,"[8489, 4096]",66.3203125,[589 664 358 609 540 523 593 582 470 545 439 450 627 514 603 383],[617 723 420 583  88 445 130 724 357 624 439 787 839 318 614 484]
backward,11,11,"[8192, 4096]",64.0,"[7511, 4096]",58.6796875,[340 426 346 419 501 450 335 450 410 403 787 741 372 464 539 528],[546 535 723 467 217 475 121 641 336 686 450 741 806 387 626 435]
backward,12,12,"[8192, 4096]",64.0,"[7796, 4096]",60.90625,[479 361 421 345 609 523 358 410 399 372 839 806 407 397 566 504],[567 484 570 558 567 789 174 569 659 590 627 372 407 562 462 235]
backward,13,13,"[8192, 4096]",64.0,"[8668, 4096]",67.71875,[474 572 734 531 492 535 624 628 541 583 318 387 562 587 556 544],[591 521 573 425 526 808 149 543 666 589 514 464 397 587 577 262]
backward,14,14,"[8192, 4096]",64.0,"[9092, 4096]",71.03125,[602 554 575 484 543 493 547 588 660 682 614 626 462 577 397 688],[511 489 631 486 414 616 157 679 628 635 603 539 566 556 397 285]
backward,15,15,"[8192, 4096]",64.0,"[4945, 4096]",38.6328125,[230 224 296 197 385 319 306 276 362 235 484 435 235 262 285 414],[588 598 495 492 388 656 167 655 533 559 383 528 504 544 688 414]
backward,0,0,[9456],0.018035888671875,[8192],0.015625,[612 410 578 474 674 802 124 483 755 566 589 340 479 474 602 230],[612 567 672 593 636 598 637 579 552 590 617 546 567 591 511 588]
backward,1,1,[8669],0.016534805297851562,[8192],0.015625,[567 554 473 469 481 673 180 661 685 648 664 426 361 572 554 224],[410 554 508 497 632 475 594 466 614 569 723 535 484 521 489 598]
backward,2,2,[8889],0.016954421997070312,[8192],0.015625,[672 508 592 534 535 718 214 537 592 560 358 346 421 734 575 296],[578 473 592 591 468 648 602 551 501 473 420 723 570 573 631 495]
backward,3,3,[8074],0.015399932861328125,[8192],0.015625,[593 497 591 444 585 811 125 623 709 629 609 419 345 531 484 197],[474 469 534 444 622 570 481 505 493 471 583 467 558 425 486 492]
backward,4,4,[7394],0.014102935791015625,[8192],0.015625,[636 632 468 622 318 547 294 642 488 475 540 501 609 492 543 385],[674 481 535 585 318 476 509 522 489 605  88 217 567 526 414 388]
backward,5,5,[10643],0.020299911499023438,[8192],0.015625,[598 475 648 570 476 681 196 546 521 638 523 450 523 535 493 319],[802 673 718 811 547 681 677 573 638 734 445 475 789 808 616 656]
backward,6,6,[2682],0.005115509033203125,[8192],0.015625,[637 594 602 481 509 677 207 561 595 566 593 335 358 624 547 306],[124 180 214 125 294 196 207 179 160 105 130 121 174 149 157 167]
backward,7,7,[9699],0.018499374389648438,[8192],0.015625,[579 466 551 505 522 573 179 636 579 668 582 450 410 628 588 276],[483 661 537 623 642 546 561 636 675 524 724 641 569 543 679 655]
backward,8,8,[9318],0.017772674560546875,[8192],0.015625,[552 614 501 493 489 638 160 675 551 677 470 410 399 541 660 362],[755 685 592 709 488 521 595 579 551 664 357 336 659 666 628 533]
backward,9,9,[9747],0.018590927124023438,[8192],0.015625,[590 569 473 471 605 734 105 524 664 637 545 403 372 583 682 235],[566 648 560 629 475 638 566 668 677 637 624 686 590 589 635 559]
backward,10,10,[8489],0.016191482543945312,[8192],0.015625,[617 723 420 583  88 445 130 724 357 624 439 787 839 318 614 484],[589 664 358 609 540 523 593 582 470 545 439 450 627 514 603 383]
backward,11,11,[7511],0.014326095581054688,[8192],0.015625,[546 535 723 467 217 475 121 641 336 686 450 741 806 387 626 435],[340 426 346 419 501 450 335 450 410 403 787 741 372 464 539 528]
backward,12,12,[7796],0.01486968994140625,[8192],0.015625,[567 484 570 558 567 789 174 569 659 590 627 372 407 562 462 235],[479 361 421 345 609 523 358 410 399 372 839 806 407 397 566 504]
backward,13,13,[8668],0.01653289794921875,[8192],0.015625,[591 521 573 425 526 808 149 543 666 589 514 464 397 587 577 262],[474 572 734 531 492 535 624 628 541 583 318 387 562 587 556 544]
backward,14,14,[9092],0.01734161376953125,[8192],0.015625,[511 489 631 486 414 616 157 679 628 635 603 539 566 556 397 285],[602 554 575 484 543 493 547 588 660 682 614 626 462 577 397 688]
backward,15,15,[4945],0.009431838989257812,[8192],0.015625,[588 598 495 492 388 656 167 655 533 559 383 528 504 544 688 414],[230 224 296 197 385 319 306 276 362 235 484 435 235 262 285 414]
backward,0,0,"[9456, 4096]",73.875,"[8192, 4096]",64.0,[612 410 578 474 674 802 124 483 755 566 589 340 479 474 602 230],[612 567 672 593 636 598 637 579 552 590 617 546 567 591 511 588]
backward,1,1,"[8669, 4096]",67.7265625,"[8192, 4096]",64.0,[567 554 473 469 481 673 180 661 685 648 664 426 361 572 554 224],[410 554 508 497 632 475 594 466 614 569 723 535 484 521 489 598]
backward,2,2,"[8889, 4096]",69.4453125,"[8192, 4096]",64.0,[672 508 592 534 535 718 214 537 592 560 358 346 421 734 575 296],[578 473 592 591 468 648 602 551 501 473 420 723 570 573 631 495]
backward,3,3,"[8074, 4096]",63.078125,"[8192, 4096]",64.0,[593 497 591 444 585 811 125 623 709 629 609 419 345 531 484 197],[474 469 534 444 622 570 481 505 493 471 583 467 558 425 486 492]
backward,4,4,"[7394, 4096]",57.765625,"[8192, 4096]",64.0,[636 632 468 622 318 547 294 642 488 475 540 501 609 492 543 385],[674 481 535 585 318 476 509 522 489 605  88 217 567 526 414 388]
backward,5,5,"[10643, 4096]",83.1484375,"[8192, 4096]",64.0,[598 475 648 570 476 681 196 546 521 638 523 450 523 535 493 319],[802 673 718 811 547 681 677 573 638 734 445 475 789 808 616 656]
backward,6,6,"[2682, 4096]",20.953125,"[8192, 4096]",64.0,[637 594 602 481 509 677 207 561 595 566 593 335 358 624 547 306],[124 180 214 125 294 196 207 179 160 105 130 121 174 149 157 167]
backward,7,7,"[9699, 4096]",75.7734375,"[8192, 4096]",64.0,[579 466 551 505 522 573 179 636 579 668 582 450 410 628 588 276],[483 661 537 623 642 546 561 636 675 524 724 641 569 543 679 655]
backward,8,8,"[9318, 4096]",72.796875,"[8192, 4096]",64.0,[552 614 501 493 489 638 160 675 551 677 470 410 399 541 660 362],[755 685 592 709 488 521 595 579 551 664 357 336 659 666 628 533]
backward,9,9,"[9747, 4096]",76.1484375,"[8192, 4096]",64.0,[590 569 473 471 605 734 105 524 664 637 545 403 372 583 682 235],[566 648 560 629 475 638 566 668 677 637 624 686 590 589 635 559]
backward,10,10,"[8489, 4096]",66.3203125,"[8192, 4096]",64.0,[617 723 420 583  88 445 130 724 357 624 439 787 839 318 614 484],[589 664 358 609 540 523 593 582 470 545 439 450 627 514 603 383]
backward,11,11,"[7511, 4096]",58.6796875,"[8192, 4096]",64.0,[546 535 723 467 217 475 121 641 336 686 450 741 806 387 626 435],[340 426 346 419 501 450 335 450 410 403 787 741 372 464 539 528]
backward,12,12,"[7796, 4096]",60.90625,"[8192, 4096]",64.0,[567 484 570 558 567 789 174 569 659 590 627 372 407 562 462 235],[479 361 421 345 609 523 358 410 399 372 839 806 407 397 566 504]
backward,13,13,"[8668, 4096]",67.71875,"[8192, 4096]",64.0,[591 521 573 425 526 808 149 543 666 589 514 464 397 587 577 262],[474 572 734 531 492 535 624 628 541 583 318 387 562 587 556 544]
backward,14,14,"[9092, 4096]",71.03125,"[8192, 4096]",64.0,[511 489 631 486 414 616 157 679 628 635 603 539 566 556 397 285],[602 554 575 484 543 493 547 588 660 682 614 626 462 577 397 688]
backward,15,15,"[4945, 4096]",38.6328125,"[8192, 4096]",64.0,[588 598 495 492 388 656 167 655 533 559 383 528 504 544 688 414],[230 224 296 197 385 319 306 276 362 235 484 435 235 262 285 414]
backward,0,0,"[8192, 4096]",64.0,"[9495, 4096]",74.1796875,[607 504 682 544 603 500 543 535 669 573 728 652 575 545 570 665],[607 412 707 640 412 422 653 520 458 178 604 373 560 451 505 690]
backward,1,1,"[8192, 4096]",64.0,"[8063, 4096]",62.9921875,[412 449 532 449 659 514 567 452 546 445 652 540 381 434 454 577],[504 449 528 537 399 418 800 636 486 262 583 411 640 472 516 551]
backward,2,2,"[8192, 4096]",64.0,"[8049, 4096]",62.8828125,[707 528 387 629 477 475 486 450 459 529 421 387 471 564 614 465],[682 532 387 687 366 500 723 523 413 272 487 451 646 538 395 590]
backward,3,3,"[8192, 4096]",64.0,"[9786, 4096]",76.453125,[640 537 687 656 491 609 539 643 667 621 576 683 629 640 596 572],[544 449 629 656 333 419 784 584 489 203 611 385 665 417 418 606]
backward,4,4,"[8192, 4096]",64.0,"[6442, 4096]",50.328125,[412 399 366 333 512 353 396 389 396 395 449 450 374 372 430 416],[603 659 477 491 512 390 519 435 459 390 525 573 627 551 420 561]
backward,5,5,"[8192, 4096]",64.0,"[6189, 4096]",48.3515625,[422 418 500 419 390 345 397 434 392 374 236 327 356 410 380 389],[500 514 475 609 353 345 821 506 443 306 660 502 707 518 345 588]
backward,6,6,"[8192, 4096]",64.0,"[10926, 4096]",85.359375,[653 800 723 784 519 821 649 805 630 712 342 401 841 869 714 663],[543 567 486 539 396 397 649 516 448 336 628 446 573 584 546 538]
backward,7,7,"[8192, 4096]",64.0,"[8030, 4096]",62.734375,[520 636 523 584 435 506 516 524 473 528 362 378 569 513 494 469],[535 452 450 643 389 434 805 524 531 246 617 404 602 591 448 521]
backward,8,8,"[8192, 4096]",64.0,"[7824, 4096]",61.125,[458 486 413 489 459 443 448 531 502 494 582 550 509 473 515 472],[669 546 459 667 396 392 630 473 502 359 517 450 607 552 457 516]
backward,9,9,"[8192, 4096]",64.0,"[4788, 4096]",37.40625,[178 262 272 203 390 306 336 246 359 288 387 352 243 271 326 369],[573 445 529 621 395 374 712 528 494 288 565 409 601 590 480 588]
backward,10,10,"[8192, 4096]",64.0,"[9093, 4096]",71.0390625,[604 583 487 611 525 660 628 617 517 565 522 613 618 511 621 411],[728 652 421 576 449 236 342 362 582 387 522 675 679 673 376 532]
backward,11,11,"[8192, 4096]",64.0,"[7397, 4096]",57.7890625,[373 411 451 385 573 502 446 404 450 409 675 558 433 399 440 488],[652 540 387 683 450 327 401 378 550 352 613 558 630 769 355 547]
backward,12,12,"[8192, 4096]",64.0,"[10252, 4096]",80.09375,[560 640 646 665 627 707 573 602 607 601 679 630 754 630 732 599],[575 381 471 629 374 356 841 569 509 243 618 433 754 433 378 628]
backward,13,13,"[8192, 4096]",64.0,"[8670, 4096]",67.734375,[451 472 538 417 551 518 584 591 552 590 673 769 433 471 470 590],[545 434 564 640 372 410 869 513 473 271 511 399 630 471 444 646]
backward,14,14,"[8192, 4096]",64.0,"[6905, 4096]",53.9453125,[505 516 395 418 420 345 546 448 457 480 376 355 378 444 366 456],[570 454 614 596 430 380 714 494 515 326 621 440 732 470 366 470]
backward,15,15,"[8192, 4096]",64.0,"[9163, 4096]",71.5859375,[690 551 590 606 561 588 538 521 516 588 532 547 628 646 470 591],[665 577 465 572 416 389 663 469 472 369 411 488 599 590 456 591]
backward,0,0,[9495],0.018110275268554688,[8192],0.015625,[607 412 707 640 412 422 653 520 458 178 604 373 560 451 505 690],[607 504 682 544 603 500 543 535 669 573 728 652 575 545 570 665]
backward,1,1,[8063],0.015378952026367188,[8192],0.015625,[504 449 528 537 399 418 800 636 486 262 583 411 640 472 516 551],[412 449 532 449 659 514 567 452 546 445 652 540 381 434 454 577]
backward,2,2,[8049],0.015352249145507812,[8192],0.015625,[682 532 387 687 366 500 723 523 413 272 487 451 646 538 395 590],[707 528 387 629 477 475 486 450 459 529 421 387 471 564 614 465]
backward,3,3,[9786],0.018665313720703125,[8192],0.015625,[544 449 629 656 333 419 784 584 489 203 611 385 665 417 418 606],[640 537 687 656 491 609 539 643 667 621 576 683 629 640 596 572]
backward,4,4,[6442],0.012287139892578125,[8192],0.015625,[603 659 477 491 512 390 519 435 459 390 525 573 627 551 420 561],[412 399 366 333 512 353 396 389 396 395 449 450 374 372 430 416]
backward,5,5,[6189],0.011804580688476562,[8192],0.015625,[500 514 475 609 353 345 821 506 443 306 660 502 707 518 345 588],[422 418 500 419 390 345 397 434 392 374 236 327 356 410 380 389]
backward,6,6,[10926],0.020839691162109375,[8192],0.015625,[543 567 486 539 396 397 649 516 448 336 628 446 573 584 546 538],[653 800 723 784 519 821 649 805 630 712 342 401 841 869 714 663]
backward,7,7,[8030],0.015316009521484375,[8192],0.015625,[535 452 450 643 389 434 805 524 531 246 617 404 602 591 448 521],[520 636 523 584 435 506 516 524 473 528 362 378 569 513 494 469]
backward,8,8,[7824],0.014923095703125,[8192],0.015625,[669 546 459 667 396 392 630 473 502 359 517 450 607 552 457 516],[458 486 413 489 459 443 448 531 502 494 582 550 509 473 515 472]
backward,9,9,[4788],0.00913238525390625,[8192],0.015625,[573 445 529 621 395 374 712 528 494 288 565 409 601 590 480 588],[178 262 272 203 390 306 336 246 359 288 387 352 243 271 326 369]
backward,10,10,[9093],0.017343521118164062,[8192],0.015625,[728 652 421 576 449 236 342 362 582 387 522 675 679 673 376 532],[604 583 487 611 525 660 628 617 517 565 522 613 618 511 621 411]
backward,11,11,[7397],0.014108657836914062,[8192],0.015625,[652 540 387 683 450 327 401 378 550 352 613 558 630 769 355 547],[373 411 451 385 573 502 446 404 450 409 675 558 433 399 440 488]
backward,12,12,[10252],0.01955413818359375,[8192],0.015625,[575 381 471 629 374 356 841 569 509 243 618 433 754 433 378 628],[560 640 646 665 627 707 573 602 607 601 679 630 754 630 732 599]
backward,13,13,[8670],0.016536712646484375,[8192],0.015625,[545 434 564 640 372 410 869 513 473 271 511 399 630 471 444 646],[451 472 538 417 551 518 584 591 552 590 673 769 433 471 470 590]
backward,14,14,[6905],0.013170242309570312,[8192],0.015625,[570 454 614 596 430 380 714 494 515 326 621 440 732 470 366 470],[505 516 395 418 420 345 546 448 457 480 376 355 378 444 366 456]
backward,15,15,[9163],0.017477035522460938,[8192],0.015625,[665 577 465 572 416 389 663 469 472 369 411 488 599 590 456 591],[690 551 590 606 561 588 538 521 516 588 532 547 628 646 470 591]
backward,0,0,"[9495, 4096]",74.1796875,"[8192, 4096]",64.0,[607 412 707 640 412 422 653 520 458 178 604 373 560 451 505 690],[607 504 682 544 603 500 543 535 669 573 728 652 575 545 570 665]
backward,1,1,"[8063, 4096]",62.9921875,"[8192, 4096]",64.0,[504 449 528 537 399 418 800 636 486 262 583 411 640 472 516 551],[412 449 532 449 659 514 567 452 546 445 652 540 381 434 454 577]
backward,2,2,"[8049, 4096]",62.8828125,"[8192, 4096]",64.0,[682 532 387 687 366 500 723 523 413 272 487 451 646 538 395 590],[707 528 387 629 477 475 486 450 459 529 421 387 471 564 614 465]
backward,3,3,"[9786, 4096]",76.453125,"[8192, 4096]",64.0,[544 449 629 656 333 419 784 584 489 203 611 385 665 417 418 606],[640 537 687 656 491 609 539 643 667 621 576 683 629 640 596 572]
backward,4,4,"[6442, 4096]",50.328125,"[8192, 4096]",64.0,[603 659 477 491 512 390 519 435 459 390 525 573 627 551 420 561],[412 399 366 333 512 353 396 389 396 395 449 450 374 372 430 416]
backward,5,5,"[6189, 4096]",48.3515625,"[8192, 4096]",64.0,[500 514 475 609 353 345 821 506 443 306 660 502 707 518 345 588],[422 418 500 419 390 345 397 434 392 374 236 327 356 410 380 389]
backward,6,6,"[10926, 4096]",85.359375,"[8192, 4096]",64.0,[543 567 486 539 396 397 649 516 448 336 628 446 573 584 546 538],[653 800 723 784 519 821 649 805 630 712 342 401 841 869 714 663]
backward,7,7,"[8030, 4096]",62.734375,"[8192, 4096]",64.0,[535 452 450 643 389 434 805 524 531 246 617 404 602 591 448 521],[520 636 523 584 435 506 516 524 473 528 362 378 569 513 494 469]
backward,8,8,"[7824, 4096]",61.125,"[8192, 4096]",64.0,[669 546 459 667 396 392 630 473 502 359 517 450 607 552 457 516],[458 486 413 489 459 443 448 531 502 494 582 550 509 473 515 472]
backward,9,9,"[4788, 4096]",37.40625,"[8192, 4096]",64.0,[573 445 529 621 395 374 712 528 494 288 565 409 601 590 480 588],[178 262 272 203 390 306 336 246 359 288 387 352 243 271 326 369]
backward,10,10,"[9093, 4096]",71.0390625,"[8192, 4096]",64.0,[728 652 421 576 449 236 342 362 582 387 522 675 679 673 376 532],[604 583 487 611 525 660 628 617 517 565 522 613 618 511 621 411]
backward,11,11,"[7397, 4096]",57.7890625,"[8192, 4096]",64.0,[652 540 387 683 450 327 401 378 550 352 613 558 630 769 355 547],[373 411 451 385 573 502 446 404 450 409 675 558 433 399 440 488]
backward,12,12,"[10252, 4096]",80.09375,"[8192, 4096]",64.0,[575 381 471 629 374 356 841 569 509 243 618 433 754 433 378 628],[560 640 646 665 627 707 573 602 607 601 679 630 754 630 732 599]
backward,13,13,"[8670, 4096]",67.734375,"[8192, 4096]",64.0,[545 434 564 640 372 410 869 513 473 271 511 399 630 471 444 646],[451 472 538 417 551 518 584 591 552 590 673 769 433 471 470 590]
backward,14,14,"[6905, 4096]",53.9453125,"[8192, 4096]",64.0,[570 454 614 596 430 380 714 494 515 326 621 440 732 470 366 470],[505 516 395 418 420 345 546 448 457 480 376 355 378 444 366 456]
backward,15,15,"[9163, 4096]",71.5859375,"[8192, 4096]",64.0,[665 577 465 572 416 389 663 469 472 369 411 488 599 590 456 591],[690 551 590 606 561 588 538 521 516 588 532 547 628 646 470 591]
forward,0,0,"[8192, 4096]",64.0,"[8728, 4096]",68.1875,[567 422 521 502 458 521 610 583 560 641 562 507 582 596 608 488],[567 575 530 535 524 422 589 507 524 417 557 363 565 615 494 408]
forward,1,1,"[8192, 4096]",64.0,"[8020, 4096]",62.65625,[575 498 441 530 486 531 473 482 497 450 545 497 457 609 538 411],[422 498 574 606 453 332 700 432 488 234 641 570 668 611 419 544]
forward,2,2,"[8192, 4096]",64.0,"[8562, 4096]",66.890625,[530 574 418 372 590 475 618 444 596 607 506 570 608 451 480 723],[521 441 418 714 373 323 623 394 469 290 864 589 683 608 305 577]
forward,3,3,"[8192, 4096]",64.0,"[10092, 4096]",78.84375,[535 606 714 639 624 548 591 583 641 648 622 722 674 625 610 710],[502 530 372 639 368 353 569 467 557 272 642 516 826 614 374 591]
forward,4,4,"[8192, 4096]",64.0,"[6663, 4096]",52.0546875,[524 453 373 368 381 440 434 468 440 381 466 416 319 409 456 335],[458 486 590 624 381 440 616 457 478 304 619 466 625 588 488 572]
forward,5,5,"[8192, 4096]",64.0,"[6404, 4096]",50.03125,[422 332 323 353 440 448 419 461 464 398 415 440 366 297 437 389],[521 531 475 548 440 448 652 426 541 288 538 512 647 637 431 557]
forward,6,6,"[8192, 4096]",64.0,"[10255, 4096]",80.1171875,[589 700 623 569 616 652 588 742 738 640 574 667 736 431 649 741],[610 473 618 591 434 419 588 573 497 298 490 391 548 608 557 497]
forward,7,7,"[8192, 4096]",64.0,"[7437, 4096]",58.1015625,[507 432 394 467 457 426 573 502 472 554 483 472 417 372 451 458],[583 482 444 583 468 461 742 502 520 413 321 350 542 600 543 638]
forward,8,8,"[8192, 4096]",64.0,"[8175, 4096]",63.8671875,[524 488 469 557 478 541 497 520 557 518 607 524 513 464 489 429],[560 497 596 641 440 464 738 472 557 308 403 337 604 551 494 530]
forward,9,9,"[8192, 4096]",64.0,"[4956, 4096]",38.71875,[417 234 290 272 304 288 298 413 308 300 319 239 246 365 379 284],[641 450 607 648 381 398 640 554 518 300 503 375 602 524 505 546]
forward,10,10,"[8192, 4096]",64.0,"[9449, 4096]",73.8203125,[557 641 864 642 619 538 490 321 403 503 563 657 683 779 483 706],[562 545 506 622 466 415 574 483 607 319 563 409 644 577 388 512]
forward,11,11,"[8192, 4096]",64.0,"[7157, 4096]",55.9140625,[363 570 589 516 466 512 391 350 337 375 409 455 420 541 453 410],[507 497 570 722 416 440 667 472 524 239 657 455 694 444 373 515]
forward,12,12,"[8192, 4096]",64.0,"[10088, 4096]",78.8125,[565 668 683 826 625 647 548 542 604 602 644 694 628 572 581 659],[582 457 608 674 319 366 736 417 513 246 683 420 628 493 404 646]
forward,13,13,"[8192, 4096]",64.0,"[9351, 4096]",73.0546875,[615 611 608 614 588 637 608 600 551 524 577 444 493 791 554 536],[596 609 451 625 409 297 431 372 464 365 779 541 572 791 417 473]
forward,14,14,"[8192, 4096]",64.0,"[7085, 4096]",55.3515625,[494 419 305 374 488 431 557 543 494 505 388 373 404 417 532 361],[608 538 480 610 456 437 649 451 489 379 483 453 581 554 532 492]
forward,15,15,"[8192, 4096]",64.0,"[8650, 4096]",67.578125,[408 544 577 591 572 557 497 638 530 546 512 515 646 473 492 552],[488 411 723 710 335 389 741 458 429 284 706 410 659 536 361 552]
forward,0,0,[8192],0.015625,[8728],0.0166473388671875,[567 422 521 502 458 521 610 583 560 641 562 507 582 596 608 488],[567 575 530 535 524 422 589 507 524 417 557 363 565 615 494 408]
forward,1,1,[8192],0.015625,[8020],0.01529693603515625,[575 498 441 530 486 531 473 482 497 450 545 497 457 609 538 411],[422 498 574 606 453 332 700 432 488 234 641 570 668 611 419 544]
forward,2,2,[8192],0.015625,[8562],0.016330718994140625,[530 574 418 372 590 475 618 444 596 607 506 570 608 451 480 723],[521 441 418 714 373 323 623 394 469 290 864 589 683 608 305 577]
forward,3,3,[8192],0.015625,[10092],0.01924896240234375,[535 606 714 639 624 548 591 583 641 648 622 722 674 625 610 710],[502 530 372 639 368 353 569 467 557 272 642 516 826 614 374 591]
forward,4,4,[8192],0.015625,[6663],0.012708663940429688,[524 453 373 368 381 440 434 468 440 381 466 416 319 409 456 335],[458 486 590 624 381 440 616 457 478 304 619 466 625 588 488 572]
forward,5,5,[8192],0.015625,[6404],0.01221466064453125,[422 332 323 353 440 448 419 461 464 398 415 440 366 297 437 389],[521 531 475 548 440 448 652 426 541 288 538 512 647 637 431 557]
forward,6,6,[8192],0.015625,[10255],0.019559860229492188,[589 700 623 569 616 652 588 742 738 640 574 667 736 431 649 741],[610 473 618 591 434 419 588 573 497 298 490 391 548 608 557 497]
forward,7,7,[8192],0.015625,[7437],0.014184951782226562,[507 432 394 467 457 426 573 502 472 554 483 472 417 372 451 458],[583 482 444 583 468 461 742 502 520 413 321 350 542 600 543 638]
forward,8,8,[8192],0.015625,[8175],0.015592575073242188,[524 488 469 557 478 541 497 520 557 518 607 524 513 464 489 429],[560 497 596 641 440 464 738 472 557 308 403 337 604 551 494 530]
forward,9,9,[8192],0.015625,[4956],0.00945281982421875,[417 234 290 272 304 288 298 413 308 300 319 239 246 365 379 284],[641 450 607 648 381 398 640 554 518 300 503 375 602 524 505 546]
forward,10,10,[8192],0.015625,[9449],0.018022537231445312,[557 641 864 642 619 538 490 321 403 503 563 657 683 779 483 706],[562 545 506 622 466 415 574 483 607 319 563 409 644 577 388 512]
forward,11,11,[8192],0.015625,[7157],0.013650894165039062,[363 570 589 516 466 512 391 350 337 375 409 455 420 541 453 410],[507 497 570 722 416 440 667 472 524 239 657 455 694 444 373 515]
forward,12,12,[8192],0.015625,[10088],0.0192413330078125,[565 668 683 826 625 647 548 542 604 602 644 694 628 572 581 659],[582 457 608 674 319 366 736 417 513 246 683 420 628 493 404 646]
forward,13,13,[8192],0.015625,[9351],0.017835617065429688,[615 611 608 614 588 637 608 600 551 524 577 444 493 791 554 536],[596 609 451 625 409 297 431 372 464 365 779 541 572 791 417 473]
forward,14,14,[8192],0.015625,[7085],0.013513565063476562,[494 419 305 374 488 431 557 543 494 505 388 373 404 417 532 361],[608 538 480 610 456 437 649 451 489 379 483 453 581 554 532 492]
forward,15,15,[8192],0.015625,[8650],0.016498565673828125,[408 544 577 591 572 557 497 638 530 546 512 515 646 473 492 552],[488 411 723 710 335 389 741 458 429 284 706 410 659 536 361 552]
forward,0,0,"[8728, 4096]",68.1875,"[8192, 4096]",64.0,[567 575 530 535 524 422 589 507 524 417 557 363 565 615 494 408],[567 422 521 502 458 521 610 583 560 641 562 507 582 596 608 488]
forward,1,1,"[8020, 4096]",62.65625,"[8192, 4096]",64.0,[422 498 574 606 453 332 700 432 488 234 641 570 668 611 419 544],[575 498 441 530 486 531 473 482 497 450 545 497 457 609 538 411]
forward,2,2,"[8562, 4096]",66.890625,"[8192, 4096]",64.0,[521 441 418 714 373 323 623 394 469 290 864 589 683 608 305 577],[530 574 418 372 590 475 618 444 596 607 506 570 608 451 480 723]
forward,3,3,"[10092, 4096]",78.84375,"[8192, 4096]",64.0,[502 530 372 639 368 353 569 467 557 272 642 516 826 614 374 591],[535 606 714 639 624 548 591 583 641 648 622 722 674 625 610 710]
forward,4,4,"[6663, 4096]",52.0546875,"[8192, 4096]",64.0,[458 486 590 624 381 440 616 457 478 304 619 466 625 588 488 572],[524 453 373 368 381 440 434 468 440 381 466 416 319 409 456 335]
forward,5,5,"[6404, 4096]",50.03125,"[8192, 4096]",64.0,[521 531 475 548 440 448 652 426 541 288 538 512 647 637 431 557],[422 332 323 353 440 448 419 461 464 398 415 440 366 297 437 389]
forward,6,6,"[10255, 4096]",80.1171875,"[8192, 4096]",64.0,[610 473 618 591 434 419 588 573 497 298 490 391 548 608 557 497],[589 700 623 569 616 652 588 742 738 640 574 667 736 431 649 741]
forward,7,7,"[7437, 4096]",58.1015625,"[8192, 4096]",64.0,[583 482 444 583 468 461 742 502 520 413 321 350 542 600 543 638],[507 432 394 467 457 426 573 502 472 554 483 472 417 372 451 458]
forward,8,8,"[8175, 4096]",63.8671875,"[8192, 4096]",64.0,[560 497 596 641 440 464 738 472 557 308 403 337 604 551 494 530],[524 488 469 557 478 541 497 520 557 518 607 524 513 464 489 429]
forward,9,9,"[4956, 4096]",38.71875,"[8192, 4096]",64.0,[641 450 607 648 381 398 640 554 518 300 503 375 602 524 505 546],[417 234 290 272 304 288 298 413 308 300 319 239 246 365 379 284]
forward,10,10,"[9449, 4096]",73.8203125,"[8192, 4096]",64.0,[562 545 506 622 466 415 574 483 607 319 563 409 644 577 388 512],[557 641 864 642 619 538 490 321 403 503 563 657 683 779 483 706]
forward,11,11,"[7157, 4096]",55.9140625,"[8192, 4096]",64.0,[507 497 570 722 416 440 667 472 524 239 657 455 694 444 373 515],[363 570 589 516 466 512 391 350 337 375 409 455 420 541 453 410]
forward,12,12,"[10088, 4096]",78.8125,"[8192, 4096]",64.0,[582 457 608 674 319 366 736 417 513 246 683 420 628 493 404 646],[565 668 683 826 625 647 548 542 604 602 644 694 628 572 581 659]
forward,13,13,"[9351, 4096]",73.0546875,"[8192, 4096]",64.0,[596 609 451 625 409 297 431 372 464 365 779 541 572 791 417 473],[615 611 608 614 588 637 608 600 551 524 577 444 493 791 554 536]
forward,14,14,"[7085, 4096]",55.3515625,"[8192, 4096]",64.0,[608 538 480 610 456 437 649 451 489 379 483 453 581 554 532 492],[494 419 305 374 488 431 557 543 494 505 388 373 404 417 532 361]
forward,15,15,"[8650, 4096]",67.578125,"[8192, 4096]",64.0,[488 411 723 710 335 389 741 458 429 284 706 410 659 536 361 552],[408 544 577 591 572 557 497 638 530 546 512 515 646 473 492 552]
forward,0,0,"[8192, 4096]",64.0,"[9441, 4096]",73.7578125,[559 607 599 639 636 681 503 495 623 527 522 608 607 633 595 607],[559 664 456 481 387 496 191 719 591 610 508 422 585 617 571 335]
forward,1,1,"[8192, 4096]",64.0,"[8447, 4096]",65.9921875,[664 417 467 522 467 526 563 648 546 582 526 435 524 602 603 355],[607 417 625 560 417 582 131 661 495 658 521 585 520 518 624 271]
forward,2,2,"[8192, 4096]",64.0,"[9235, 4096]",72.1484375,[456 625 763 551 668 551 478 451 392 435 558 622 622 705 540 818],[599 467 763 430 353 487  88 714 465 659 664 573 627 370 607 326]
forward,3,3,"[8192, 4096]",64.0,"[7995, 4096]",62.4609375,[481 560 430 521 501 490 503 505 461 501 580 590 459 446 547 420],[639 522 551 521 309 505 126 566 491 719 503 735 601 467 578 359]
forward,4,4,"[8192, 4096]",64.0,"[7379, 4096]",57.6484375,[387 417 353 309 528 423 456 396 589 601 409 469 558 341 495 648],[636 467 668 501 528 586 192 601 596 602 506 371 502 610 570 256]
forward,5,5,"[8192, 4096]",64.0,"[9454, 4096]",73.859375,[496 582 487 505 586 565 672 600 662 730 525 681 723 422 588 630],[681 526 551 490 423 565 188 604 530 632 394 524 513 616 641 314]
forward,6,6,"[8192, 4096]",64.0,"[2817, 4096]",22.0078125,[191 131  88 126 192 188 172 244 273 158 199 215 124 127 228 161],[503 563 478 503 456 672 172 636 620 636 598 377 422 612 642 302]
forward,7,7,"[8192, 4096]",64.0,"[9662, 4096]",75.484375,[719 661 714 566 601 604 636 547 606 570 631 513 524 615 641 514],[495 648 451 505 396 600 244 547 494 715 372 527 508 660 660 370]
forward,8,8,"[8192, 4096]",64.0,"[8868, 4096]",69.28125,[591 495 465 491 596 530 620 494 596 643 581 577 595 379 550 665],[623 546 392 461 589 662 273 606 596 717 382 388 384 721 551 301]
forward,9,9,"[8192, 4096]",64.0,"[10217, 4096]",79.8203125,[610 658 659 719 602 632 636 715 717 714 640 597 621 583 531 583],[527 582 435 501 601 730 158 570 643 714 538 477 394 531 514 277]
forward,10,10,"[8192, 4096]",64.0,"[8337, 4096]",65.1328125,[508 521 664 503 506 394 598 372 382 538 372 602 673 602 406 696],[522 526 558 580 409 525 199 631 581 640 372 562 647 579 489 372]
forward,11,11,"[8192, 4096]",64.0,"[7780, 4096]",60.78125,[422 585 573 735 371 524 377 527 388 477 562 461 405 641 368 364],[608 435 622 590 469 681 215 513 577 597 602 461 522 632 444 224]
forward,12,12,"[8192, 4096]",64.0,"[8448, 4096]",66.0,[585 520 627 601 502 513 422 508 384 394 647 522 409 749 544 521],[607 524 622 459 558 723 124 524 595 621 673 405 409 543 576 229]
forward,13,13,"[8192, 4096]",64.0,"[8862, 4096]",69.234375,[617 518 370 467 610 616 612 660 721 531 579 632 543 343 543 500],[633 602 705 446 341 422 127 615 379 583 602 641 749 343 603 401]
forward,14,14,"[8192, 4096]",64.0,"[9174, 4096]",71.671875,[571 624 607 578 570 641 642 660 551 514 489 444 576 603 616 488],[595 603 540 547 495 588 228 641 550 531 406 368 544 543 616 397]
forward,15,15,"[8192, 4096]",64.0,"[4956, 4096]",38.71875,[335 271 326 359 256 314 302 370 301 277 372 224 229 401 397 222],[607 355 818 420 648 630 161 514 665 583 696 364 521 500 488 222]
forward,0,0,[8192],0.015625,[9441],0.018007278442382812,[559 607 599 639 636 681 503 495 623 527 522 608 607 633 595 607],[559 664 456 481 387 496 191 719 591 610 508 422 585 617 571 335]
forward,1,1,[8192],0.015625,[8447],0.016111373901367188,[664 417 467 522 467 526 563 648 546 582 526 435 524 602 603 355],[607 417 625 560 417 582 131 661 495 658 521 585 520 518 624 271]
forward,2,2,[8192],0.015625,[9235],0.017614364624023438,[456 625 763 551 668 551 478 451 392 435 558 622 622 705 540 818],[599 467 763 430 353 487  88 714 465 659 664 573 627 370 607 326]
forward,3,3,[8192],0.015625,[7995],0.015249252319335938,[481 560 430 521 501 490 503 505 461 501 580 590 459 446 547 420],[639 522 551 521 309 505 126 566 491 719 503 735 601 467 578 359]
forward,4,4,[8192],0.015625,[7379],0.014074325561523438,[387 417 353 309 528 423 456 396 589 601 409 469 558 341 495 648],[636 467 668 501 528 586 192 601 596 602 506 371 502 610 570 256]
forward,5,5,[8192],0.015625,[9454],0.018032073974609375,[496 582 487 505 586 565 672 600 662 730 525 681 723 422 588 630],[681 526 551 490 423 565 188 604 530 632 394 524 513 616 641 314]
forward,6,6,[8192],0.015625,[2817],0.0053730010986328125,[191 131  88 126 192 188 172 244 273 158 199 215 124 127 228 161],[503 563 478 503 456 672 172 636 620 636 598 377 422 612 642 302]
forward,7,7,[8192],0.015625,[9662],0.018428802490234375,[719 661 714 566 601 604 636 547 606 570 631 513 524 615 641 514],[495 648 451 505 396 600 244 547 494 715 372 527 508 660 660 370]
forward,8,8,[8192],0.015625,[8868],0.01691436767578125,[591 495 465 491 596 530 620 494 596 643 581 577 595 379 550 665],[623 546 392 461 589 662 273 606 596 717 382 388 384 721 551 301]
forward,9,9,[8192],0.015625,[10217],0.019487380981445312,[610 658 659 719 602 632 636 715 717 714 640 597 621 583 531 583],[527 582 435 501 601 730 158 570 643 714 538 477 394 531 514 277]
forward,10,10,[8192],0.015625,[8337],0.015901565551757812,[508 521 664 503 506 394 598 372 382 538 372 602 673 602 406 696],[522 526 558 580 409 525 199 631 581 640 372 562 647 579 489 372]
forward,11,11,[8192],0.015625,[7780],0.01483917236328125,[422 585 573 735 371 524 377 527 388 477 562 461 405 641 368 364],[608 435 622 590 469 681 215 513 577 597 602 461 522 632 444 224]
forward,12,12,[8192],0.015625,[8448],0.01611328125,[585 520 627 601 502 513 422 508 384 394 647 522 409 749 544 521],[607 524 622 459 558 723 124 524 595 621 673 405 409 543 576 229]
forward,13,13,[8192],0.015625,[8862],0.016902923583984375,[617 518 370 467 610 616 612 660 721 531 579 632 543 343 543 500],[633 602 705 446 341 422 127 615 379 583 602 641 749 343 603 401]
forward,14,14,[8192],0.015625,[9174],0.017498016357421875,[571 624 607 578 570 641 642 660 551 514 489 444 576 603 616 488],[595 603 540 547 495 588 228 641 550 531 406 368 544 543 616 397]
forward,15,15,[8192],0.015625,[4956],0.00945281982421875,[335 271 326 359 256 314 302 370 301 277 372 224 229 401 397 222],[607 355 818 420 648 630 161 514 665 583 696 364 521 500 488 222]
forward,0,0,"[9441, 4096]",73.7578125,"[8192, 4096]",64.0,[559 664 456 481 387 496 191 719 591 610 508 422 585 617 571 335],[559 607 599 639 636 681 503 495 623 527 522 608 607 633 595 607]
forward,1,1,"[8447, 4096]",65.9921875,"[8192, 4096]",64.0,[607 417 625 560 417 582 131 661 495 658 521 585 520 518 624 271],[664 417 467 522 467 526 563 648 546 582 526 435 524 602 603 355]
forward,2,2,"[9235, 4096]",72.1484375,"[8192, 4096]",64.0,[599 467 763 430 353 487  88 714 465 659 664 573 627 370 607 326],[456 625 763 551 668 551 478 451 392 435 558 622 622 705 540 818]
forward,3,3,"[7995, 4096]",62.4609375,"[8192, 4096]",64.0,[639 522 551 521 309 505 126 566 491 719 503 735 601 467 578 359],[481 560 430 521 501 490 503 505 461 501 580 590 459 446 547 420]
forward,4,4,"[7379, 4096]",57.6484375,"[8192, 4096]",64.0,[636 467 668 501 528 586 192 601 596 602 506 371 502 610 570 256],[387 417 353 309 528 423 456 396 589 601 409 469 558 341 495 648]
forward,5,5,"[9454, 4096]",73.859375,"[8192, 4096]",64.0,[681 526 551 490 423 565 188 604 530 632 394 524 513 616 641 314],[496 582 487 505 586 565 672 600 662 730 525 681 723 422 588 630]
forward,6,6,"[2817, 4096]",22.0078125,"[8192, 4096]",64.0,[503 563 478 503 456 672 172 636 620 636 598 377 422 612 642 302],[191 131  88 126 192 188 172 244 273 158 199 215 124 127 228 161]
forward,7,7,"[9662, 4096]",75.484375,"[8192, 4096]",64.0,[495 648 451 505 396 600 244 547 494 715 372 527 508 660 660 370],[719 661 714 566 601 604 636 547 606 570 631 513 524 615 641 514]
forward,8,8,"[8868, 4096]",69.28125,"[8192, 4096]",64.0,[623 546 392 461 589 662 273 606 596 717 382 388 384 721 551 301],[591 495 465 491 596 530 620 494 596 643 581 577 595 379 550 665]
forward,9,9,"[10217, 4096]",79.8203125,"[8192, 4096]",64.0,[527 582 435 501 601 730 158 570 643 714 538 477 394 531 514 277],[610 658 659 719 602 632 636 715 717 714 640 597 621 583 531 583]
forward,10,10,"[8337, 4096]",65.1328125,"[8192, 4096]",64.0,[522 526 558 580 409 525 199 631 581 640 372 562 647 579 489 372],[508 521 664 503 506 394 598 372 382 538 372 602 673 602 406 696]
forward,11,11,"[7780, 4096]",60.78125,"[8192, 4096]",64.0,[608 435 622 590 469 681 215 513 577 597 602 461 522 632 444 224],[422 585 573 735 371 524 377 527 388 477 562 461 405 641 368 364]
forward,12,12,"[8448, 4096]",66.0,"[8192, 4096]",64.0,[607 524 622 459 558 723 124 524 595 621 673 405 409 543 576 229],[585 520 627 601 502 513 422 508 384 394 647 522 409 749 544 521]
forward,13,13,"[8862, 4096]",69.234375,"[8192, 4096]",64.0,[633 602 705 446 341 422 127 615 379 583 602 641 749 343 603 401],[617 518 370 467 610 616 612 660 721 531 579 632 543 343 543 500]
forward,14,14,"[9174, 4096]",71.671875,"[8192, 4096]",64.0,[595 603 540 547 495 588 228 641 550 531 406 368 544 543 616 397],[571 624 607 578 570 641 642 660 551 514 489 444 576 603 616 488]
forward,15,15,"[4956, 4096]",38.71875,"[8192, 4096]",64.0,[607 355 818 420 648 630 161 514 665 583 696 364 521 500 488 222],[335 271 326 359 256 314 302 370 301 277 372 224 229 401 397 222]
forward,0,0,"[8192, 4096]",64.0,"[10402, 4096]",81.265625,[560 733 781 711 549 623 733 652 632 720 676 624 668 667 538 535],[560 452 601 813 582  67 547 134 774 845  68 376  23 703 808 839]
forward,1,1,"[8192, 4096]",64.0,"[8972, 4096]",70.09375,[452 754 816 531 628 482 386 245 408 371 625 840 497 783 463 691],[733 754 349 606 805 175 567 185 757 472 255 436  65 481 834 718]
forward,2,2,"[8192, 4096]",64.0,"[8962, 4096]",70.015625,[601 349 356 572 451 602 795 828 588 870 353 402 718 428 600 449],"[ 781  816  356  609  691  149  540  208  567  369  297  393   86  541
 1073  716]"
forward,3,3,"[8192, 4096]",64.0,"[11083, 4096]",86.5859375,[813 606 609 724 696 740 717 811 728 643 747 674 618 595 713 649],[711 531 572 724 595  68 593 230 651 507 341 644  65 529 735 696]
forward,4,4,"[8192, 4096]",64.0,"[11573, 4096]",90.4140625,"[ 582  805  691  595  774  605  918  579  688  961  529  708 1016  576
  675  871]",[549 628 451 696 774  53 704 150 745 545 154 518  80 572 864 709]
forward,5,5,"[8192, 4096]",64.0,"[1257, 4096]",9.8203125,[ 67 175 149  68  53  54  53  22  55  34  81  94  83 141  46  82],[623 482 602 740 605  54 511 184 851 565 226 587  85 594 753 730]
forward,6,6,"[8192, 4096]",64.0,"[9552, 4096]",74.625,[547 567 540 593 704 511 675 559 695 593 602 654 625 465 568 654],[733 386 795 717 918  53 675 149 831 525 116 299  13 520 699 763]
forward,7,7,"[8192, 4096]",64.0,"[2874, 4096]",22.453125,[134 185 208 230 150 184 149 119 195 131 171 169 190 290 236 133],[652 245 828 811 579  22 559 119 794 646 133 571  19 561 718 935]
forward,8,8,"[8192, 4096]",64.0,"[11849, 4096]",92.5703125,[774 757 567 651 745 851 831 794 835 846 681 578 766 654 722 797],[632 408 588 728 688  55 695 195 835 691 121 433  40 599 760 724]
forward,9,9,"[8192, 4096]",64.0,"[9262, 4096]",72.359375,[845 472 369 507 545 565 525 646 691 497 759 682 494 461 633 571],[720 371 870 643 961  34 593 131 846 497 139 407  23 469 666 822]
forward,10,10,"[8192, 4096]",64.0,"[3071, 4096]",23.9921875,[ 68 255 297 341 154 226 116 133 121 139 175 203 161 300 226 156],[676 625 353 747 529  81 602 171 681 759 175 508  53 676 815 741]
forward,11,11,"[8192, 4096]",64.0,"[7468, 4096]",58.34375,[376 436 393 644 518 587 299 571 433 407 508 520 425 403 502 446],[624 840 402 674 708  94 654 169 578 682 203 520 117 544 698 685]
forward,12,12,"[8192, 4096]",64.0,"[932, 4096]",7.28125,[ 23  65  86  65  80  85  13  19  40  23  53 117  66  93  48  56],"[ 668  497  718  618 1016   83  625  190  766  494  161  425   66  449
  789  627]"
forward,13,13,"[8192, 4096]",64.0,"[8985, 4096]",70.1953125,[703 481 541 529 572 594 520 561 599 469 676 544 449 676 632 439],[667 783 428 595 576 141 465 290 654 461 300 403  93 676 891 769]
forward,14,14,"[8192, 4096]",64.0,"[12843, 4096]",100.3359375,"[ 808  834 1073  735  864  753  699  718  760  666  815  698  789  891
  811  929]",[538 463 600 713 675  46 568 236 722 633 226 502  48 632 811 779]
forward,15,15,"[8192, 4096]",64.0,"[11987, 4096]",93.6484375,[839 718 716 696 709 730 763 935 724 822 741 685 627 769 779 734],[535 691 449 649 871  82 654 133 797 571 156 446  56 439 929 734]
forward,0,0,[8192],0.015625,[10402],0.019840240478515625,[560 733 781 711 549 623 733 652 632 720 676 624 668 667 538 535],[560 452 601 813 582  67 547 134 774 845  68 376  23 703 808 839]
forward,1,1,[8192],0.015625,[8972],0.01711273193359375,[452 754 816 531 628 482 386 245 408 371 625 840 497 783 463 691],[733 754 349 606 805 175 567 185 757 472 255 436  65 481 834 718]
forward,2,2,[8192],0.015625,[8962],0.017093658447265625,[601 349 356 572 451 602 795 828 588 870 353 402 718 428 600 449],"[ 781  816  356  609  691  149  540  208  567  369  297  393   86  541
 1073  716]"
forward,3,3,[8192],0.015625,[11083],0.021139144897460938,[813 606 609 724 696 740 717 811 728 643 747 674 618 595 713 649],[711 531 572 724 595  68 593 230 651 507 341 644  65 529 735 696]
forward,4,4,[8192],0.015625,[11573],0.022073745727539062,"[ 582  805  691  595  774  605  918  579  688  961  529  708 1016  576
  675  871]",[549 628 451 696 774  53 704 150 745 545 154 518  80 572 864 709]
forward,5,5,[8192],0.015625,[1257],0.0023975372314453125,[ 67 175 149  68  53  54  53  22  55  34  81  94  83 141  46  82],[623 482 602 740 605  54 511 184 851 565 226 587  85 594 753 730]
forward,6,6,[8192],0.015625,[9552],0.018218994140625,[547 567 540 593 704 511 675 559 695 593 602 654 625 465 568 654],[733 386 795 717 918  53 675 149 831 525 116 299  13 520 699 763]
forward,7,7,[8192],0.015625,[2874],0.005481719970703125,[134 185 208 230 150 184 149 119 195 131 171 169 190 290 236 133],[652 245 828 811 579  22 559 119 794 646 133 571  19 561 718 935]
forward,8,8,[8192],0.015625,[11849],0.022600173950195312,[774 757 567 651 745 851 831 794 835 846 681 578 766 654 722 797],[632 408 588 728 688  55 695 195 835 691 121 433  40 599 760 724]
forward,9,9,[8192],0.015625,[9262],0.017665863037109375,[845 472 369 507 545 565 525 646 691 497 759 682 494 461 633 571],[720 371 870 643 961  34 593 131 846 497 139 407  23 469 666 822]
forward,10,10,[8192],0.015625,[3071],0.0058574676513671875,[ 68 255 297 341 154 226 116 133 121 139 175 203 161 300 226 156],[676 625 353 747 529  81 602 171 681 759 175 508  53 676 815 741]
forward,11,11,[8192],0.015625,[7468],0.01424407958984375,[376 436 393 644 518 587 299 571 433 407 508 520 425 403 502 446],[624 840 402 674 708  94 654 169 578 682 203 520 117 544 698 685]
forward,12,12,[8192],0.015625,[932],0.00177764892578125,[ 23  65  86  65  80  85  13  19  40  23  53 117  66  93  48  56],"[ 668  497  718  618 1016   83  625  190  766  494  161  425   66  449
  789  627]"
forward,13,13,[8192],0.015625,[8985],0.017137527465820312,[703 481 541 529 572 594 520 561 599 469 676 544 449 676 632 439],[667 783 428 595 576 141 465 290 654 461 300 403  93 676 891 769]
forward,14,14,[8192],0.015625,[12843],0.024496078491210938,"[ 808  834 1073  735  864  753  699  718  760  666  815  698  789  891
  811  929]",[538 463 600 713 675  46 568 236 722 633 226 502  48 632 811 779]
forward,15,15,[8192],0.015625,[11987],0.022863388061523438,[839 718 716 696 709 730 763 935 724 822 741 685 627 769 779 734],[535 691 449 649 871  82 654 133 797 571 156 446  56 439 929 734]
forward,0,0,"[10402, 4096]",81.265625,"[8192, 4096]",64.0,[560 452 601 813 582  67 547 134 774 845  68 376  23 703 808 839],[560 733 781 711 549 623 733 652 632 720 676 624 668 667 538 535]
forward,1,1,"[8972, 4096]",70.09375,"[8192, 4096]",64.0,[733 754 349 606 805 175 567 185 757 472 255 436  65 481 834 718],[452 754 816 531 628 482 386 245 408 371 625 840 497 783 463 691]
forward,2,2,"[8962, 4096]",70.015625,"[8192, 4096]",64.0,"[ 781  816  356  609  691  149  540  208  567  369  297  393   86  541
 1073  716]",[601 349 356 572 451 602 795 828 588 870 353 402 718 428 600 449]
forward,3,3,"[11083, 4096]",86.5859375,"[8192, 4096]",64.0,[711 531 572 724 595  68 593 230 651 507 341 644  65 529 735 696],[813 606 609 724 696 740 717 811 728 643 747 674 618 595 713 649]
forward,4,4,"[11573, 4096]",90.4140625,"[8192, 4096]",64.0,[549 628 451 696 774  53 704 150 745 545 154 518  80 572 864 709],"[ 582  805  691  595  774  605  918  579  688  961  529  708 1016  576
  675  871]"
forward,5,5,"[1257, 4096]",9.8203125,"[8192, 4096]",64.0,[623 482 602 740 605  54 511 184 851 565 226 587  85 594 753 730],[ 67 175 149  68  53  54  53  22  55  34  81  94  83 141  46  82]
forward,6,6,"[9552, 4096]",74.625,"[8192, 4096]",64.0,[733 386 795 717 918  53 675 149 831 525 116 299  13 520 699 763],[547 567 540 593 704 511 675 559 695 593 602 654 625 465 568 654]
forward,7,7,"[2874, 4096]",22.453125,"[8192, 4096]",64.0,[652 245 828 811 579  22 559 119 794 646 133 571  19 561 718 935],[134 185 208 230 150 184 149 119 195 131 171 169 190 290 236 133]
forward,8,8,"[11849, 4096]",92.5703125,"[8192, 4096]",64.0,[632 408 588 728 688  55 695 195 835 691 121 433  40 599 760 724],[774 757 567 651 745 851 831 794 835 846 681 578 766 654 722 797]
forward,9,9,"[9262, 4096]",72.359375,"[8192, 4096]",64.0,[720 371 870 643 961  34 593 131 846 497 139 407  23 469 666 822],[845 472 369 507 545 565 525 646 691 497 759 682 494 461 633 571]
forward,10,10,"[3071, 4096]",23.9921875,"[8192, 4096]",64.0,[676 625 353 747 529  81 602 171 681 759 175 508  53 676 815 741],[ 68 255 297 341 154 226 116 133 121 139 175 203 161 300 226 156]
forward,11,11,"[7468, 4096]",58.34375,"[8192, 4096]",64.0,[624 840 402 674 708  94 654 169 578 682 203 520 117 544 698 685],[376 436 393 644 518 587 299 571 433 407 508 520 425 403 502 446]
forward,12,12,"[932, 4096]",7.28125,"[8192, 4096]",64.0,"[ 668  497  718  618 1016   83  625  190  766  494  161  425   66  449
  789  627]",[ 23  65  86  65  80  85  13  19  40  23  53 117  66  93  48  56]
forward,13,13,"[8985, 4096]",70.1953125,"[8192, 4096]",64.0,[667 783 428 595 576 141 465 290 654 461 300 403  93 676 891 769],[703 481 541 529 572 594 520 561 599 469 676 544 449 676 632 439]
forward,14,14,"[12843, 4096]",100.3359375,"[8192, 4096]",64.0,[538 463 600 713 675  46 568 236 722 633 226 502  48 632 811 779],"[ 808  834 1073  735  864  753  699  718  760  666  815  698  789  891
  811  929]"
forward,15,15,"[11987, 4096]",93.6484375,"[8192, 4096]",64.0,[535 691 449 649 871  82 654 133 797 571 156 446  56 439 929 734],[839 718 716 696 709 730 763 935 724 822 741 685 627 769 779 734]
backward,0,0,"[8192, 4096]",64.0,"[10402, 4096]",81.265625,[560 733 781 711 549 623 733 652 632 720 676 624 668 667 538 535],[560 452 601 813 582  67 547 134 774 845  68 376  23 703 808 839]
backward,1,1,"[8192, 4096]",64.0,"[8972, 4096]",70.09375,[452 754 816 531 628 482 386 245 408 371 625 840 497 783 463 691],[733 754 349 606 805 175 567 185 757 472 255 436  65 481 834 718]
backward,2,2,"[8192, 4096]",64.0,"[8962, 4096]",70.015625,[601 349 356 572 451 602 795 828 588 870 353 402 718 428 600 449],"[ 781  816  356  609  691  149  540  208  567  369  297  393   86  541
 1073  716]"
backward,3,3,"[8192, 4096]",64.0,"[11083, 4096]",86.5859375,[813 606 609 724 696 740 717 811 728 643 747 674 618 595 713 649],[711 531 572 724 595  68 593 230 651 507 341 644  65 529 735 696]
backward,4,4,"[8192, 4096]",64.0,"[11573, 4096]",90.4140625,"[ 582  805  691  595  774  605  918  579  688  961  529  708 1016  576
  675  871]",[549 628 451 696 774  53 704 150 745 545 154 518  80 572 864 709]
backward,5,5,"[8192, 4096]",64.0,"[1257, 4096]",9.8203125,[ 67 175 149  68  53  54  53  22  55  34  81  94  83 141  46  82],[623 482 602 740 605  54 511 184 851 565 226 587  85 594 753 730]
backward,6,6,"[8192, 4096]",64.0,"[9552, 4096]",74.625,[547 567 540 593 704 511 675 559 695 593 602 654 625 465 568 654],[733 386 795 717 918  53 675 149 831 525 116 299  13 520 699 763]
backward,7,7,"[8192, 4096]",64.0,"[2874, 4096]",22.453125,[134 185 208 230 150 184 149 119 195 131 171 169 190 290 236 133],[652 245 828 811 579  22 559 119 794 646 133 571  19 561 718 935]
backward,8,8,"[8192, 4096]",64.0,"[11849, 4096]",92.5703125,[774 757 567 651 745 851 831 794 835 846 681 578 766 654 722 797],[632 408 588 728 688  55 695 195 835 691 121 433  40 599 760 724]
backward,9,9,"[8192, 4096]",64.0,"[9262, 4096]",72.359375,[845 472 369 507 545 565 525 646 691 497 759 682 494 461 633 571],[720 371 870 643 961  34 593 131 846 497 139 407  23 469 666 822]
backward,10,10,"[8192, 4096]",64.0,"[3071, 4096]",23.9921875,[ 68 255 297 341 154 226 116 133 121 139 175 203 161 300 226 156],[676 625 353 747 529  81 602 171 681 759 175 508  53 676 815 741]
backward,11,11,"[8192, 4096]",64.0,"[7468, 4096]",58.34375,[376 436 393 644 518 587 299 571 433 407 508 520 425 403 502 446],[624 840 402 674 708  94 654 169 578 682 203 520 117 544 698 685]
backward,12,12,"[8192, 4096]",64.0,"[932, 4096]",7.28125,[ 23  65  86  65  80  85  13  19  40  23  53 117  66  93  48  56],"[ 668  497  718  618 1016   83  625  190  766  494  161  425   66  449
  789  627]"
backward,13,13,"[8192, 4096]",64.0,"[8985, 4096]",70.1953125,[703 481 541 529 572 594 520 561 599 469 676 544 449 676 632 439],[667 783 428 595 576 141 465 290 654 461 300 403  93 676 891 769]
backward,14,14,"[8192, 4096]",64.0,"[12843, 4096]",100.3359375,"[ 808  834 1073  735  864  753  699  718  760  666  815  698  789  891
  811  929]",[538 463 600 713 675  46 568 236 722 633 226 502  48 632 811 779]
backward,15,15,"[8192, 4096]",64.0,"[11987, 4096]",93.6484375,[839 718 716 696 709 730 763 935 724 822 741 685 627 769 779 734],[535 691 449 649 871  82 654 133 797 571 156 446  56 439 929 734]
backward,0,0,[10402],0.019840240478515625,[8192],0.015625,[560 452 601 813 582  67 547 134 774 845  68 376  23 703 808 839],[560 733 781 711 549 623 733 652 632 720 676 624 668 667 538 535]
backward,1,1,[8972],0.01711273193359375,[8192],0.015625,[733 754 349 606 805 175 567 185 757 472 255 436  65 481 834 718],[452 754 816 531 628 482 386 245 408 371 625 840 497 783 463 691]
backward,2,2,[8962],0.017093658447265625,[8192],0.015625,"[ 781  816  356  609  691  149  540  208  567  369  297  393   86  541
 1073  716]",[601 349 356 572 451 602 795 828 588 870 353 402 718 428 600 449]
backward,3,3,[11083],0.021139144897460938,[8192],0.015625,[711 531 572 724 595  68 593 230 651 507 341 644  65 529 735 696],[813 606 609 724 696 740 717 811 728 643 747 674 618 595 713 649]
backward,4,4,[11573],0.022073745727539062,[8192],0.015625,[549 628 451 696 774  53 704 150 745 545 154 518  80 572 864 709],"[ 582  805  691  595  774  605  918  579  688  961  529  708 1016  576
  675  871]"
backward,5,5,[1257],0.0023975372314453125,[8192],0.015625,[623 482 602 740 605  54 511 184 851 565 226 587  85 594 753 730],[ 67 175 149  68  53  54  53  22  55  34  81  94  83 141  46  82]
backward,6,6,[9552],0.018218994140625,[8192],0.015625,[733 386 795 717 918  53 675 149 831 525 116 299  13 520 699 763],[547 567 540 593 704 511 675 559 695 593 602 654 625 465 568 654]
backward,7,7,[2874],0.005481719970703125,[8192],0.015625,[652 245 828 811 579  22 559 119 794 646 133 571  19 561 718 935],[134 185 208 230 150 184 149 119 195 131 171 169 190 290 236 133]
backward,8,8,[11849],0.022600173950195312,[8192],0.015625,[632 408 588 728 688  55 695 195 835 691 121 433  40 599 760 724],[774 757 567 651 745 851 831 794 835 846 681 578 766 654 722 797]
backward,9,9,[9262],0.017665863037109375,[8192],0.015625,[720 371 870 643 961  34 593 131 846 497 139 407  23 469 666 822],[845 472 369 507 545 565 525 646 691 497 759 682 494 461 633 571]
backward,10,10,[3071],0.0058574676513671875,[8192],0.015625,[676 625 353 747 529  81 602 171 681 759 175 508  53 676 815 741],[ 68 255 297 341 154 226 116 133 121 139 175 203 161 300 226 156]
backward,11,11,[7468],0.01424407958984375,[8192],0.015625,[624 840 402 674 708  94 654 169 578 682 203 520 117 544 698 685],[376 436 393 644 518 587 299 571 433 407 508 520 425 403 502 446]
backward,12,12,[932],0.00177764892578125,[8192],0.015625,"[ 668  497  718  618 1016   83  625  190  766  494  161  425   66  449
  789  627]",[ 23  65  86  65  80  85  13  19  40  23  53 117  66  93  48  56]
backward,13,13,[8985],0.017137527465820312,[8192],0.015625,[667 783 428 595 576 141 465 290 654 461 300 403  93 676 891 769],[703 481 541 529 572 594 520 561 599 469 676 544 449 676 632 439]
backward,14,14,[12843],0.024496078491210938,[8192],0.015625,[538 463 600 713 675  46 568 236 722 633 226 502  48 632 811 779],"[ 808  834 1073  735  864  753  699  718  760  666  815  698  789  891
  811  929]"
backward,15,15,[11987],0.022863388061523438,[8192],0.015625,[535 691 449 649 871  82 654 133 797 571 156 446  56 439 929 734],[839 718 716 696 709 730 763 935 724 822 741 685 627 769 779 734]
backward,0,0,"[10402, 4096]",81.265625,"[8192, 4096]",64.0,[560 452 601 813 582  67 547 134 774 845  68 376  23 703 808 839],[560 733 781 711 549 623 733 652 632 720 676 624 668 667 538 535]
backward,1,1,"[8972, 4096]",70.09375,"[8192, 4096]",64.0,[733 754 349 606 805 175 567 185 757 472 255 436  65 481 834 718],[452 754 816 531 628 482 386 245 408 371 625 840 497 783 463 691]
backward,2,2,"[8962, 4096]",70.015625,"[8192, 4096]",64.0,"[ 781  816  356  609  691  149  540  208  567  369  297  393   86  541
 1073  716]",[601 349 356 572 451 602 795 828 588 870 353 402 718 428 600 449]
backward,3,3,"[11083, 4096]",86.5859375,"[8192, 4096]",64.0,[711 531 572 724 595  68 593 230 651 507 341 644  65 529 735 696],[813 606 609 724 696 740 717 811 728 643 747 674 618 595 713 649]
backward,4,4,"[11573, 4096]",90.4140625,"[8192, 4096]",64.0,[549 628 451 696 774  53 704 150 745 545 154 518  80 572 864 709],"[ 582  805  691  595  774  605  918  579  688  961  529  708 1016  576
  675  871]"
backward,5,5,"[1257, 4096]",9.8203125,"[8192, 4096]",64.0,[623 482 602 740 605  54 511 184 851 565 226 587  85 594 753 730],[ 67 175 149  68  53  54  53  22  55  34  81  94  83 141  46  82]
backward,6,6,"[9552, 4096]",74.625,"[8192, 4096]",64.0,[733 386 795 717 918  53 675 149 831 525 116 299  13 520 699 763],[547 567 540 593 704 511 675 559 695 593 602 654 625 465 568 654]
backward,7,7,"[2874, 4096]",22.453125,"[8192, 4096]",64.0,[652 245 828 811 579  22 559 119 794 646 133 571  19 561 718 935],[134 185 208 230 150 184 149 119 195 131 171 169 190 290 236 133]
backward,8,8,"[11849, 4096]",92.5703125,"[8192, 4096]",64.0,[632 408 588 728 688  55 695 195 835 691 121 433  40 599 760 724],[774 757 567 651 745 851 831 794 835 846 681 578 766 654 722 797]
backward,9,9,"[9262, 4096]",72.359375,"[8192, 4096]",64.0,[720 371 870 643 961  34 593 131 846 497 139 407  23 469 666 822],[845 472 369 507 545 565 525 646 691 497 759 682 494 461 633 571]
backward,10,10,"[3071, 4096]",23.9921875,"[8192, 4096]",64.0,[676 625 353 747 529  81 602 171 681 759 175 508  53 676 815 741],[ 68 255 297 341 154 226 116 133 121 139 175 203 161 300 226 156]
backward,11,11,"[7468, 4096]",58.34375,"[8192, 4096]",64.0,[624 840 402 674 708  94 654 169 578 682 203 520 117 544 698 685],[376 436 393 644 518 587 299 571 433 407 508 520 425 403 502 446]
backward,12,12,"[932, 4096]",7.28125,"[8192, 4096]",64.0,"[ 668  497  718  618 1016   83  625  190  766  494  161  425   66  449
  789  627]",[ 23  65  86  65  80  85  13  19  40  23  53 117  66  93  48  56]
backward,13,13,"[8985, 4096]",70.1953125,"[8192, 4096]",64.0,[667 783 428 595 576 141 465 290 654 461 300 403  93 676 891 769],[703 481 541 529 572 594 520 561 599 469 676 544 449 676 632 439]
backward,14,14,"[12843, 4096]",100.3359375,"[8192, 4096]",64.0,[538 463 600 713 675  46 568 236 722 633 226 502  48 632 811 779],"[ 808  834 1073  735  864  753  699  718  760  666  815  698  789  891
  811  929]"
backward,15,15,"[11987, 4096]",93.6484375,"[8192, 4096]",64.0,[535 691 449 649 871  82 654 133 797 571 156 446  56 439 929 734],[839 718 716 696 709 730 763 935 724 822 741 685 627 769 779 734]
backward,0,0,"[8192, 4096]",64.0,"[9441, 4096]",73.7578125,[559 607 599 639 636 681 503 495 623 527 522 608 607 633 595 607],[559 664 456 481 387 496 191 719 591 610 508 422 585 617 571 335]
backward,1,1,"[8192, 4096]",64.0,"[8447, 4096]",65.9921875,[664 417 467 522 467 526 563 648 546 582 526 435 524 602 603 355],[607 417 625 560 417 582 131 661 495 658 521 585 520 518 624 271]
backward,2,2,"[8192, 4096]",64.0,"[9235, 4096]",72.1484375,[456 625 763 551 668 551 478 451 392 435 558 622 622 705 540 818],[599 467 763 430 353 487  88 714 465 659 664 573 627 370 607 326]
backward,3,3,"[8192, 4096]",64.0,"[7995, 4096]",62.4609375,[481 560 430 521 501 490 503 505 461 501 580 590 459 446 547 420],[639 522 551 521 309 505 126 566 491 719 503 735 601 467 578 359]
backward,4,4,"[8192, 4096]",64.0,"[7379, 4096]",57.6484375,[387 417 353 309 528 423 456 396 589 601 409 469 558 341 495 648],[636 467 668 501 528 586 192 601 596 602 506 371 502 610 570 256]
backward,5,5,"[8192, 4096]",64.0,"[9454, 4096]",73.859375,[496 582 487 505 586 565 672 600 662 730 525 681 723 422 588 630],[681 526 551 490 423 565 188 604 530 632 394 524 513 616 641 314]
backward,6,6,"[8192, 4096]",64.0,"[2817, 4096]",22.0078125,[191 131  88 126 192 188 172 244 273 158 199 215 124 127 228 161],[503 563 478 503 456 672 172 636 620 636 598 377 422 612 642 302]
backward,7,7,"[8192, 4096]",64.0,"[9662, 4096]",75.484375,[719 661 714 566 601 604 636 547 606 570 631 513 524 615 641 514],[495 648 451 505 396 600 244 547 494 715 372 527 508 660 660 370]
backward,8,8,"[8192, 4096]",64.0,"[8868, 4096]",69.28125,[591 495 465 491 596 530 620 494 596 643 581 577 595 379 550 665],[623 546 392 461 589 662 273 606 596 717 382 388 384 721 551 301]
backward,9,9,"[8192, 4096]",64.0,"[10217, 4096]",79.8203125,[610 658 659 719 602 632 636 715 717 714 640 597 621 583 531 583],[527 582 435 501 601 730 158 570 643 714 538 477 394 531 514 277]
backward,10,10,"[8192, 4096]",64.0,"[8337, 4096]",65.1328125,[508 521 664 503 506 394 598 372 382 538 372 602 673 602 406 696],[522 526 558 580 409 525 199 631 581 640 372 562 647 579 489 372]
backward,11,11,"[8192, 4096]",64.0,"[7780, 4096]",60.78125,[422 585 573 735 371 524 377 527 388 477 562 461 405 641 368 364],[608 435 622 590 469 681 215 513 577 597 602 461 522 632 444 224]
backward,12,12,"[8192, 4096]",64.0,"[8448, 4096]",66.0,[585 520 627 601 502 513 422 508 384 394 647 522 409 749 544 521],[607 524 622 459 558 723 124 524 595 621 673 405 409 543 576 229]
backward,13,13,"[8192, 4096]",64.0,"[8862, 4096]",69.234375,[617 518 370 467 610 616 612 660 721 531 579 632 543 343 543 500],[633 602 705 446 341 422 127 615 379 583 602 641 749 343 603 401]
backward,14,14,"[8192, 4096]",64.0,"[9174, 4096]",71.671875,[571 624 607 578 570 641 642 660 551 514 489 444 576 603 616 488],[595 603 540 547 495 588 228 641 550 531 406 368 544 543 616 397]
backward,15,15,"[8192, 4096]",64.0,"[4956, 4096]",38.71875,[335 271 326 359 256 314 302 370 301 277 372 224 229 401 397 222],[607 355 818 420 648 630 161 514 665 583 696 364 521 500 488 222]
backward,0,0,[9441],0.018007278442382812,[8192],0.015625,[559 664 456 481 387 496 191 719 591 610 508 422 585 617 571 335],[559 607 599 639 636 681 503 495 623 527 522 608 607 633 595 607]
backward,1,1,[8447],0.016111373901367188,[8192],0.015625,[607 417 625 560 417 582 131 661 495 658 521 585 520 518 624 271],[664 417 467 522 467 526 563 648 546 582 526 435 524 602 603 355]
backward,2,2,[9235],0.017614364624023438,[8192],0.015625,[599 467 763 430 353 487  88 714 465 659 664 573 627 370 607 326],[456 625 763 551 668 551 478 451 392 435 558 622 622 705 540 818]
backward,3,3,[7995],0.015249252319335938,[8192],0.015625,[639 522 551 521 309 505 126 566 491 719 503 735 601 467 578 359],[481 560 430 521 501 490 503 505 461 501 580 590 459 446 547 420]
backward,4,4,[7379],0.014074325561523438,[8192],0.015625,[636 467 668 501 528 586 192 601 596 602 506 371 502 610 570 256],[387 417 353 309 528 423 456 396 589 601 409 469 558 341 495 648]
backward,5,5,[9454],0.018032073974609375,[8192],0.015625,[681 526 551 490 423 565 188 604 530 632 394 524 513 616 641 314],[496 582 487 505 586 565 672 600 662 730 525 681 723 422 588 630]
backward,6,6,[2817],0.0053730010986328125,[8192],0.015625,[503 563 478 503 456 672 172 636 620 636 598 377 422 612 642 302],[191 131  88 126 192 188 172 244 273 158 199 215 124 127 228 161]
backward,7,7,[9662],0.018428802490234375,[8192],0.015625,[495 648 451 505 396 600 244 547 494 715 372 527 508 660 660 370],[719 661 714 566 601 604 636 547 606 570 631 513 524 615 641 514]
backward,8,8,[8868],0.01691436767578125,[8192],0.015625,[623 546 392 461 589 662 273 606 596 717 382 388 384 721 551 301],[591 495 465 491 596 530 620 494 596 643 581 577 595 379 550 665]
backward,9,9,[10217],0.019487380981445312,[8192],0.015625,[527 582 435 501 601 730 158 570 643 714 538 477 394 531 514 277],[610 658 659 719 602 632 636 715 717 714 640 597 621 583 531 583]
backward,10,10,[8337],0.015901565551757812,[8192],0.015625,[522 526 558 580 409 525 199 631 581 640 372 562 647 579 489 372],[508 521 664 503 506 394 598 372 382 538 372 602 673 602 406 696]
backward,11,11,[7780],0.01483917236328125,[8192],0.015625,[608 435 622 590 469 681 215 513 577 597 602 461 522 632 444 224],[422 585 573 735 371 524 377 527 388 477 562 461 405 641 368 364]
backward,12,12,[8448],0.01611328125,[8192],0.015625,[607 524 622 459 558 723 124 524 595 621 673 405 409 543 576 229],[585 520 627 601 502 513 422 508 384 394 647 522 409 749 544 521]
backward,13,13,[8862],0.016902923583984375,[8192],0.015625,[633 602 705 446 341 422 127 615 379 583 602 641 749 343 603 401],[617 518 370 467 610 616 612 660 721 531 579 632 543 343 543 500]
backward,14,14,[9174],0.017498016357421875,[8192],0.015625,[595 603 540 547 495 588 228 641 550 531 406 368 544 543 616 397],[571 624 607 578 570 641 642 660 551 514 489 444 576 603 616 488]
backward,15,15,[4956],0.00945281982421875,[8192],0.015625,[607 355 818 420 648 630 161 514 665 583 696 364 521 500 488 222],[335 271 326 359 256 314 302 370 301 277 372 224 229 401 397 222]
backward,0,0,"[9441, 4096]",73.7578125,"[8192, 4096]",64.0,[559 664 456 481 387 496 191 719 591 610 508 422 585 617 571 335],[559 607 599 639 636 681 503 495 623 527 522 608 607 633 595 607]
backward,1,1,"[8447, 4096]",65.9921875,"[8192, 4096]",64.0,[607 417 625 560 417 582 131 661 495 658 521 585 520 518 624 271],[664 417 467 522 467 526 563 648 546 582 526 435 524 602 603 355]
backward,2,2,"[9235, 4096]",72.1484375,"[8192, 4096]",64.0,[599 467 763 430 353 487  88 714 465 659 664 573 627 370 607 326],[456 625 763 551 668 551 478 451 392 435 558 622 622 705 540 818]
backward,3,3,"[7995, 4096]",62.4609375,"[8192, 4096]",64.0,[639 522 551 521 309 505 126 566 491 719 503 735 601 467 578 359],[481 560 430 521 501 490 503 505 461 501 580 590 459 446 547 420]
backward,4,4,"[7379, 4096]",57.6484375,"[8192, 4096]",64.0,[636 467 668 501 528 586 192 601 596 602 506 371 502 610 570 256],[387 417 353 309 528 423 456 396 589 601 409 469 558 341 495 648]
backward,5,5,"[9454, 4096]",73.859375,"[8192, 4096]",64.0,[681 526 551 490 423 565 188 604 530 632 394 524 513 616 641 314],[496 582 487 505 586 565 672 600 662 730 525 681 723 422 588 630]
backward,6,6,"[2817, 4096]",22.0078125,"[8192, 4096]",64.0,[503 563 478 503 456 672 172 636 620 636 598 377 422 612 642 302],[191 131  88 126 192 188 172 244 273 158 199 215 124 127 228 161]
backward,7,7,"[9662, 4096]",75.484375,"[8192, 4096]",64.0,[495 648 451 505 396 600 244 547 494 715 372 527 508 660 660 370],[719 661 714 566 601 604 636 547 606 570 631 513 524 615 641 514]
backward,8,8,"[8868, 4096]",69.28125,"[8192, 4096]",64.0,[623 546 392 461 589 662 273 606 596 717 382 388 384 721 551 301],[591 495 465 491 596 530 620 494 596 643 581 577 595 379 550 665]
backward,9,9,"[10217, 4096]",79.8203125,"[8192, 4096]",64.0,[527 582 435 501 601 730 158 570 643 714 538 477 394 531 514 277],[610 658 659 719 602 632 636 715 717 714 640 597 621 583 531 583]
backward,10,10,"[8337, 4096]",65.1328125,"[8192, 4096]",64.0,[522 526 558 580 409 525 199 631 581 640 372 562 647 579 489 372],[508 521 664 503 506 394 598 372 382 538 372 602 673 602 406 696]
backward,11,11,"[7780, 4096]",60.78125,"[8192, 4096]",64.0,[608 435 622 590 469 681 215 513 577 597 602 461 522 632 444 224],[422 585 573 735 371 524 377 527 388 477 562 461 405 641 368 364]
backward,12,12,"[8448, 4096]",66.0,"[8192, 4096]",64.0,[607 524 622 459 558 723 124 524 595 621 673 405 409 543 576 229],[585 520 627 601 502 513 422 508 384 394 647 522 409 749 544 521]
backward,13,13,"[8862, 4096]",69.234375,"[8192, 4096]",64.0,[633 602 705 446 341 422 127 615 379 583 602 641 749 343 603 401],[617 518 370 467 610 616 612 660 721 531 579 632 543 343 543 500]
backward,14,14,"[9174, 4096]",71.671875,"[8192, 4096]",64.0,[595 603 540 547 495 588 228 641 550 531 406 368 544 543 616 397],[571 624 607 578 570 641 642 660 551 514 489 444 576 603 616 488]
backward,15,15,"[4956, 4096]",38.71875,"[8192, 4096]",64.0,[607 355 818 420 648 630 161 514 665 583 696 364 521 500 488 222],[335 271 326 359 256 314 302 370 301 277 372 224 229 401 397 222]
backward,0,0,"[8192, 4096]",64.0,"[8728, 4096]",68.1875,[567 422 521 502 458 521 610 583 560 641 562 507 582 596 608 488],[567 575 530 535 524 422 589 507 524 417 557 363 565 615 494 408]
backward,1,1,"[8192, 4096]",64.0,"[8020, 4096]",62.65625,[575 498 441 530 486 531 473 482 497 450 545 497 457 609 538 411],[422 498 574 606 453 332 700 432 488 234 641 570 668 611 419 544]
backward,2,2,"[8192, 4096]",64.0,"[8562, 4096]",66.890625,[530 574 418 372 590 475 618 444 596 607 506 570 608 451 480 723],[521 441 418 714 373 323 623 394 469 290 864 589 683 608 305 577]
backward,3,3,"[8192, 4096]",64.0,"[10092, 4096]",78.84375,[535 606 714 639 624 548 591 583 641 648 622 722 674 625 610 710],[502 530 372 639 368 353 569 467 557 272 642 516 826 614 374 591]
backward,4,4,"[8192, 4096]",64.0,"[6663, 4096]",52.0546875,[524 453 373 368 381 440 434 468 440 381 466 416 319 409 456 335],[458 486 590 624 381 440 616 457 478 304 619 466 625 588 488 572]
backward,5,5,"[8192, 4096]",64.0,"[6404, 4096]",50.03125,[422 332 323 353 440 448 419 461 464 398 415 440 366 297 437 389],[521 531 475 548 440 448 652 426 541 288 538 512 647 637 431 557]
backward,6,6,"[8192, 4096]",64.0,"[10255, 4096]",80.1171875,[589 700 623 569 616 652 588 742 738 640 574 667 736 431 649 741],[610 473 618 591 434 419 588 573 497 298 490 391 548 608 557 497]
backward,7,7,"[8192, 4096]",64.0,"[7437, 4096]",58.1015625,[507 432 394 467 457 426 573 502 472 554 483 472 417 372 451 458],[583 482 444 583 468 461 742 502 520 413 321 350 542 600 543 638]
backward,8,8,"[8192, 4096]",64.0,"[8175, 4096]",63.8671875,[524 488 469 557 478 541 497 520 557 518 607 524 513 464 489 429],[560 497 596 641 440 464 738 472 557 308 403 337 604 551 494 530]
backward,9,9,"[8192, 4096]",64.0,"[4956, 4096]",38.71875,[417 234 290 272 304 288 298 413 308 300 319 239 246 365 379 284],[641 450 607 648 381 398 640 554 518 300 503 375 602 524 505 546]
backward,10,10,"[8192, 4096]",64.0,"[9449, 4096]",73.8203125,[557 641 864 642 619 538 490 321 403 503 563 657 683 779 483 706],[562 545 506 622 466 415 574 483 607 319 563 409 644 577 388 512]
backward,11,11,"[8192, 4096]",64.0,"[7157, 4096]",55.9140625,[363 570 589 516 466 512 391 350 337 375 409 455 420 541 453 410],[507 497 570 722 416 440 667 472 524 239 657 455 694 444 373 515]
backward,12,12,"[8192, 4096]",64.0,"[10088, 4096]",78.8125,[565 668 683 826 625 647 548 542 604 602 644 694 628 572 581 659],[582 457 608 674 319 366 736 417 513 246 683 420 628 493 404 646]
backward,13,13,"[8192, 4096]",64.0,"[9351, 4096]",73.0546875,[615 611 608 614 588 637 608 600 551 524 577 444 493 791 554 536],[596 609 451 625 409 297 431 372 464 365 779 541 572 791 417 473]
backward,14,14,"[8192, 4096]",64.0,"[7085, 4096]",55.3515625,[494 419 305 374 488 431 557 543 494 505 388 373 404 417 532 361],[608 538 480 610 456 437 649 451 489 379 483 453 581 554 532 492]
backward,15,15,"[8192, 4096]",64.0,"[8650, 4096]",67.578125,[408 544 577 591 572 557 497 638 530 546 512 515 646 473 492 552],[488 411 723 710 335 389 741 458 429 284 706 410 659 536 361 552]
backward,0,0,[8728],0.0166473388671875,[8192],0.015625,[567 575 530 535 524 422 589 507 524 417 557 363 565 615 494 408],[567 422 521 502 458 521 610 583 560 641 562 507 582 596 608 488]
backward,1,1,[8020],0.01529693603515625,[8192],0.015625,[422 498 574 606 453 332 700 432 488 234 641 570 668 611 419 544],[575 498 441 530 486 531 473 482 497 450 545 497 457 609 538 411]
backward,2,2,[8562],0.016330718994140625,[8192],0.015625,[521 441 418 714 373 323 623 394 469 290 864 589 683 608 305 577],[530 574 418 372 590 475 618 444 596 607 506 570 608 451 480 723]
backward,3,3,[10092],0.01924896240234375,[8192],0.015625,[502 530 372 639 368 353 569 467 557 272 642 516 826 614 374 591],[535 606 714 639 624 548 591 583 641 648 622 722 674 625 610 710]
backward,4,4,[6663],0.012708663940429688,[8192],0.015625,[458 486 590 624 381 440 616 457 478 304 619 466 625 588 488 572],[524 453 373 368 381 440 434 468 440 381 466 416 319 409 456 335]
backward,5,5,[6404],0.01221466064453125,[8192],0.015625,[521 531 475 548 440 448 652 426 541 288 538 512 647 637 431 557],[422 332 323 353 440 448 419 461 464 398 415 440 366 297 437 389]
backward,6,6,[10255],0.019559860229492188,[8192],0.015625,[610 473 618 591 434 419 588 573 497 298 490 391 548 608 557 497],[589 700 623 569 616 652 588 742 738 640 574 667 736 431 649 741]
backward,7,7,[7437],0.014184951782226562,[8192],0.015625,[583 482 444 583 468 461 742 502 520 413 321 350 542 600 543 638],[507 432 394 467 457 426 573 502 472 554 483 472 417 372 451 458]
backward,8,8,[8175],0.015592575073242188,[8192],0.015625,[560 497 596 641 440 464 738 472 557 308 403 337 604 551 494 530],[524 488 469 557 478 541 497 520 557 518 607 524 513 464 489 429]
backward,9,9,[4956],0.00945281982421875,[8192],0.015625,[641 450 607 648 381 398 640 554 518 300 503 375 602 524 505 546],[417 234 290 272 304 288 298 413 308 300 319 239 246 365 379 284]
backward,10,10,[9449],0.018022537231445312,[8192],0.015625,[562 545 506 622 466 415 574 483 607 319 563 409 644 577 388 512],[557 641 864 642 619 538 490 321 403 503 563 657 683 779 483 706]
backward,11,11,[7157],0.013650894165039062,[8192],0.015625,[507 497 570 722 416 440 667 472 524 239 657 455 694 444 373 515],[363 570 589 516 466 512 391 350 337 375 409 455 420 541 453 410]
backward,12,12,[10088],0.0192413330078125,[8192],0.015625,[582 457 608 674 319 366 736 417 513 246 683 420 628 493 404 646],[565 668 683 826 625 647 548 542 604 602 644 694 628 572 581 659]
backward,13,13,[9351],0.017835617065429688,[8192],0.015625,[596 609 451 625 409 297 431 372 464 365 779 541 572 791 417 473],[615 611 608 614 588 637 608 600 551 524 577 444 493 791 554 536]
backward,14,14,[7085],0.013513565063476562,[8192],0.015625,[608 538 480 610 456 437 649 451 489 379 483 453 581 554 532 492],[494 419 305 374 488 431 557 543 494 505 388 373 404 417 532 361]
backward,15,15,[8650],0.016498565673828125,[8192],0.015625,[488 411 723 710 335 389 741 458 429 284 706 410 659 536 361 552],[408 544 577 591 572 557 497 638 530 546 512 515 646 473 492 552]
backward,0,0,"[8728, 4096]",68.1875,"[8192, 4096]",64.0,[567 575 530 535 524 422 589 507 524 417 557 363 565 615 494 408],[567 422 521 502 458 521 610 583 560 641 562 507 582 596 608 488]
backward,1,1,"[8020, 4096]",62.65625,"[8192, 4096]",64.0,[422 498 574 606 453 332 700 432 488 234 641 570 668 611 419 544],[575 498 441 530 486 531 473 482 497 450 545 497 457 609 538 411]
backward,2,2,"[8562, 4096]",66.890625,"[8192, 4096]",64.0,[521 441 418 714 373 323 623 394 469 290 864 589 683 608 305 577],[530 574 418 372 590 475 618 444 596 607 506 570 608 451 480 723]
backward,3,3,"[10092, 4096]",78.84375,"[8192, 4096]",64.0,[502 530 372 639 368 353 569 467 557 272 642 516 826 614 374 591],[535 606 714 639 624 548 591 583 641 648 622 722 674 625 610 710]
backward,4,4,"[6663, 4096]",52.0546875,"[8192, 4096]",64.0,[458 486 590 624 381 440 616 457 478 304 619 466 625 588 488 572],[524 453 373 368 381 440 434 468 440 381 466 416 319 409 456 335]
backward,5,5,"[6404, 4096]",50.03125,"[8192, 4096]",64.0,[521 531 475 548 440 448 652 426 541 288 538 512 647 637 431 557],[422 332 323 353 440 448 419 461 464 398 415 440 366 297 437 389]
backward,6,6,"[10255, 4096]",80.1171875,"[8192, 4096]",64.0,[610 473 618 591 434 419 588 573 497 298 490 391 548 608 557 497],[589 700 623 569 616 652 588 742 738 640 574 667 736 431 649 741]
backward,7,7,"[7437, 4096]",58.1015625,"[8192, 4096]",64.0,[583 482 444 583 468 461 742 502 520 413 321 350 542 600 543 638],[507 432 394 467 457 426 573 502 472 554 483 472 417 372 451 458]
backward,8,8,"[8175, 4096]",63.8671875,"[8192, 4096]",64.0,[560 497 596 641 440 464 738 472 557 308 403 337 604 551 494 530],[524 488 469 557 478 541 497 520 557 518 607 524 513 464 489 429]
backward,9,9,"[4956, 4096]",38.71875,"[8192, 4096]",64.0,[641 450 607 648 381 398 640 554 518 300 503 375 602 524 505 546],[417 234 290 272 304 288 298 413 308 300 319 239 246 365 379 284]
backward,10,10,"[9449, 4096]",73.8203125,"[8192, 4096]",64.0,[562 545 506 622 466 415 574 483 607 319 563 409 644 577 388 512],[557 641 864 642 619 538 490 321 403 503 563 657 683 779 483 706]
backward,11,11,"[7157, 4096]",55.9140625,"[8192, 4096]",64.0,[507 497 570 722 416 440 667 472 524 239 657 455 694 444 373 515],[363 570 589 516 466 512 391 350 337 375 409 455 420 541 453 410]
backward,12,12,"[10088, 4096]",78.8125,"[8192, 4096]",64.0,[582 457 608 674 319 366 736 417 513 246 683 420 628 493 404 646],[565 668 683 826 625 647 548 542 604 602 644 694 628 572 581 659]
backward,13,13,"[9351, 4096]",73.0546875,"[8192, 4096]",64.0,[596 609 451 625 409 297 431 372 464 365 779 541 572 791 417 473],[615 611 608 614 588 637 608 600 551 524 577 444 493 791 554 536]
backward,14,14,"[7085, 4096]",55.3515625,"[8192, 4096]",64.0,[608 538 480 610 456 437 649 451 489 379 483 453 581 554 532 492],[494 419 305 374 488 431 557 543 494 505 388 373 404 417 532 361]
backward,15,15,"[8650, 4096]",67.578125,"[8192, 4096]",64.0,[488 411 723 710 335 389 741 458 429 284 706 410 659 536 361 552],[408 544 577 591 572 557 497 638 530 546 512 515 646 473 492 552]
